"Status","Restaurant Name","slug","Restaurants (Item)","map_area","map_area_slug","location_label","subarea","address","phone","website","price","notes","hours","Restaurants (List)","List Image","Detail Image","Logo","Vibe","Cuisine Type","Meal Type","Food Type","googlePlaceId","Happy Hour (drinks)","Happy Hour (food)","Live Music","Outdoor Dining","Our Favorite","Reservations","Video","Facebook URL","Instagram","Kid Friendly","Category","Search Terms","ID","Created Date","Updated Date","Owner","Waterview","Publish Date","Unpublish Date"
"PUBLISHED","Waffle House Miramar Beach","waffle-house-miramar-beach-miramar-beach","/restaurants/waffle-house-miramar-beach","Miramar Beach","miramar-beach","Miramar Beach | US 98",,"{""subdivisions"":[{""code"":""FL"",""name"":""Florida"",""type"":""ADMINISTRATIVE_AREA_LEVEL_1""},{""code"":""Walton County"",""name"":""Walton County"",""type"":""ADMINISTRATIVE_AREA_LEVEL_2""},{""code"":""Miramar Beach"",""name"":""Miramar Beach"",""type"":""ADMINISTRATIVE_AREA_LEVEL_3""},{""code"":""US"",""name"":""United States"",""type"":""COUNTRY""}],""city"":""Miramar Beach"",""location"":{""latitude"":30.377610299999997,""longitude"":-86.3515554},""countryFullname"":""United States"",""streetAddress"":{""apt"":""9"",""name"":""Highway 2378"",""number"":""130""},""formatted"":""130 Hwy 2378 #9, Miramar Beach, FL 32550"",""country"":""US"",""postalCode"":""32550"",""subdivision"":""FL""}","(850) 654-5837","https://locations.wafflehouse.com/miramarbeach-fl-788","$","Waffle House Miramar Beach is a fast-casual option in Miramar Beach | US 98 for breakfast, lunch, or an easy meal on the go.","Mon: Open 24 hours; Tue: Open 24 hours; Wed: Open 24 hours; Thu: Open 24 hours; Fri: Open 24 hours; Sat: Open 24 hours; Sun: Open 24 hours","/restaurants1/",,,,"[""Fast Casual""]","[""American""]","[""Breakfast"",""Lunch"",""Dinner""]","[""Breakfast Spot""]","ChIJuUVGPvFbkYgRRY7V7Fu-SL0","[""In Review""]","[""In Review""]","[""In Review""]","[""No""]","[""In Review""]","[""No""]","[""Coming Soon""]",,,"[""Yes""]","[""Restaurant""]","Waffle House Miramar Beach Breakfast Spot American Fast Casual Miramar Beach Miramar Beach | US 98","01472e16-1d00-4553-bbe8-9b4f318a0b2f",2026-05-16T20:53:08Z,2026-05-16T20:53:08Z,"de29ed44-ed1b-41d4-b93d-94f3e3c2dc4d","No",2026-05-16T20:53:08Z,
"PUBLISHED",,,"/restaurants/o-ku",,,,,,,,,,,"/restaurants1/",,,,,,,,,,,,,,,,,,,,,"0407e0a6-ba00-4afb-a669-b5f94ec37cb4",2026-04-19T20:00:16Z,2026-05-16T20:53:54Z,"de29ed44-ed1b-41d4-b93d-94f3e3c2dc4d",,2026-04-19T20:00:16Z,
"PUBLISHED","I Heart Mac & Cheese","i-heart-mac-and-cheese-destin-commons","/restaurants/i-heart-mac-%26-cheese","Destin Commons","destin-commons","Destin Commons",,"{""subdivisions"":[{""code"":""WA"",""name"":""Washington"",""type"":""ADMINISTRATIVE_AREA_LEVEL_1""},{""code"":""Pierce County"",""name"":""Pierce County"",""type"":""ADMINISTRATIVE_AREA_LEVEL_2""},{""code"":""Tacoma"",""name"":""Tacoma"",""type"":""ADMINISTRATIVE_AREA_LEVEL_3""},{""code"":""US"",""name"":""United States"",""type"":""COUNTRY""}],""city"":""Tacoma"",""location"":{""latitude"":47.2995157,""longitude"":-122.50478710000002},""countryFullname"":""United States"",""streetAddress"":{""apt"":""Suite 1B"",""name"":""Grand Loop"",""number"":""5109""},""formatted"":""5109 Grand Loop Suite 1B, Tacoma, WA 98407"",""country"":""US"",""postalCode"":""98407"",""subdivision"":""WA""}","(253) 800-0022","https://www.iheartmacandcheese.com/","$","I Heart Mac & Cheese is a fast-casual restaurant in Destin Commons, convenient for a quick lunch, dinner, or takeout.","Mon: 11:00 AM – 8:00 PM; Tue: 11:00 AM – 8:00 PM; Wed: 11:00 AM – 8:00 PM; Thu: 11:00 AM – 8:00 PM; Fri: 11:00 AM – 8:00 PM; Sat: 11:00 AM – 8:00 PM; Sun: 11:00 AM – 8:00 PM","/restaurants1/",,,,"[""Fast Casual""]","[""American""]","[""Lunch"",""Dinner""]","[""Pasta"",""Grill""]","ChIJxYZCzr5TkFQR3Ueb_IHMwF0","[""In Review""]","[""In Review""]","[""In Review""]","[""In Review""]","[""In Review""]","[""No""]","[""Coming Soon""]",,,"[""Yes""]","[""Restaurant""]","I Heart Mac & Cheese Pasta Grill American Fast Casual Destin Commons Destin Commons","04f07cd0-bae4-4b72-8801-b77c0f90826e",2026-05-16T20:53:08Z,2026-05-16T20:53:08Z,"de29ed44-ed1b-41d4-b93d-94f3e3c2dc4d","No",2026-05-16T20:53:08Z,
"PUBLISHED","Jet's Pizza Destin","jet-s-pizza-destin-mid-destin","/restaurants/jet's-pizza-destin","Mid-Destin","mid-destin","Destin | US 98",,"{""subdivisions"":[{""code"":""FL"",""name"":""Florida"",""type"":""ADMINISTRATIVE_AREA_LEVEL_1""},{""code"":""Okaloosa County"",""name"":""Okaloosa County"",""type"":""ADMINISTRATIVE_AREA_LEVEL_2""},{""code"":""Destin"",""name"":""Destin"",""type"":""ADMINISTRATIVE_AREA_LEVEL_3""},{""code"":""US"",""name"":""United States"",""type"":""COUNTRY""}],""city"":""Destin"",""location"":{""latitude"":30.3904161,""longitude"":-86.4274497},""countryFullname"":""United States"",""streetAddress"":{""apt"":"""",""name"":""Commons Drive East"",""number"":""4418""},""formatted"":""4418 Commons Dr E, Destin, FL 32541"",""country"":""US"",""postalCode"":""32541"",""subdivision"":""FL""}","(850) 654-5387","https://www.jetspizza.com/stores/florida/destin/4418-commons-dr-e/?utm-source=GMB&utm_medium=Yext&utm_campaign=FL-020&utm_content=Website","$","Jet's Pizza Destin is a quick pizza option in Destin | US 98, convenient for casual meals, takeout, or family dining.","Mon: 10:00 AM – 9:00 PM; Tue: 10:00 AM – 9:00 PM; Wed: 10:00 AM – 9:00 PM; Thu: 10:00 AM – 9:00 PM; Fri: 10:00 AM – 10:00 PM; Sat: 10:00 AM – 10:00 PM; Sun: 11:00 AM – 9:00 PM","/restaurants1/",,,,"[""Fast Casual""]","[""Italian"",""American""]","[""Lunch"",""Dinner""]","[""Pizza""]","ChIJ4-kFeFdDkYgR171tJJn0sAc","[""In Review""]","[""In Review""]","[""In Review""]","[""No""]","[""In Review""]","[""No""]","[""Coming Soon""]","https://www.facebook.com/JetsPizza/","https://www.instagram.com/JetsPizza/","[""Yes""]","[""Restaurant""]","Jet's Pizza Destin Pizza Italian American Fast Casual Mid-Destin Destin | US 98","05030dc2-997e-4a95-b99f-91f32124ed83",2026-05-16T20:53:08Z,2026-05-16T20:53:08Z,"de29ed44-ed1b-41d4-b93d-94f3e3c2dc4d","No",2026-05-16T20:53:08Z,
"PUBLISHED",,,"/restaurants/big-bad-breakfast",,,,,,,,,,,"/restaurants1/",,,,,,,,,,,,,,,,,,,,,"0583d6f8-f9ec-4c48-8e81-fb6abeab5ac5",2026-04-19T20:00:16Z,2026-05-16T20:53:54Z,"de29ed44-ed1b-41d4-b93d-94f3e3c2dc4d",,2026-04-19T20:00:16Z,
"PUBLISHED",,,"/restaurants/raw-%26-juicy",,,,,,,,,,,"/restaurants1/",,,,,,,,,,,,,,,,,,,,,"060116cc-0842-4c89-a940-a6b1818d5d5f",2026-04-19T20:00:16Z,2026-05-16T20:53:54Z,"de29ed44-ed1b-41d4-b93d-94f3e3c2dc4d",,2026-04-19T20:00:16Z,
"PUBLISHED",,,"/restaurants/charlies-delights",,,,,,,,,,,"/restaurants1/",,,,,,,,,,,,,,,,,,,,,"0675115d-5349-4cf8-bc88-6d1f768179f9",2026-04-28T01:01:33Z,2026-05-16T20:53:54Z,"de29ed44-ed1b-41d4-b93d-94f3e3c2dc4d",,2026-04-28T00:48:06Z,
"PUBLISHED","Ruth's Chris Steak House","ruth-s-chris-steak-house-mid-destin","/restaurants/ruth's-chris-steak-house","Mid-Destin","mid-destin","Destin | US 98",,"{""subdivisions"":[{""code"":""FL"",""name"":""Florida"",""type"":""ADMINISTRATIVE_AREA_LEVEL_1""},{""code"":""Okaloosa County"",""name"":""Okaloosa County"",""type"":""ADMINISTRATIVE_AREA_LEVEL_2""},{""code"":""Destin"",""name"":""Destin"",""type"":""ADMINISTRATIVE_AREA_LEVEL_3""},{""code"":""US"",""name"":""United States"",""type"":""COUNTRY""}],""city"":""Destin"",""location"":{""latitude"":30.386657,""longitude"":-86.45505419999999},""countryFullname"":""United States"",""streetAddress"":{""apt"":"""",""name"":""Emerald Coast Parkway"",""number"":""15000""},""formatted"":""15000 Emerald Coast Pkwy, Destin, FL 32541"",""country"":""US"",""postalCode"":""32541"",""subdivision"":""FL""}","(850) 837-7884","https://www.ruthschris.com/locations/fl/destin/destin/7396?cmpid=br:rc_ag:ie_ch:loc_ca:RCGMB_sn:gmb_gt:destin-fl-7396_pl:locurl_rd:1063","$$$$","Ruth's Chris Steak House offers a polished dining experience in Destin | US 98, suited for a nicer dinner, date night, or special occasion.","Mon: 4:00 – 10:00 PM; Tue: 4:00 – 10:00 PM; Wed: 4:00 – 10:00 PM; Thu: 4:00 – 10:00 PM; Fri: 4:00 – 10:30 PM; Sat: 4:00 – 10:30 PM; Sun: 4:00 – 9:00 PM","/restaurants1/",,,,"[""Fine Dining""]","[""American""]","[""Lunch"",""Dinner""]","[""Steak""]","ChIJXbl5EIJEkYgRH4MoEbYQN6A","[""Yes""]","[""Yes""]","[""In Review""]","[""No""]","[""In Review""]","[""Yes""]","[""Coming Soon""]",,,"[""No""]","[""Restaurant""]","Ruth's Chris Steak House Steak American Fine Dining Mid-Destin Destin | US 98","07b5d6a3-cf7f-4f8b-983a-4d5689ecc88f",2026-05-16T20:53:08Z,2026-05-16T20:53:08Z,"de29ed44-ed1b-41d4-b93d-94f3e3c2dc4d","No",2026-05-16T20:53:08Z,
"PUBLISHED","Mezcal Mexican Grill","mezcal-mexican-grill-miramar-beach","/restaurants/mezcal-mexican-grill","Miramar Beach","miramar-beach","Miramar Beach | Seascape",,"{""subdivisions"":[{""code"":""FL"",""name"":""Florida"",""type"":""ADMINISTRATIVE_AREA_LEVEL_1""},{""code"":""Walton County"",""name"":""Walton County"",""type"":""ADMINISTRATIVE_AREA_LEVEL_2""},{""code"":""Miramar Beach"",""name"":""Miramar Beach"",""type"":""ADMINISTRATIVE_AREA_LEVEL_3""},{""code"":""US"",""name"":""United States"",""type"":""COUNTRY""}],""city"":""Miramar Beach"",""location"":{""latitude"":30.3837035,""longitude"":-86.3683689},""countryFullname"":""United States"",""streetAddress"":{""apt"":""#101"",""name"":""Seascape Drive"",""number"":""80""},""formatted"":""80 Seascape Dr #101, Miramar Beach, FL 32550"",""country"":""US"",""postalCode"":""32550"",""subdivision"":""FL""}","(850) 563-7791","https://www.mezcalmexicangrill.com/","$$","Mezcal Mexican Grill serves Mexican-inspired food in Miramar Beach | Seascape, with tacos and casual lunch or dinner options.","Mon: 11:00 AM – 9:00 PM; Tue: 11:00 AM – 9:00 PM; Wed: 11:00 AM – 9:00 PM; Thu: 11:00 AM – 9:00 PM; Fri: 11:00 AM – 9:00 PM; Sat: 8:00 AM – 9:00 PM; Sun: 8:00 AM – 9:00 PM","/restaurants1/",,,,"[""Casual Dining""]","[""Mexican""]","[""Lunch"",""Dinner""]","[""Tacos""]","ChIJKzvWdYhbkYgR1tOEKD-sNR0","[""Yes""]","[""In Review""]","[""In Review""]","[""Yes""]","[""In Review""]","[""No""]","[""Coming Soon""]","https://www.facebook.com/mezcalmexicangrill/","https://www.instagram.com/mezcalmexicangrill/","[""Yes""]","[""Restaurant""]","Mezcal Mexican Grill Tacos Mexican Casual Dining Miramar Beach Miramar Beach | Seascape","07ca010b-eb9e-4d64-b24e-2cdc958836bd",2026-05-16T20:53:08Z,2026-05-16T20:53:08Z,"de29ed44-ed1b-41d4-b93d-94f3e3c2dc4d","No",2026-05-16T20:53:08Z,
"PUBLISHED",,,"/restaurants/stinky%E2%80%99s-bait-shack",,,,,,,,,,,"/restaurants1/",,,,,,,,,,,,,,,,,,,,,"07d7d108-e17f-46b9-a3e4-023e6a7b79d4",2026-04-19T20:00:16Z,2026-05-16T20:53:54Z,"de29ed44-ed1b-41d4-b93d-94f3e3c2dc4d",,2026-04-19T20:00:16Z,
"PUBLISHED","Capriccio Cafe","capriccio-cafe-mid-destin","/restaurants/capriccio-cafe","Mid-Destin","mid-destin","Destin | US 98",,"{""subdivisions"":[{""code"":""FL"",""name"":""Florida"",""type"":""ADMINISTRATIVE_AREA_LEVEL_1""},{""code"":""Okaloosa County"",""name"":""Okaloosa County"",""type"":""ADMINISTRATIVE_AREA_LEVEL_2""},{""code"":""Destin"",""name"":""Destin"",""type"":""ADMINISTRATIVE_AREA_LEVEL_3""},{""code"":""US"",""name"":""United States"",""type"":""COUNTRY""}],""city"":""Destin"",""location"":{""latitude"":30.387773899999996,""longitude"":-86.48034439999999},""countryFullname"":""United States"",""streetAddress"":{""apt"":"""",""name"":""U.S. 98"",""number"":""826""},""formatted"":""826 US-98, Destin, FL 32541"",""country"":""US"",""postalCode"":""32541"",""subdivision"":""FL""}","(850) 460-9770","http://www.thecapricciocafe.com/","$$","Capriccio Cafe is a casual cafe in Destin | US 98, useful for coffee, breakfast, or a quick daytime stop.","Mon: 6:00 AM – 2:30 PM; Tue: 6:00 AM – 2:30 PM; Wed: Closed; Thu: 6:00 AM – 2:30 PM; Fri: 6:00 AM – 2:30 PM; Sat: 6:00 AM – 2:30 PM; Sun: 6:00 AM – 2:30 PM","/restaurants1/",,,,"[""Casual Dining""]","[""Italian""]","[""Breakfast"",""Lunch""]","[""Coffee"",""Crepes"",""Cafe""]","ChIJ62HlXvVDkYgRR5yu_yjYB3U","[""In Review""]","[""In Review""]","[""In Review""]","[""Yes""]","[""In Review""]","[""No""]","[""Coming Soon""]","http://www.facebook.com/2008/fbml/",,"[""Yes""]","[""Cafe / Coffee""]","Capriccio Cafe Coffee Crepes Cafe Italian Casual Dining Mid-Destin Destin | US 98","089e0e3c-0779-4626-a766-dc9e164c4240",2026-05-16T20:53:08Z,2026-05-16T20:53:08Z,"de29ed44-ed1b-41d4-b93d-94f3e3c2dc4d","No",2026-05-16T20:53:08Z,
"PUBLISHED","Bijoux","bijoux-sandestin","/restaurants/bijoux","Sandestin","sandestin","The Market Shops | Sandestin",,"{""subdivisions"":[{""code"":""FL"",""name"":""Florida"",""type"":""ADMINISTRATIVE_AREA_LEVEL_1""},{""code"":""Walton County"",""name"":""Walton County"",""type"":""ADMINISTRATIVE_AREA_LEVEL_2""},{""code"":""Miramar Beach"",""name"":""Miramar Beach"",""type"":""ADMINISTRATIVE_AREA_LEVEL_3""},{""code"":""US"",""name"":""United States"",""type"":""COUNTRY""}],""city"":""Miramar Beach"",""location"":{""latitude"":30.3772664,""longitude"":-86.3311468},""countryFullname"":""United States"",""streetAddress"":{""apt"":""22"",""name"":""U.S. 98"",""number"":""9375""},""formatted"":""9375 US-98 #22, Miramar Beach, FL 32550"",""country"":""US"",""postalCode"":""32550"",""subdivision"":""FL""}","(850) 622-0760","http://www.bijouxdestin.com/","$$$","Bijoux offers a polished dining experience in The Market Shops | Sandestin, suited for a nicer dinner, date night, or special occasion.","Mon: 5:00 – 9:00 PM; Tue: 5:00 – 9:00 PM; Wed: 5:00 – 9:00 PM; Thu: 5:00 – 9:00 PM; Fri: 5:00 – 10:00 PM; Sat: 5:00 – 10:00 PM; Sun: 5:00 – 9:00 PM","/restaurants1/",,,,"[""Fine Dining""]","[""American"",""Seafood""]","[""Lunch"",""Dinner""]","[""Seafood"",""Steak""]","ChIJ44gnd7FekYgRzpP1lblhNEA","[""Yes""]","[""Yes""]","[""In Review""]","[""No""]","[""In Review""]","[""Yes""]","[""Coming Soon""]","https://www.facebook.com/316526301862157/","https://www.instagram.com/bijouxdestin/","[""No""]","[""Restaurant""]","Bijoux Seafood Steak American Seafood Fine Dining Sandestin The Market Shops | Sandestin","0932f819-cbe8-4f3c-82c3-585e4ccd66ec",2026-05-16T20:53:08Z,2026-05-16T20:53:08Z,"de29ed44-ed1b-41d4-b93d-94f3e3c2dc4d","No",2026-05-16T20:53:08Z,
"PUBLISHED","Fleming's Prime Steakhouse & Wine Bar","fleming-s-prime-steakhouse-and-wine-bar-grand-boulevard","/restaurants/fleming's-prime-steakhouse-%26-wine-bar","Grand Boulevard","grand-boulevard","Grand Boulevard | Sandestin",,"{""subdivisions"":[{""code"":""FL"",""name"":""Florida"",""type"":""ADMINISTRATIVE_AREA_LEVEL_1""},{""code"":""Walton County"",""name"":""Walton County"",""type"":""ADMINISTRATIVE_AREA_LEVEL_2""},{""code"":""Miramar Beach"",""name"":""Miramar Beach"",""type"":""ADMINISTRATIVE_AREA_LEVEL_3""},{""code"":""US"",""name"":""United States"",""type"":""COUNTRY""}],""city"":""Miramar Beach"",""location"":{""latitude"":30.3784655,""longitude"":-86.3127607},""countryFullname"":""United States"",""streetAddress"":{""apt"":""Suite M105"",""name"":""Grand Boulevard"",""number"":""600""},""formatted"":""600 Grand Blvd Suite M105, Sandestin, FL 32550"",""country"":""US"",""postalCode"":""32550"",""subdivision"":""FL""}","(850) 269-0830","https://www.flemingssteakhouse.com/Locations/FL/Sandestin?y_source=1_MTU1MDMxODQtNzE1LWxvY2F0aW9uLndlYnNpdGU%3D","$$$$","Fleming's Prime Steakhouse & Wine Bar offers a polished dining experience in Grand Boulevard | Sandestin, suited for a nicer dinner, date night, or special occasion.","Mon: 4:00 – 10:00 PM; Tue: 4:00 – 10:00 PM; Wed: 4:00 – 10:00 PM; Thu: 4:00 – 10:00 PM; Fri: 4:00 – 10:00 PM; Sat: 4:00 – 10:00 PM; Sun: 4:00 – 9:00 PM","/restaurants1/",,,,"[""Fine Dining"",""Bar""]","[""American""]","[""Lunch"",""Dinner""]","[""Steak""]","ChIJKafWwTVZkYgR9bbA6Q8CYsA","[""Yes""]","[""Yes""]","[""In Review""]","[""No""]","[""In Review""]","[""Yes""]","[""Coming Soon""]","https://www.facebook.com/flemings/","https://www.instagram.com/flemingssteakhouse/","[""No""]","[""Bar & Restaurant""]","Fleming's Prime Steakhouse & Wine Bar Steak American Fine Dining Bar Grand Boulevard Grand Boulevard | Sandestin","09493fbc-480b-4785-aa93-0895a235c90e",2026-05-16T20:53:08Z,2026-05-16T20:53:08Z,"de29ed44-ed1b-41d4-b93d-94f3e3c2dc4d","No",2026-05-16T20:53:08Z,
"PUBLISHED",,,"/restaurants/the-citizen",,,,,,,,,,,"/restaurants1/",,,,,,,,,,,,,,,,,,,,,"094eedb6-f8a5-4bd3-930e-e9db799b210b",2026-04-19T20:00:16Z,2026-05-16T20:53:54Z,"de29ed44-ed1b-41d4-b93d-94f3e3c2dc4d",,2026-04-19T20:00:16Z,
"PUBLISHED",,,"/restaurants/old-florida-fish-house",,,,,,,,,,,"/restaurants1/",,,,,,,,,,,,,,,,,,,,,"09625144-9457-49b0-a384-4e8775dad657",2026-04-19T20:00:16Z,2026-05-16T20:53:54Z,"de29ed44-ed1b-41d4-b93d-94f3e3c2dc4d",,2026-04-19T20:00:16Z,
"PUBLISHED",,,"/restaurants/pizza-by-the-sea",,,,,,,,,,,"/restaurants1/",,,,,,,,,,,,,,,,,,,,,"0a774985-e06c-44fd-9835-c89ff12380f5",2026-04-19T20:00:16Z,2026-05-16T20:53:54Z,"de29ed44-ed1b-41d4-b93d-94f3e3c2dc4d",,2026-04-19T20:00:16Z,
"PUBLISHED","Kilwins Destin Commons","kilwins-destin-commons-destin-commons","/restaurants/kilwins-destin-commons","Destin Commons","destin-commons","Destin Commons",,"{""subdivisions"":[{""code"":""FL"",""name"":""Florida"",""type"":""ADMINISTRATIVE_AREA_LEVEL_1""},{""code"":""Okaloosa County"",""name"":""Okaloosa County"",""type"":""ADMINISTRATIVE_AREA_LEVEL_2""},{""code"":""Destin"",""name"":""Destin"",""type"":""ADMINISTRATIVE_AREA_LEVEL_3""},{""code"":""US"",""name"":""United States"",""type"":""COUNTRY""}],""city"":""Destin"",""location"":{""latitude"":30.3920382,""longitude"":-86.4240824},""countryFullname"":""United States"",""streetAddress"":{""apt"":""B106"",""name"":""Legendary Drive"",""number"":""4142""},""formatted"":""4142 Legendary Dr B106, Destin, FL 32541"",""country"":""US"",""postalCode"":""32541"",""subdivision"":""FL""}","(850) 460-7868","https://www.kilwins.com/pages/stores-near-me-destin-fl-32541-0133","$","Kilwins Destin Commons is a dessert stop in Destin Commons known for ice cream and sweet treats. A good family-friendly option after the beach or dinner.","Mon: 11:00 AM – 9:00 PM; Tue: 11:00 AM – 9:00 PM; Wed: 11:00 AM – 9:00 PM; Thu: 11:00 AM – 9:00 PM; Fri: 11:00 AM – 9:00 PM; Sat: 11:00 AM – 9:00 PM; Sun: 12:00 – 8:00 PM","/restaurants1/",,,,"[""Fast Casual""]","[""American""]","[""Desserts""]","[""Ice Cream"",""Cookies & Sweets""]","ChIJ9QoDplZDkYgRnB_SL8VUZrU","[""In Review""]","[""In Review""]","[""In Review""]","[""No""]","[""In Review""]","[""No""]","[""Coming Soon""]","https://www.facebook.com/Kilwins/","https://www.instagram.com/Kilwins/","[""Yes""]","[""Dessert""]","Kilwins Destin Commons Ice Cream Cookies & Sweets American Fast Casual Destin Commons Destin Commons","0ab4b2de-f2f3-40d3-8ccd-b2b56b4aeecc",2026-05-16T20:53:08Z,2026-05-16T20:53:08Z,"de29ed44-ed1b-41d4-b93d-94f3e3c2dc4d","No",2026-05-16T20:53:08Z,
"PUBLISHED","Bayside Café Sandestin","bayside-cafe-sandestin-sandestin","/restaurants/bayside-caf%C3%A9-sandestin","Sandestin","sandestin","Sandestin | Linkside",,"{""subdivisions"":[{""code"":""FL"",""name"":""Florida"",""type"":""ADMINISTRATIVE_AREA_LEVEL_1""},{""code"":""Walton County"",""name"":""Walton County"",""type"":""ADMINISTRATIVE_AREA_LEVEL_2""},{""code"":""Miramar Beach"",""name"":""Miramar Beach"",""type"":""ADMINISTRATIVE_AREA_LEVEL_3""},{""code"":""US"",""name"":""United States"",""type"":""COUNTRY""}],""city"":""Miramar Beach"",""location"":{""latitude"":30.387651899999998,""longitude"":-86.325957},""countryFullname"":""United States"",""streetAddress"":{""apt"":"""",""name"":""Mike Hayes Drive"",""number"":""8330""},""formatted"":""8330 Mike Hayes Dr, Miramar Beach, FL 32550"",""country"":""US"",""postalCode"":""32550"",""subdivision"":""FL""}","(850) 267-7778","https://www.sandestin.com/bayside-cafe","$$","Bayside Café Sandestin is a casual breakfast and lunch spot in Sandestin, good for daytime meals in a resort setting.","Mon: 11:00 AM – 10:00 PM; Tue: 11:00 AM – 10:00 PM; Wed: 11:00 AM – 10:00 PM; Thu: 11:00 AM – 10:00 PM; Fri: 11:00 AM – 11:00 PM; Sat: 8:00 AM – 11:00 PM; Sun: 8:00 AM – 10:00 PM","/restaurants1/",,,,"[""Casual Dining""]","[""American""]","[""Breakfast"",""Lunch""]","[""Breakfast Spot"",""Sandwiches"",""Cafe""]","ChIJxRcYy1NZkYgRfBwXqknPu0s","[""In Review""]","[""In Review""]","[""In Review""]","[""Yes""]","[""In Review""]","[""No""]","[""Coming Soon""]",,,"[""Yes""]","[""Restaurant""]","Bayside Café Sandestin Breakfast Spot Sandwiches Cafe American Casual Dining Sandestin Sandestin | Linkside","0b34b773-9643-46a3-95a9-0acc07fe37f2",2026-05-16T20:53:08Z,2026-05-16T20:53:08Z,"de29ed44-ed1b-41d4-b93d-94f3e3c2dc4d","Yes",2026-05-16T20:53:08Z,
"PUBLISHED","LuLu's Destin","lulu-s-destin-mid-destin","/restaurants/lulu's-destin","Mid-Destin","mid-destin","Destin | Legendary Marina",,"{""subdivisions"":[{""code"":""FL"",""name"":""Florida"",""type"":""ADMINISTRATIVE_AREA_LEVEL_1""},{""code"":""Okaloosa County"",""name"":""Okaloosa County"",""type"":""ADMINISTRATIVE_AREA_LEVEL_2""},{""code"":""Destin"",""name"":""Destin"",""type"":""ADMINISTRATIVE_AREA_LEVEL_3""},{""code"":""US"",""name"":""United States"",""type"":""COUNTRY""}],""city"":""Destin"",""location"":{""latitude"":30.4027171,""longitude"":-86.423609},""countryFullname"":""United States"",""streetAddress"":{""apt"":"""",""name"":""Legendary Marina Drive"",""number"":""4607""},""formatted"":""4607 Legendary Marina Dr, Destin, FL 32541"",""country"":""US"",""postalCode"":""32541"",""subdivision"":""FL""}","(850) 710-5858","http://lulusfunfoodmusic.com/","$$","LuLu's Destin is a casual bar and restaurant in Destin | Legendary Marina with seafood-focused dishes and a relaxed coastal atmosphere.","Mon: 11:00 AM – 9:00 PM; Tue: 11:00 AM – 9:00 PM; Wed: 11:00 AM – 9:00 PM; Thu: 11:00 AM – 9:00 PM; Fri: 11:00 AM – 9:00 PM; Sat: 11:00 AM – 9:00 PM; Sun: 11:00 AM – 9:00 PM","/restaurants1/",,,,"[""Casual Dining"",""Bar""]","[""Seafood"",""American""]","[""Lunch"",""Dinner""]","[""Seafood"",""Burgers""]","ChIJo1U0IExDkYgRnB9W34ovyjo","[""Yes""]","[""In Review""]","[""Yes""]","[""Yes""]","[""In Review""]","[""Yes""]","[""Coming Soon""]",,,"[""Yes""]","[""Bar & Restaurant""]","LuLu's Destin Seafood Burgers Seafood American Casual Dining Bar Mid-Destin Destin | Legendary Marina","0b824ff8-ff5d-4f26-9732-6dbb8be58877",2026-05-16T20:53:08Z,2026-05-16T20:53:08Z,"de29ed44-ed1b-41d4-b93d-94f3e3c2dc4d","Yes",2026-05-16T20:53:08Z,
"PUBLISHED","Seagar's Prime Steaks & Seafood","seagar-s-prime-steaks-and-seafood-sandestin","/restaurants/seagar's-prime-steaks-%26-seafood","Sandestin","sandestin","Sandestin | Hilton Sandestin",,"{""subdivisions"":[{""code"":""FL"",""name"":""Florida"",""type"":""ADMINISTRATIVE_AREA_LEVEL_1""},{""code"":""Walton County"",""name"":""Walton County"",""type"":""ADMINISTRATIVE_AREA_LEVEL_2""},{""code"":""Miramar Beach"",""name"":""Miramar Beach"",""type"":""ADMINISTRATIVE_AREA_LEVEL_3""},{""code"":""US"",""name"":""United States"",""type"":""COUNTRY""}],""city"":""Miramar Beach"",""location"":{""latitude"":30.3698286,""longitude"":-86.3266495},""countryFullname"":""United States"",""streetAddress"":{""apt"":"""",""name"":""South Sandestin Boulevard"",""number"":""4000""},""formatted"":""4000 S Sandestin Blvd, Miramar Beach, FL 32550"",""country"":""US"",""postalCode"":""32550"",""subdivision"":""FL""}","(850) 622-1500","https://www.seagars.com/?utm_source=google&utm_medium=listing&utm_campaign=hilton+sandestin+seagars","$$$$","Seagar's Prime Steaks & Seafood offers a polished dining experience in Sandestin | Hilton Sandestin, suited for a nicer dinner, date night, or special occasion.","Mon: Closed; Tue: 5:30 – 9:00 PM; Wed: 5:30 – 9:00 PM; Thu: 5:30 – 9:00 PM; Fri: 5:30 – 10:00 PM; Sat: 5:30 – 10:00 PM; Sun: Closed","/restaurants1/",,,,"[""Fine Dining""]","[""American"",""Seafood""]","[""Lunch"",""Dinner""]","[""Steak"",""Seafood""]","ChIJQ3zBplBZkYgRclfiunvEKwQ","[""In Review""]","[""In Review""]","[""In Review""]","[""No""]","[""In Review""]","[""Yes""]","[""Coming Soon""]",,,"[""No""]","[""Restaurant""]","Seagar's Prime Steaks & Seafood Steak Seafood American Seafood Fine Dining Sandestin Sandestin | Hilton Sandestin","0b8956fc-69a9-4387-bc30-6d0900a7fb48",2026-05-16T20:53:08Z,2026-05-16T20:53:08Z,"de29ed44-ed1b-41d4-b93d-94f3e3c2dc4d","Yes",2026-05-16T20:53:08Z,
"PUBLISHED",,,"/restaurants/the-perfect-pig",,,,,,,,,,,"/restaurants1/",,,,,,,,,,,,,,,,,,,,,"0ba6f7bf-b954-4a3e-b89a-5bcc23a8fab9",2026-04-19T20:00:16Z,2026-05-16T20:53:54Z,"de29ed44-ed1b-41d4-b93d-94f3e3c2dc4d",,2026-04-19T20:00:16Z,
"PUBLISHED","Auntie Anne's Silver Sands","auntie-anne-s-silver-sands-miramar-beach","/restaurants/auntie-anne's-silver-sands","Miramar Beach","miramar-beach","Miramar Beach | Silver Sands",,"{""subdivisions"":[{""code"":""FL"",""name"":""Florida"",""type"":""ADMINISTRATIVE_AREA_LEVEL_1""},{""code"":""Walton County"",""name"":""Walton County"",""type"":""ADMINISTRATIVE_AREA_LEVEL_2""},{""code"":""Miramar Beach"",""name"":""Miramar Beach"",""type"":""ADMINISTRATIVE_AREA_LEVEL_3""},{""code"":""US"",""name"":""United States"",""type"":""COUNTRY""}],""city"":""Miramar Beach"",""location"":{""latitude"":30.378268199999997,""longitude"":-86.3480443},""countryFullname"":""United States"",""streetAddress"":{""apt"":""103"",""name"":""Emerald Coast Parkway West"",""number"":""10406""},""formatted"":""10406 Emerald Coast Pkwy W #103, Miramar Beach, FL 32550"",""country"":""US"",""postalCode"":""32550"",""subdivision"":""FL""}","(850) 837-1190","https://locations.auntieannes.com/fl/miramar-beach/10406-emerald-coast-parkway?utm_source=google&utm_medium=organic&utm_campaign=locations_partner","$","Auntie Anne's Silver Sands serves sweets and treats in Miramar Beach | Silver Sands. It is best suited for a quick dessert stop or a snack while exploring the area.","Mon: 11:00 AM – 7:00 PM; Tue: 11:00 AM – 7:00 PM; Wed: 11:00 AM – 7:00 PM; Thu: 11:00 AM – 7:00 PM; Fri: 11:00 AM – 8:00 PM; Sat: 11:00 AM – 8:00 PM; Sun: 12:00 – 6:00 PM","/restaurants1/",,,,"[""Fast Casual""]","[""American""]","[""Lunch"",""Desserts""]","[""Cookies & Sweets"",""Market""]","ChIJ83FFxvBbkYgRfVQCbcVbFDE","[""In Review""]","[""In Review""]","[""In Review""]","[""No""]","[""In Review""]","[""No""]","[""Coming Soon""]","https://www.facebook.com/auntieannespretzels/","https://www.instagram.com/auntieannespretzels/","[""Yes""]","[""Dessert""]","Auntie Anne's Silver Sands Cookies & Sweets Market American Fast Casual Miramar Beach Miramar Beach | Silver Sands","0c6a6da7-6800-4126-b2b1-fc2a6d0d2847",2026-05-16T20:53:08Z,2026-05-16T20:53:08Z,"de29ed44-ed1b-41d4-b93d-94f3e3c2dc4d","No",2026-05-16T20:53:08Z,
"PUBLISHED","The Local Market","the-local-market-mid-destin","/restaurants/the-local-market","Mid-Destin","mid-destin","Destin | US 98",,"{""subdivisions"":[{""code"":""FL"",""name"":""Florida"",""type"":""ADMINISTRATIVE_AREA_LEVEL_1""},{""code"":""Okaloosa County"",""name"":""Okaloosa County"",""type"":""ADMINISTRATIVE_AREA_LEVEL_2""},{""code"":""Destin"",""name"":""Destin"",""type"":""ADMINISTRATIVE_AREA_LEVEL_3""},{""code"":""US"",""name"":""United States"",""type"":""COUNTRY""}],""city"":""Destin"",""location"":{""latitude"":30.386232599999996,""longitude"":-86.4806172},""countryFullname"":""United States"",""streetAddress"":{""apt"":"""",""name"":""Gulf Shore Drive"",""number"":""950""},""formatted"":""950 Gulf Shore Dr, Destin, FL 32541"",""country"":""US"",""postalCode"":""32541"",""subdivision"":""FL""}","(850) 460-8979","https://www.localmarketdestin.com/","$$","The Local Market is a breakfast and lunch spot in Destin | US 98, good for a casual morning meal, brunch, or daytime bite.","Mon: 7:00 AM – 3:00 PM; Tue: 7:00 AM – 3:00 PM; Wed: 7:00 AM – 3:00 PM; Thu: 7:00 AM – 3:00 PM; Fri: 7:00 AM – 3:00 PM; Sat: 7:00 AM – 3:00 PM; Sun: 7:00 AM – 3:00 PM","/restaurants1/",,,,"[""Casual Dining""]","[""American""]","[""Breakfast"",""Lunch""]","[""Sandwiches"",""Cafe""]","ChIJQ-jZ3ApEkYgRnHFzMUmQTZM","[""In Review""]","[""In Review""]","[""In Review""]","[""Yes""]","[""In Review""]","[""No""]","[""Coming Soon""]","https://www.facebook.com/localmarketdestin/","https://www.instagram.com/localmarketdestin/","[""Yes""]","[""Restaurant""]","The Local Market Sandwiches Cafe American Casual Dining Mid-Destin Destin | US 98","0cc5a16c-f96e-4e48-9c77-d1d14d158955",2026-05-16T20:53:08Z,2026-05-16T20:53:08Z,"de29ed44-ed1b-41d4-b93d-94f3e3c2dc4d","No",2026-05-16T20:53:08Z,
"PUBLISHED",,,"/restaurants/surfing-deer",,,,,,,,,,,"/restaurants1/",,,,,,,,,,,,,,,,,,,,,"0e05c6a9-ca31-4fa7-bbc4-8b669e37c63a",2026-04-19T20:00:16Z,2026-05-16T20:53:54Z,"de29ed44-ed1b-41d4-b93d-94f3e3c2dc4d",,2026-04-19T20:00:16Z,
"PUBLISHED","Hooters Destin","hooters-destin-mid-destin","/restaurants/hooters-destin","Mid-Destin","mid-destin","Destin | US 98",,"{""subdivisions"":[{""code"":""FL"",""name"":""Florida"",""type"":""ADMINISTRATIVE_AREA_LEVEL_1""},{""code"":""Okaloosa County"",""name"":""Okaloosa County"",""type"":""ADMINISTRATIVE_AREA_LEVEL_2""},{""code"":""Destin"",""name"":""Destin"",""type"":""ADMINISTRATIVE_AREA_LEVEL_3""},{""code"":""US"",""name"":""United States"",""type"":""COUNTRY""}],""city"":""Destin"",""location"":{""latitude"":30.388171500000002,""longitude"":-86.4512656},""countryFullname"":""United States"",""streetAddress"":{""apt"":"""",""name"":""Emerald Coast Parkway"",""number"":""15015""},""formatted"":""15015 Emerald Coast Pkwy, Destin, FL 32541"",""country"":""US"",""postalCode"":""32541"",""subdivision"":""FL""}","(850) 654-1007","https://hootersonline.net/destin-fl/?utm_medium=organic&utm_source=google&utm_campaign=gmb-bayou-fox-franchise&utm_content=destin&utm_term=website-cta","$$","Hooters Destin is a bar and restaurant in Destin | US 98, good for drinks, casual food, and a relaxed meal with friends. Google currently lists this business as permanently closed; verify before publishing.",,"/restaurants1/",,,,"[""Casual Dining"",""Bar""]","[""American""]","[""Lunch"",""Dinner""]","[""Grill"",""Burgers""]","ChIJSQPqe31DkYgRF3s3gqlBATI","[""Yes""]","[""In Review""]","[""In Review""]","[""Yes""]","[""In Review""]","[""No""]","[""Coming Soon""]","https://www.facebook.com/HootersDestin/","https://www.instagram.com/bayou_fox_hooters/","[""In Review""]","[""Bar & Restaurant""]","Hooters Destin Grill Burgers American Casual Dining Bar Mid-Destin Destin | US 98","0e4442b2-262c-4cf5-b620-5831c978638c",2026-05-16T20:53:08Z,2026-05-16T20:53:08Z,"de29ed44-ed1b-41d4-b93d-94f3e3c2dc4d","No",2026-05-16T20:53:08Z,
"PUBLISHED","The Craft Bar Destin","the-craft-bar-destin-mid-destin","/restaurants/the-craft-bar-destin","Mid-Destin","mid-destin","Destin | US 98",,"{""subdivisions"":[{""code"":""FL"",""name"":""Florida"",""type"":""ADMINISTRATIVE_AREA_LEVEL_1""},{""code"":""Okaloosa County"",""name"":""Okaloosa County"",""type"":""ADMINISTRATIVE_AREA_LEVEL_2""},{""code"":""Destin"",""name"":""Destin"",""type"":""ADMINISTRATIVE_AREA_LEVEL_3""},{""code"":""US"",""name"":""United States"",""type"":""COUNTRY""}],""city"":""Destin"",""location"":{""latitude"":30.392692999999998,""longitude"":-86.4967514},""countryFullname"":""United States"",""streetAddress"":{""apt"":"""",""name"":""U.S. 98"",""number"":""541""},""formatted"":""541 US-98, Destin, FL 32541"",""country"":""US"",""postalCode"":""32541"",""subdivision"":""FL""}","(850) 202-1004","https://www.thecraftbarfl.com/harbor","$$","The Craft Bar Destin is a bar and restaurant in Destin | US 98, good for drinks, casual food, and a relaxed meal with friends.","Mon: 11:00 AM – 10:00 PM; Tue: 11:00 AM – 10:00 PM; Wed: 11:00 AM – 10:00 PM; Thu: 11:00 AM – 10:00 PM; Fri: 11:00 AM – 11:00 PM; Sat: 11:00 AM – 11:00 PM; Sun: 11:00 AM – 9:00 PM","/restaurants1/",,,,"[""Casual Dining"",""Bar""]","[""American""]","[""Lunch"",""Dinner""]","[""Burgers"",""Grill""]","ChIJ7x4YFQ5DkYgRslRw5Ycm9bg","[""Yes""]","[""Yes""]","[""In Review""]","[""Yes""]","[""In Review""]","[""No""]","[""Coming Soon""]","http://www.facebook.com/2008/fbml/","http://instagram.com/thecraftbarfl/","[""Yes""]","[""Bar & Restaurant""]","The Craft Bar Destin Burgers Grill American Casual Dining Bar Mid-Destin Destin | US 98","0f03f00f-b6f9-4af3-8267-0415149a19d9",2026-05-16T20:53:08Z,2026-05-16T20:53:08Z,"de29ed44-ed1b-41d4-b93d-94f3e3c2dc4d","No",2026-05-16T20:53:08Z,
"PUBLISHED","Ara Rooftop Pool & Lounge","ara-rooftop-pool-and-lounge-sandestin","/restaurants/ara-rooftop-pool-%26-lounge","Sandestin","sandestin","Sandestin | Hotel Effie",,"{""subdivisions"":[{""code"":""FL"",""name"":""Florida"",""type"":""ADMINISTRATIVE_AREA_LEVEL_1""},{""code"":""Walton County"",""name"":""Walton County"",""type"":""ADMINISTRATIVE_AREA_LEVEL_2""},{""code"":""Miramar Beach"",""name"":""Miramar Beach"",""type"":""ADMINISTRATIVE_AREA_LEVEL_3""},{""code"":""US"",""name"":""United States"",""type"":""COUNTRY""}],""city"":""Miramar Beach"",""location"":{""latitude"":30.391566799999996,""longitude"":-86.32503609999999},""countryFullname"":""United States"",""streetAddress"":{""apt"":"""",""name"":""Grand Sandestin Boulevard"",""number"":""1""},""formatted"":""1 Grand Sandestin Blvd, Miramar Beach, FL 32550"",""country"":""US"",""postalCode"":""32550"",""subdivision"":""FL""}","(850) 351-3033","https://www.hoteleffie.com/dining/ara?utm_source=google-gbp&utm_medium=organic&utm_campaign=gbp","$$$","Ara Rooftop Pool & Lounge is an upscale restaurant and bar in Sandestin | Hotel Effie, offering a more refined option for lunch, dinner, or drinks.","Mon: 11:00 AM – 9:00 PM; Tue: 11:00 AM – 9:00 PM; Wed: 11:00 AM – 9:00 PM; Thu: 11:00 AM – 9:00 PM; Fri: 11:00 AM – 10:00 PM; Sat: 11:00 AM – 10:00 PM; Sun: 11:00 AM – 9:00 PM","/restaurants1/",,,,"[""Upscale"",""Bar""]","[""American""]","[""Lunch"",""Dinner""]","[""Tapas""]","ChIJaXT2sV5ZkYgRnOJckBaIMyc","[""Yes""]","[""In Review""]","[""In Review""]","[""Yes""]","[""In Review""]","[""In Review""]","[""Coming Soon""]",,"https://www.instagram.com/hoteleffie/","[""No""]","[""Bar & Restaurant""]","Ara Rooftop Pool & Lounge Tapas American Upscale Bar Sandestin Sandestin | Hotel Effie","0f14b06c-ed13-4806-96d9-44baba498a39",2026-05-16T20:53:08Z,2026-05-16T20:53:08Z,"de29ed44-ed1b-41d4-b93d-94f3e3c2dc4d","Yes",2026-05-16T20:53:08Z,
"PUBLISHED","Margaritaville Destin","margaritaville-destin-destin-harbor","/restaurants/margaritaville-destin","Destin Harbor","destin-harbor","HarborWalk Village | Destin",,"{""subdivisions"":[{""code"":""FL"",""name"":""Florida"",""type"":""ADMINISTRATIVE_AREA_LEVEL_1""},{""code"":""Okaloosa County"",""name"":""Okaloosa County"",""type"":""ADMINISTRATIVE_AREA_LEVEL_2""},{""code"":""Destin"",""name"":""Destin"",""type"":""ADMINISTRATIVE_AREA_LEVEL_3""},{""code"":""US"",""name"":""United States"",""type"":""COUNTRY""}],""city"":""Destin"",""location"":{""latitude"":30.393604999999997,""longitude"":-86.51110899999999},""countryFullname"":""United States"",""streetAddress"":{""apt"":"""",""name"":""Harbor Boulevard"",""number"":""76""},""formatted"":""76 Harbor Blvd, Destin, FL 32541"",""country"":""US"",""postalCode"":""32541"",""subdivision"":""FL""}","(850) 460-7700","https://www.margaritavilledestin.com/","$$","Margaritaville Destin is a casual bar and restaurant in HarborWalk Village | Destin with seafood-focused dishes and a relaxed coastal atmosphere.","Mon: 11:00 AM – 10:00 PM; Tue: 11:00 AM – 10:00 PM; Wed: 11:00 AM – 10:00 PM; Thu: 11:00 AM – 10:00 PM; Fri: 11:00 AM – 11:00 PM; Sat: 11:00 AM – 11:00 PM; Sun: 11:00 AM – 10:00 PM","/restaurants1/",,,,"[""Casual Dining"",""Bar""]","[""American"",""Seafood""]","[""Lunch"",""Dinner""]","[""Burgers"",""Seafood""]","ChIJjcVO701BkYgRg00J46WEtME","[""Yes""]","[""In Review""]","[""In Review""]","[""Yes""]","[""In Review""]","[""No""]","[""Coming Soon""]","https://www.facebook.com/MargaritavilleDestin/","https://www.instagram.com/margaritavillerestaurantdestin/","[""Yes""]","[""Bar & Restaurant""]","Margaritaville Destin Burgers Seafood American Seafood Casual Dining Bar Destin Harbor HarborWalk Village | Destin","0fe41de1-35cd-498a-a092-25bf56c4db08",2026-05-16T20:53:08Z,2026-05-16T20:53:08Z,"de29ed44-ed1b-41d4-b93d-94f3e3c2dc4d","Yes",2026-05-16T20:53:08Z,
"PUBLISHED",,,"/restaurants/turbo-coffee",,,,,,,,,,,"/restaurants1/",,,,,,,,,,,,,,,,,,,,,"102f2184-dfcf-490d-949e-a3a98f2c46ef",2026-04-28T00:54:08Z,2026-05-16T20:53:54Z,"de29ed44-ed1b-41d4-b93d-94f3e3c2dc4d",,2026-04-28T00:48:06Z,
"PUBLISHED","Cissy's Scenic 98 Cafe","cissy-s-scenic-98-cafe-crystal-beach","/restaurants/cissy's-scenic-98-cafe","Crystal Beach","crystal-beach","Crystal Beach | Scenic 98",,"{""subdivisions"":[{""code"":""FL"",""name"":""Florida"",""type"":""ADMINISTRATIVE_AREA_LEVEL_1""},{""code"":""Okaloosa County"",""name"":""Okaloosa County"",""type"":""ADMINISTRATIVE_AREA_LEVEL_2""},{""code"":""Destin"",""name"":""Destin"",""type"":""ADMINISTRATIVE_AREA_LEVEL_3""},{""code"":""US"",""name"":""United States"",""type"":""COUNTRY""}],""city"":""Destin"",""location"":{""latitude"":30.3831657,""longitude"":-86.43083539999999},""countryFullname"":""United States"",""streetAddress"":{""apt"":""1"",""name"":""Matthew Boulevard"",""number"":""100""},""formatted"":""100 Matthew Blvd #1, Destin, FL 32541"",""country"":""US"",""postalCode"":""32541"",""subdivision"":""FL""}","(850) 424-1688","http://cissyscafe.com/","$$","Cissy's Scenic 98 Cafe is a bakery and coffee stop in Crystal Beach | Scenic 98, good for breakfast, pastries, and a casual daytime bite. Google currently lists this business as permanently closed; verify before publishing.",,"/restaurants1/",,,,"[""Casual Dining""]","[""American""]","[""Breakfast"",""Lunch""]","[""Coffee"",""Pizza"",""Bakery""]","ChIJd1kwO9xFkYgR7bAh1JYqjr8","[""In Review""]","[""In Review""]","[""In Review""]","[""In Review""]","[""In Review""]","[""No""]","[""Coming Soon""]",,,"[""Yes""]","[""Cafe / Coffee""]","Cissy's Scenic 98 Cafe Coffee Pizza Bakery American Casual Dining Crystal Beach Crystal Beach | Scenic 98","118e82d9-183c-4bc0-af45-4512257111af",2026-05-16T20:53:08Z,2026-05-16T20:53:08Z,"de29ed44-ed1b-41d4-b93d-94f3e3c2dc4d","No",2026-05-16T20:53:08Z,
"PUBLISHED","Burrito del Sol Destin","burrito-del-sol-destin-mid-destin","/restaurants/burrito-del-sol-destin","Mid-Destin","mid-destin","Destin | US 98",,"{""subdivisions"":[{""code"":""FL"",""name"":""Florida"",""type"":""ADMINISTRATIVE_AREA_LEVEL_1""},{""code"":""Okaloosa County"",""name"":""Okaloosa County"",""type"":""ADMINISTRATIVE_AREA_LEVEL_2""},{""code"":""Destin"",""name"":""Destin"",""type"":""ADMINISTRATIVE_AREA_LEVEL_3""},{""code"":""US"",""name"":""United States"",""type"":""COUNTRY""}],""city"":""Destin"",""location"":{""latitude"":30.392906,""longitude"":-86.497982},""countryFullname"":""United States"",""streetAddress"":{""apt"":"""",""name"":""Harbor Boulevard"",""number"":""517""},""formatted"":""517 Harbor Blvd, Destin, FL 32541"",""country"":""US"",""postalCode"":""32541"",""subdivision"":""FL""}","(850) 424-6269","http://burritodelsol.com/","$","Burrito del Sol Destin is a fast-casual restaurant in Destin | US 98, convenient for a quick lunch, dinner, or takeout.","Mon: 11:00 AM – 9:00 PM; Tue: 11:00 AM – 9:00 PM; Wed: 11:00 AM – 9:00 PM; Thu: 11:00 AM – 9:00 PM; Fri: 11:00 AM – 9:00 PM; Sat: 11:00 AM – 9:00 PM; Sun: 11:00 AM – 8:00 PM","/restaurants1/",,,,"[""Fast Casual""]","[""Mexican""]","[""Lunch"",""Dinner""]","[""Tacos""]","ChIJr2psRP5DkYgRCZqiFCESi-I","[""In Review""]","[""In Review""]","[""In Review""]","[""In Review""]","[""In Review""]","[""No""]","[""Coming Soon""]",,,"[""Yes""]","[""Restaurant""]","Burrito del Sol Destin Tacos Mexican Fast Casual Mid-Destin Destin | US 98","11ffa977-23d8-4cfc-8bdd-cb6002288840",2026-05-16T20:53:08Z,2026-05-16T20:53:08Z,"de29ed44-ed1b-41d4-b93d-94f3e3c2dc4d","No",2026-05-16T20:53:08Z,
"PUBLISHED","El Jalisco Destin","el-jalisco-destin-mid-destin","/restaurants/el-jalisco-destin","Mid-Destin","mid-destin","Destin | US 98",,"{""subdivisions"":[{""code"":""FL"",""name"":""Florida"",""type"":""ADMINISTRATIVE_AREA_LEVEL_1""},{""code"":""Okaloosa County"",""name"":""Okaloosa County"",""type"":""ADMINISTRATIVE_AREA_LEVEL_2""},{""code"":""Destin"",""name"":""Destin"",""type"":""ADMINISTRATIVE_AREA_LEVEL_3""},{""code"":""US"",""name"":""United States"",""type"":""COUNTRY""}],""city"":""Destin"",""location"":{""latitude"":30.390943699999998,""longitude"":-86.4225252},""countryFullname"":""United States"",""streetAddress"":{""apt"":""C110"",""name"":""Legendary Drive"",""number"":""4304""},""formatted"":""4304 Legendary Dr C110, Destin, FL 32541"",""country"":""US"",""postalCode"":""32541"",""subdivision"":""FL""}","(850) 460-8355","https://www.eljalisco.com/locations/destin/","$$","El Jalisco Destin serves Mexican-inspired food in Destin | US 98, with tacos and casual lunch or dinner options.","Mon: 11:00 AM – 9:30 PM; Tue: 11:00 AM – 9:30 PM; Wed: 11:00 AM – 9:30 PM; Thu: 11:00 AM – 9:30 PM; Fri: 11:00 AM – 10:30 PM; Sat: 11:00 AM – 10:30 PM; Sun: 11:00 AM – 9:00 PM","/restaurants1/",,,,"[""Casual Dining""]","[""Mexican""]","[""Lunch"",""Dinner""]","[""Tacos""]","ChIJh4LD11BDkYgRtJCLI-Fi4aI","[""Yes""]","[""In Review""]","[""In Review""]","[""In Review""]","[""In Review""]","[""No""]","[""Coming Soon""]","https://www.facebook.com/eljaliscodestin/","https://www.instagram.com/eljaliscodestin/","[""Yes""]","[""Restaurant""]","El Jalisco Destin Tacos Mexican Casual Dining Mid-Destin Destin | US 98","12d481c4-6a12-4f93-94a9-16a81cfb6204",2026-05-16T20:53:08Z,2026-05-16T20:53:08Z,"de29ed44-ed1b-41d4-b93d-94f3e3c2dc4d","No",2026-05-16T20:53:08Z,
"PUBLISHED","LandShark Bar & Grill","landshark-bar-and-grill-sandestin","/restaurants/landshark-bar-%26-grill","Sandestin","sandestin","Baytowne Wharf | Sandestin",,"{""subdivisions"":[{""code"":""FL"",""name"":""Florida"",""type"":""ADMINISTRATIVE_AREA_LEVEL_1""},{""code"":""Walton County"",""name"":""Walton County"",""type"":""ADMINISTRATIVE_AREA_LEVEL_2""},{""code"":""Miramar Beach"",""name"":""Miramar Beach"",""type"":""ADMINISTRATIVE_AREA_LEVEL_3""},{""code"":""US"",""name"":""United States"",""type"":""COUNTRY""}],""city"":""Miramar Beach"",""location"":{""latitude"":30.3901988,""longitude"":-86.3248576},""countryFullname"":""United States"",""streetAddress"":{""apt"":"""",""name"":""Baytowne Wharf Boulevard"",""number"":""9100""},""formatted"":""9100 Baytowne Wharf Blvd, Miramar Beach, FL 32550"",""country"":""US"",""postalCode"":""32550"",""subdivision"":""FL""}","(850) 308-2458","https://miramarbeach.landsharkbarandgrill.com/","$$","LandShark Bar & Grill is a bar and restaurant in Baytowne Wharf | Sandestin, good for drinks, casual food, and a relaxed meal with friends.","Mon: 11:00 AM – 9:00 PM; Tue: 11:00 AM – 9:00 PM; Wed: 11:00 AM – 9:00 PM; Thu: 11:00 AM – 9:00 PM; Fri: 11:00 AM – 9:00 PM; Sat: 11:00 AM – 9:00 PM; Sun: 11:00 AM – 9:00 PM","/restaurants1/",,,,"[""Casual Dining"",""Bar""]","[""American"",""Seafood""]","[""Lunch"",""Dinner""]","[""Burgers"",""Tacos""]","ChIJp7I9TwJfkYgRC--0XQFD1SY","[""Yes""]","[""In Review""]","[""In Review""]","[""Yes""]","[""In Review""]","[""No""]","[""Coming Soon""]","https://www.facebook.com/people/LandShark-Bar-Grill-Miramar-Beach/100094416669853/","https://www.instagram.com/landsharkbargrillmiramarbeach/","[""Yes""]","[""Bar & Restaurant""]","LandShark Bar & Grill Burgers Tacos American Seafood Casual Dining Bar Sandestin Baytowne Wharf | Sandestin","12decfdf-ed74-4f58-bbf0-4fc3d863cc8a",2026-05-16T20:53:08Z,2026-05-16T20:53:08Z,"de29ed44-ed1b-41d4-b93d-94f3e3c2dc4d","Yes",2026-05-16T20:53:08Z,
"PUBLISHED","City Food Hall Destin","city-food-hall-destin-mid-destin","/restaurants/city-food-hall-destin","Mid-Destin","mid-destin","Destin | US 98",,"{""subdivisions"":[{""code"":""FL"",""name"":""Florida"",""type"":""ADMINISTRATIVE_AREA_LEVEL_1""},{""code"":""Okaloosa County"",""name"":""Okaloosa County"",""type"":""ADMINISTRATIVE_AREA_LEVEL_2""},{""code"":""Destin"",""name"":""Destin"",""type"":""ADMINISTRATIVE_AREA_LEVEL_3""},{""code"":""US"",""name"":""United States"",""type"":""COUNTRY""}],""city"":""Destin"",""location"":{""latitude"":30.390495299999998,""longitude"":-86.4253768},""countryFullname"":""United States"",""streetAddress"":{""apt"":""suite h-100"",""name"":""Legendary Drive"",""number"":""4237""},""formatted"":""4237 Legendary Dr suite h-100, Destin, FL 32541"",""country"":""US"",""postalCode"":""32541"",""subdivision"":""FL""}","(850) 296-7229","http://www.cityfoodhall.com/","$$","City Food Hall Destin is an American restaurant in Destin | US 98, included as part of the Destin dining corridor draft for further verification. Google currently lists this business as temporarily closed; verify before publishing.",,"/restaurants1/",,,,"[""Casual Dining""]","[""American""]","[""Lunch"",""Dinner""]","[""Market""]","ChIJH1CI8qVDkYgRzeXr4L5jgak","[""In Review""]","[""In Review""]","[""In Review""]","[""In Review""]","[""In Review""]","[""No""]","[""Coming Soon""]","http://www.facebook.com/2008/fbml/","https://www.instagram.com/cityfoodhall/","[""Yes""]","[""Restaurant""]","City Food Hall Destin Market American Casual Dining Mid-Destin Destin | US 98","13f26841-0d0a-46ba-bcf0-ae6854f516bd",2026-05-16T20:53:08Z,2026-05-16T20:53:08Z,"de29ed44-ed1b-41d4-b93d-94f3e3c2dc4d","No",2026-05-16T20:53:08Z,
"PUBLISHED",,,"/restaurants/south-of-philly",,,,,,,,,,,"/restaurants1/",,,,,,,,,,,,,,,,,,,,,"1462cb68-0f47-4c37-88cc-d68881986267",2026-04-19T20:00:16Z,2026-05-16T20:53:54Z,"de29ed44-ed1b-41d4-b93d-94f3e3c2dc4d",,2026-04-19T20:00:16Z,
"PUBLISHED","Papa John's Pizza Destin","papa-john-s-pizza-destin-mid-destin","/restaurants/papa-john's-pizza-destin","Mid-Destin","mid-destin","Destin | US 98",,"{""subdivisions"":[{""code"":""FL"",""name"":""Florida"",""type"":""ADMINISTRATIVE_AREA_LEVEL_1""},{""code"":""Okaloosa County"",""name"":""Okaloosa County"",""type"":""ADMINISTRATIVE_AREA_LEVEL_2""},{""code"":""Destin"",""name"":""Destin"",""type"":""ADMINISTRATIVE_AREA_LEVEL_3""},{""code"":""US"",""name"":""United States"",""type"":""COUNTRY""}],""city"":""Destin"",""location"":{""latitude"":30.3870639,""longitude"":-86.40944209999999},""countryFullname"":""United States"",""streetAddress"":{""apt"":"""",""name"":""Emerald Coast Parkway"",""number"":""36088""},""formatted"":""36088 Emerald Coast Pkwy, Destin, FL 32541"",""country"":""US"",""postalCode"":""32541"",""subdivision"":""FL""}","(850) 650-3636","https://locations.papajohns.com/united-states/fl/32541/destin/36088-emerald-coast-pkwy?utm_source=gmb&utm_medium=organic&y_source=1_MTA2OTMyMjYtNzE1LWxvY2F0aW9uLndlYnNpdGU%3D","$","Papa John's Pizza Destin is a quick pizza option in Destin | US 98, convenient for casual meals, takeout, or family dining.","Mon: 10:00 AM – 12:00 AM; Tue: 10:00 AM – 12:00 AM; Wed: 10:00 AM – 12:00 AM; Thu: 10:00 AM – 12:00 AM; Fri: 10:00 AM – 1:00 AM; Sat: 10:00 AM – 1:00 AM; Sun: 10:00 AM – 12:00 AM","/restaurants1/",,,,"[""Fast Casual""]","[""Italian"",""American""]","[""Lunch"",""Dinner""]","[""Pizza""]","ChIJpRcqGqhckYgRhkCL0dt4t8g","[""In Review""]","[""In Review""]","[""In Review""]","[""No""]","[""In Review""]","[""No""]","[""Coming Soon""]",,,"[""Yes""]","[""Restaurant""]","Papa John's Pizza Destin Pizza Italian American Fast Casual Mid-Destin Destin | US 98","14943abf-91b1-44c5-a91a-59ba2039e675",2026-05-16T20:53:08Z,2026-05-16T20:53:08Z,"de29ed44-ed1b-41d4-b93d-94f3e3c2dc4d","No",2026-05-16T20:53:08Z,
"PUBLISHED",,,"/restaurants/crepes-du-soleil",,,,,,,,,,,"/restaurants1/",,,,,,,,,,,,,,,,,,,,,"14aa1a7d-3169-4a83-8f8b-dc9d371142b7",2026-04-19T20:00:16Z,2026-05-16T20:53:54Z,"de29ed44-ed1b-41d4-b93d-94f3e3c2dc4d",,2026-04-19T20:00:16Z,
"PUBLISHED",,,"/restaurants/stinky%E2%80%99s-fish-camp",,,,,,,,,,,"/restaurants1/",,,,,,,,,,,,,,,,,,,,,"1571e51b-fa9c-452f-9793-266b99400793",2026-04-19T20:00:16Z,2026-05-16T20:53:54Z,"de29ed44-ed1b-41d4-b93d-94f3e3c2dc4d",,2026-04-19T20:00:16Z,
"PUBLISHED","The Crab Trap Destin","the-crab-trap-destin-crystal-beach","/restaurants/the-crab-trap-destin","Crystal Beach","crystal-beach","Crystal Beach | Scenic 98",,"{""subdivisions"":[{""code"":""FL"",""name"":""Florida"",""type"":""ADMINISTRATIVE_AREA_LEVEL_1""},{""code"":""Okaloosa County"",""name"":""Okaloosa County"",""type"":""ADMINISTRATIVE_AREA_LEVEL_2""},{""code"":""Destin"",""name"":""Destin"",""type"":""ADMINISTRATIVE_AREA_LEVEL_3""},{""code"":""US"",""name"":""United States"",""type"":""COUNTRY""}],""city"":""Destin"",""location"":{""latitude"":30.3805186,""longitude"":-86.4088597},""countryFullname"":""United States"",""streetAddress"":{""apt"":"""",""name"":""Scenic Highway 98"",""number"":""3500""},""formatted"":""3500 Scenic Hwy 98, Destin, FL 32541"",""country"":""US"",""postalCode"":""32541"",""subdivision"":""FL""}","(850) 654-2722","http://www.crabtrapflorida.com/","$$","The Crab Trap Destin is a casual bar and restaurant in Crystal Beach | Scenic 98 with seafood-focused dishes and a relaxed coastal atmosphere.","Mon: 11:00 AM – 10:00 PM; Tue: 11:00 AM – 10:00 PM; Wed: 11:00 AM – 10:00 PM; Thu: 11:00 AM – 10:00 PM; Fri: 11:00 AM – 10:00 PM; Sat: 11:00 AM – 10:00 PM; Sun: 11:00 AM – 10:00 PM","/restaurants1/",,,,"[""Casual Dining"",""Bar""]","[""Seafood"",""American""]","[""Lunch"",""Dinner""]","[""Seafood"",""Oyster Bar""]","ChIJQ_oeslBbkYgRMeqVGFOoAGA","[""Yes""]","[""In Review""]","[""In Review""]","[""Yes""]","[""In Review""]","[""No""]","[""Coming Soon""]",,,"[""Yes""]","[""Bar & Restaurant""]","The Crab Trap Destin Seafood Oyster Bar Seafood American Casual Dining Bar Crystal Beach Crystal Beach | Scenic 98","15791d11-427a-450a-b261-c221e6937857",2026-05-16T20:53:08Z,2026-05-16T20:53:08Z,"de29ed44-ed1b-41d4-b93d-94f3e3c2dc4d","Yes",2026-05-16T20:53:08Z,
"PUBLISHED","Yaki","yaki-sandestin","/restaurants/yaki","Sandestin","sandestin","Baytowne Wharf | Sandestin",,"{""subdivisions"":[{""code"":""FL"",""name"":""Florida"",""type"":""ADMINISTRATIVE_AREA_LEVEL_1""},{""code"":""Walton County"",""name"":""Walton County"",""type"":""ADMINISTRATIVE_AREA_LEVEL_2""},{""code"":""Miramar Beach"",""name"":""Miramar Beach"",""type"":""ADMINISTRATIVE_AREA_LEVEL_3""},{""code"":""US"",""name"":""United States"",""type"":""COUNTRY""}],""city"":""Miramar Beach"",""location"":{""latitude"":30.3893897,""longitude"":-86.32533629999999},""countryFullname"":""United States"",""streetAddress"":{""apt"":""A15"",""name"":""Cannery Lane"",""number"":""108""},""formatted"":""108 Cannery Ln A15, Miramar Beach, FL 32550"",""country"":""US"",""postalCode"":""32550"",""subdivision"":""FL""}","(850) 353-2200","https://www.facebook.com/yakivillage","$$","Yaki is a fast-casual restaurant in Baytowne Wharf | Sandestin, convenient for a quick lunch, dinner, or takeout.","Mon: 11:00 AM – 9:00 PM; Tue: 11:00 AM – 9:00 PM; Wed: 11:00 AM – 9:00 PM; Thu: 11:00 AM – 9:00 PM; Fri: 11:00 AM – 9:00 PM; Sat: 11:00 AM – 9:00 PM; Sun: 11:00 AM – 9:00 PM","/restaurants1/",,,,"[""Fast Casual""]","[""Asian"",""Japanese""]","[""Lunch"",""Dinner""]","[""Grill"",""Sushi""]","ChIJ4VL5p8JfkYgRaY_akF_QzFw","[""In Review""]","[""In Review""]","[""In Review""]","[""In Review""]","[""In Review""]","[""No""]","[""Coming Soon""]",,,"[""Yes""]","[""Restaurant""]","Yaki Grill Sushi Asian Japanese Fast Casual Sandestin Baytowne Wharf | Sandestin","159bb81d-bb85-495b-9ce1-5d98191c4cba",2026-05-16T20:53:08Z,2026-05-16T20:53:08Z,"de29ed44-ed1b-41d4-b93d-94f3e3c2dc4d","No",2026-05-16T20:53:08Z,
"PUBLISHED","Dewey Destin's Seafood Restaurant","dewey-destin-s-seafood-restaurant-destin-harbor","/restaurants/dewey-destin's-seafood-restaurant","Destin Harbor","destin-harbor","Destin | Calhoun Avenue",,"{""subdivisions"":[{""code"":""FL"",""name"":""Florida"",""type"":""ADMINISTRATIVE_AREA_LEVEL_1""},{""code"":""Okaloosa County"",""name"":""Okaloosa County"",""type"":""ADMINISTRATIVE_AREA_LEVEL_2""},{""code"":""Destin"",""name"":""Destin"",""type"":""ADMINISTRATIVE_AREA_LEVEL_3""},{""code"":""US"",""name"":""United States"",""type"":""COUNTRY""}],""city"":""Destin"",""location"":{""latitude"":30.397453799999997,""longitude"":-86.5150747},""countryFullname"":""United States"",""streetAddress"":{""apt"":"""",""name"":""Calhoun Avenue"",""number"":""9""},""formatted"":""9 Calhoun Ave, Destin, FL 32541"",""country"":""US"",""postalCode"":""32541"",""subdivision"":""FL""}","(850) 837-7575","http://www.destinseafood.com/","$$","Dewey Destin's Seafood Restaurant is a seafood restaurant in Destin | Calhoun Avenue, offering a coastal dining option for lunch or dinner.","Mon: 11:00 AM – 8:00 PM; Tue: 11:00 AM – 8:00 PM; Wed: 11:00 AM – 8:00 PM; Thu: 11:00 AM – 8:00 PM; Fri: 11:00 AM – 8:00 PM; Sat: 11:00 AM – 8:00 PM; Sun: 11:00 AM – 8:00 PM","/restaurants1/",,,,"[""Casual Dining""]","[""Seafood"",""American""]","[""Lunch"",""Dinner""]","[""Seafood""]","ChIJvUFrk05BkYgRDBSl7ygD6jM","[""In Review""]","[""In Review""]","[""In Review""]","[""Yes""]","[""In Review""]","[""No""]","[""Coming Soon""]",,,"[""Yes""]","[""Restaurant""]","Dewey Destin's Seafood Restaurant Seafood Seafood American Casual Dining Destin Harbor Destin | Calhoun Avenue","159c7e2d-7eb9-4b48-9bc3-d01239a857dd",2026-05-16T20:53:08Z,2026-05-16T20:53:08Z,"de29ed44-ed1b-41d4-b93d-94f3e3c2dc4d","Yes",2026-05-16T20:53:08Z,
"PUBLISHED","Mellow Mushroom Destin","mellow-mushroom-destin-mid-destin","/restaurants/mellow-mushroom-destin","Mid-Destin","mid-destin","Destin | US 98",,"{""subdivisions"":[{""code"":""FL"",""name"":""Florida"",""type"":""ADMINISTRATIVE_AREA_LEVEL_1""},{""code"":""Okaloosa County"",""name"":""Okaloosa County"",""type"":""ADMINISTRATIVE_AREA_LEVEL_2""},{""code"":""Destin"",""name"":""Destin"",""type"":""ADMINISTRATIVE_AREA_LEVEL_3""},{""code"":""US"",""name"":""United States"",""type"":""COUNTRY""}],""city"":""Destin"",""location"":{""latitude"":30.387645699999997,""longitude"":-86.4770202},""countryFullname"":""United States"",""streetAddress"":{""apt"":"""",""name"":""U.S. 98"",""number"":""960""},""formatted"":""960 US-98, Destin, FL 32541"",""country"":""US"",""postalCode"":""32541"",""subdivision"":""FL""}","(850) 650-6420","https://mellowmushroom.com/","$$","Mellow Mushroom Destin is a bar and restaurant in Destin | US 98, good for drinks, casual food, and a relaxed meal with friends. Google currently lists this business as permanently closed; verify before publishing.",,"/restaurants1/",,,,"[""Casual Dining"",""Bar""]","[""Italian"",""American""]","[""Lunch"",""Dinner""]","[""Pizza""]","ChIJfQgqeHVEkYgR8V2zcs3-DcQ","[""Yes""]","[""In Review""]","[""In Review""]","[""Yes""]","[""In Review""]","[""No""]","[""Coming Soon""]","https://www.facebook.com/mellowmushroom/","https://www.instagram.com/mellowmushroom/","[""Yes""]","[""Bar & Restaurant""]","Mellow Mushroom Destin Pizza Italian American Casual Dining Bar Mid-Destin Destin | US 98","16870863-d19b-43ed-833e-6534826965c1",2026-05-16T20:53:08Z,2026-05-16T20:53:08Z,"de29ed44-ed1b-41d4-b93d-94f3e3c2dc4d","No",2026-05-16T20:53:08Z,
"PUBLISHED","Mary's Kitchen","mary-s-kitchen-mid-destin","/restaurants/mary's-kitchen","Mid-Destin","mid-destin","Destin | US 98",,"{""subdivisions"":[{""code"":""FL"",""name"":""Florida"",""type"":""ADMINISTRATIVE_AREA_LEVEL_1""},{""code"":""Okaloosa County"",""name"":""Okaloosa County"",""type"":""ADMINISTRATIVE_AREA_LEVEL_2""},{""code"":""Destin"",""name"":""Destin"",""type"":""ADMINISTRATIVE_AREA_LEVEL_3""},{""code"":""US"",""name"":""United States"",""type"":""COUNTRY""}],""city"":""Destin"",""location"":{""latitude"":30.3861307,""longitude"":-86.4656479},""countryFullname"":""United States"",""streetAddress"":{""apt"":"""",""name"":""U.S. 98"",""number"":""1083""},""formatted"":""1083 US-98, Destin, FL 32541"",""country"":""US"",""postalCode"":""32541"",""subdivision"":""FL""}","(850) 842-4435","https://www.maryskitchendestin.com/","$","Mary's Kitchen is a breakfast and lunch spot in Destin | US 98, good for a casual morning meal, brunch, or daytime bite. Google currently lists this business as permanently closed; verify before publishing.",,"/restaurants1/",,,,"[""Casual Dining""]","[""American"",""Southern""]","[""Breakfast"",""Lunch""]","[""Breakfast Spot"",""Grill""]","ChIJz3FD6HhEkYgRR1T9iWmaXH8","[""In Review""]","[""In Review""]","[""In Review""]","[""In Review""]","[""In Review""]","[""No""]","[""Coming Soon""]",,,"[""Yes""]","[""Restaurant""]","Mary's Kitchen Breakfast Spot Grill American Southern Casual Dining Mid-Destin Destin | US 98","175216cd-f40a-49d5-b3c3-2e5228282a95",2026-05-16T20:53:08Z,2026-05-16T20:53:08Z,"de29ed44-ed1b-41d4-b93d-94f3e3c2dc4d","No",2026-05-16T20:53:08Z,
"PUBLISHED","Sundries General Market","sundries-general-market-sandestin","/restaurants/sundries-general-market","Sandestin","sandestin","Baytowne Wharf | Sandestin",,"{""subdivisions"":[{""code"":""FL"",""name"":""Florida"",""type"":""ADMINISTRATIVE_AREA_LEVEL_1""},{""code"":""Walton County"",""name"":""Walton County"",""type"":""ADMINISTRATIVE_AREA_LEVEL_2""},{""code"":""Miramar Beach"",""name"":""Miramar Beach"",""type"":""ADMINISTRATIVE_AREA_LEVEL_3""},{""code"":""US"",""name"":""United States"",""type"":""COUNTRY""}],""city"":""Miramar Beach"",""location"":{""latitude"":30.389461699999995,""longitude"":-86.3242136},""countryFullname"":""United States"",""streetAddress"":{""apt"":"""",""name"":""Baytowne Wharf Boulevard"",""number"":""9100""},""formatted"":""9100 Baytowne Wharf Blvd, Miramar Beach, FL 32550"",""country"":""US"",""postalCode"":""32550"",""subdivision"":""FL""}","(850) 759-5400","http://www.sundriesgeneralmarket.com/","$","Sundries General Market is a fast-casual option in Baytowne Wharf | Sandestin for breakfast, lunch, or an easy meal on the go.","Mon: 8:00 AM – 10:00 PM; Tue: 8:00 AM – 10:00 PM; Wed: 8:00 AM – 10:00 PM; Thu: 8:00 AM – 10:00 PM; Fri: 8:00 AM – 10:00 PM; Sat: 8:00 AM – 10:00 PM; Sun: 8:00 AM – 10:00 PM","/restaurants1/",,,,"[""Fast Casual""]","[""American""]","[""Breakfast"",""Lunch"",""Dinner""]","[""Market""]","ChIJT3IoiG1fkYgRFBmbPtlddwc","[""In Review""]","[""In Review""]","[""In Review""]","[""No""]","[""In Review""]","[""No""]","[""Coming Soon""]","https://www.facebook.com/p/Sundries-General-Market-100085361266774/","https://www.instagram.com/sundries_general_market/","[""Yes""]","[""Restaurant""]","Sundries General Market Market American Fast Casual Sandestin Baytowne Wharf | Sandestin","175cc8f9-6746-4d41-9a80-68a284f45ce1",2026-05-16T20:53:08Z,2026-05-16T20:53:08Z,"de29ed44-ed1b-41d4-b93d-94f3e3c2dc4d","No",2026-05-16T20:53:08Z,
"PUBLISHED",,,"/restaurants/georges-at-alys-beach",,,,,,,,,,,"/restaurants1/",,,,,,,,,,,,,,,,,,,,,"17a4cdd2-e7fd-4392-812d-0301615b8f78",2026-04-19T20:00:16Z,2026-05-16T20:53:54Z,"de29ed44-ed1b-41d4-b93d-94f3e3c2dc4d",,2026-04-19T20:00:16Z,
"PUBLISHED","Bitterroot","bitterroot-destin-commons","/restaurants/bitterroot","Destin Commons","destin-commons","Commons Drive | Destin",,"{""subdivisions"":[{""code"":""FL"",""name"":""Florida"",""type"":""ADMINISTRATIVE_AREA_LEVEL_1""},{""code"":""Okaloosa County"",""name"":""Okaloosa County"",""type"":""ADMINISTRATIVE_AREA_LEVEL_2""},{""code"":""Destin"",""name"":""Destin"",""type"":""ADMINISTRATIVE_AREA_LEVEL_3""},{""code"":""US"",""name"":""United States"",""type"":""COUNTRY""}],""city"":""Destin"",""location"":{""latitude"":30.388260000000002,""longitude"":-86.43890669999999},""countryFullname"":""United States"",""streetAddress"":{""apt"":""10a"",""name"":""Commons Drive West"",""number"":""4463""},""formatted"":""4463 Commons Dr W #10a, Destin, FL 32541"",""country"":""US"",""postalCode"":""32541"",""subdivision"":""FL""}","(850) 460-8881","http://bitterrootdestin.com/","$$$","Bitterroot is an upscale restaurant and bar in Commons Drive | Destin, offering a more refined option for lunch, dinner, or drinks.","Mon: 11:00 AM – 9:00 PM; Tue: 11:00 AM – 9:00 PM; Wed: 11:00 AM – 9:00 PM; Thu: 11:00 AM – 9:00 PM; Fri: 11:00 AM – 10:00 PM; Sat: 11:00 AM – 10:00 PM; Sun: 11:00 AM – 9:00 PM","/restaurants1/",,,,"[""Upscale"",""Bar""]","[""American"",""Southern""]","[""Dinner""]","[""Tapas"",""Steak""]","ChIJG2YsvH1DkYgRJi5yjRt_WTI","[""Yes""]","[""In Review""]","[""In Review""]","[""In Review""]","[""In Review""]","[""Yes""]","[""Coming Soon""]",,,"[""No""]","[""Bar & Restaurant""]","Bitterroot Tapas Steak American Southern Upscale Bar Destin Commons Commons Drive | Destin","184919a2-3002-4969-9012-0b9f36676e8e",2026-05-16T20:53:08Z,2026-05-16T20:53:08Z,"de29ed44-ed1b-41d4-b93d-94f3e3c2dc4d","No",2026-05-16T20:53:08Z,
"PUBLISHED","The Back Porch","the-back-porch-mid-destin","/restaurants/the-back-porch","Mid-Destin","mid-destin","Destin | Old 98",,"{""subdivisions"":[{""code"":""FL"",""name"":""Florida"",""type"":""ADMINISTRATIVE_AREA_LEVEL_1""},{""code"":""Okaloosa County"",""name"":""Okaloosa County"",""type"":""ADMINISTRATIVE_AREA_LEVEL_2""},{""code"":""Destin"",""name"":""Destin"",""type"":""ADMINISTRATIVE_AREA_LEVEL_3""},{""code"":""US"",""name"":""United States"",""type"":""COUNTRY""}],""city"":""Destin"",""location"":{""latitude"":30.3841185,""longitude"":-86.4581941},""countryFullname"":""United States"",""streetAddress"":{""apt"":"""",""name"":""Scenic Highway 98"",""number"":""1740""},""formatted"":""1740 Scenic Hwy 98, Destin, FL 32541"",""country"":""US"",""postalCode"":""32541"",""subdivision"":""FL""}","(850) 837-2022","http://www.theback-porch.com/locations","$$","The Back Porch is a casual bar and restaurant in Destin | Old 98 with seafood-focused dishes and a relaxed coastal atmosphere.","Mon: 11:00 AM – 9:00 PM; Tue: 11:00 AM – 9:00 PM; Wed: 11:00 AM – 9:00 PM; Thu: 11:00 AM – 9:00 PM; Fri: 11:00 AM – 9:00 PM; Sat: 11:00 AM – 9:00 PM; Sun: 11:00 AM – 9:00 PM","/restaurants1/",,,,"[""Casual Dining"",""Bar""]","[""Seafood"",""American""]","[""Lunch"",""Dinner""]","[""Seafood"",""Oyster Bar""]","ChIJmf-KkYBEkYgR6mND-UmLEMo","[""Yes""]","[""In Review""]","[""In Review""]","[""Yes""]","[""In Review""]","[""No""]","[""Coming Soon""]","http://www.facebook.com/2008/fbml/",,"[""Yes""]","[""Bar & Restaurant""]","The Back Porch Seafood Oyster Bar Seafood American Casual Dining Bar Mid-Destin Destin | Old 98","18db22e8-c4c3-4595-80a2-e78e45bc647e",2026-05-16T20:53:08Z,2026-05-16T20:53:08Z,"de29ed44-ed1b-41d4-b93d-94f3e3c2dc4d","Yes",2026-05-16T20:53:08Z,
"PUBLISHED",,,"/restaurants/johnny-mctighes-irish-pub",,,,,,,,,,,"/restaurants1/",,,,,,,,,,,,,,,,,,,,,"18f8cb1b-bea9-4aab-a7aa-56d3af81220e",2026-04-19T20:00:16Z,2026-05-16T20:53:54Z,"de29ed44-ed1b-41d4-b93d-94f3e3c2dc4d",,2026-04-19T20:00:16Z,
"PUBLISHED",,,"/restaurants/pickles-burger-and-shake",,,,,,,,,,,"/restaurants1/",,,,,,,,,,,,,,,,,,,,,"1a59b7e5-b978-42ad-9d4e-dc8b69634f6d",2026-04-19T20:00:16Z,2026-05-16T20:53:54Z,"de29ed44-ed1b-41d4-b93d-94f3e3c2dc4d",,2026-04-19T20:00:16Z,
"PUBLISHED","The Melting Pot","the-melting-pot-mid-destin","/restaurants/the-melting-pot","Mid-Destin","mid-destin","Destin | US 98",,"{""subdivisions"":[{""code"":""FL"",""name"":""Florida"",""type"":""ADMINISTRATIVE_AREA_LEVEL_1""},{""code"":""Walton County"",""name"":""Walton County"",""type"":""ADMINISTRATIVE_AREA_LEVEL_2""},{""code"":""Destin"",""name"":""Destin"",""type"":""ADMINISTRATIVE_AREA_LEVEL_3""},{""code"":""US"",""name"":""United States"",""type"":""COUNTRY""}],""city"":""Destin"",""location"":{""latitude"":30.384547199999997,""longitude"":-86.3622453},""countryFullname"":""United States"",""streetAddress"":{""apt"":"""",""name"":""U.S. 98"",""number"":""11394""},""formatted"":""11394 US-98, Destin, FL 32550"",""country"":""US"",""postalCode"":""32550"",""subdivision"":""FL""}","(850) 269-2227","https://www.meltingpot.com/destin-fl/","$$$","The Melting Pot is a date-night dining option in Destin | US 98, centered around a slower, more interactive dinner experience.","Mon: 4:00 – 9:00 PM; Tue: 4:00 – 9:00 PM; Wed: 4:00 – 9:00 PM; Thu: 4:00 – 9:00 PM; Fri: 4:00 – 10:00 PM; Sat: 12:00 – 10:00 PM; Sun: 12:00 – 9:00 PM","/restaurants1/",,,,"[""Romantic"",""Casual Dining""]","[""American""]","[""Dinner""]","[""Tapas""]","ChIJq2p6HIpbkYgR53KTmMhanD0","[""In Review""]","[""In Review""]","[""In Review""]","[""No""]","[""In Review""]","[""Yes""]","[""Coming Soon""]","https://www.facebook.com/themeltingpotrestaurants/","https://www.instagram.com/themeltingpotrestaurants/","[""Yes""]","[""Restaurant""]","The Melting Pot Tapas American Romantic Casual Dining Mid-Destin Destin | US 98","1b36fa2f-e3b1-405e-b06f-f2d775d587f6",2026-05-16T20:53:08Z,2026-05-16T20:53:08Z,"de29ed44-ed1b-41d4-b93d-94f3e3c2dc4d","No",2026-05-16T20:53:08Z,
"PUBLISHED","Harbor Docks","harbor-docks-destin-harbor","/restaurants/harbor-docks","Destin Harbor","destin-harbor","Destin Harbor",,"{""subdivisions"":[{""code"":""FL"",""name"":""Florida"",""type"":""ADMINISTRATIVE_AREA_LEVEL_1""},{""code"":""Okaloosa County"",""name"":""Okaloosa County"",""type"":""ADMINISTRATIVE_AREA_LEVEL_2""},{""code"":""Destin"",""name"":""Destin"",""type"":""ADMINISTRATIVE_AREA_LEVEL_3""},{""code"":""US"",""name"":""United States"",""type"":""COUNTRY""}],""city"":""Destin"",""location"":{""latitude"":30.3919075,""longitude"":-86.4970093},""countryFullname"":""United States"",""streetAddress"":{""apt"":"""",""name"":""Harbor Boulevard"",""number"":""538""},""formatted"":""538 Harbor Blvd, Destin, FL 32541"",""country"":""US"",""postalCode"":""32541"",""subdivision"":""FL""}","(850) 837-2506","https://www.harbordocks.com/","$$","Harbor Docks is a casual bar and restaurant in Destin Harbor with seafood-focused dishes and a relaxed coastal atmosphere.","Mon: 11:00 AM – 10:30 PM; Tue: 11:00 AM – 10:30 PM; Wed: 11:00 AM – 10:30 PM; Thu: 11:00 AM – 11:00 PM; Fri: 11:00 AM – 11:00 PM; Sat: 11:00 AM – 11:00 PM; Sun: 11:00 AM – 11:00 PM","/restaurants1/",,,,"[""Casual Dining"",""Bar""]","[""Seafood"",""Japanese"",""Sushi""]","[""Breakfast"",""Lunch"",""Dinner""]","[""Seafood"",""Sushi""]","ChIJr9On__5DkYgRtw8ekWhgS8I","[""Yes""]","[""In Review""]","[""In Review""]","[""Yes""]","[""In Review""]","[""Yes""]","[""Coming Soon""]","https://www.facebook.com/HarborDocks/","https://www.instagram.com/harbordocks/","[""Yes""]","[""Bar & Restaurant""]","Harbor Docks Seafood Sushi Seafood Japanese Sushi Casual Dining Bar Destin Harbor Destin Harbor","1b6c5346-9d51-4c28-a3b3-4ec00a178c93",2026-05-16T20:53:08Z,2026-05-16T20:53:08Z,"de29ed44-ed1b-41d4-b93d-94f3e3c2dc4d","Yes",2026-05-16T20:53:08Z,
"PUBLISHED","Fat Tuesday Daiquiri Bar","fat-tuesday-daiquiri-bar-sandestin","/restaurants/fat-tuesday-daiquiri-bar","Sandestin","sandestin","Baytowne Wharf | Sandestin",,"{""subdivisions"":[{""code"":""FL"",""name"":""Florida"",""type"":""ADMINISTRATIVE_AREA_LEVEL_1""},{""code"":""Walton County"",""name"":""Walton County"",""type"":""ADMINISTRATIVE_AREA_LEVEL_2""},{""code"":""Miramar Beach"",""name"":""Miramar Beach"",""type"":""ADMINISTRATIVE_AREA_LEVEL_3""},{""code"":""US"",""name"":""United States"",""type"":""COUNTRY""}],""city"":""Miramar Beach"",""location"":{""latitude"":30.389836,""longitude"":-86.325374},""countryFullname"":""United States"",""streetAddress"":{""apt"":"""",""name"":""Fisherman's Cove"",""number"":""132""},""formatted"":""132 Fisherman's Cove, Miramar Beach, FL 32550"",""country"":""US"",""postalCode"":""32550"",""subdivision"":""FL""}","(850) 351-1809","https://www.sandestin.com/fat-tuesday-daiquiri-bar?utm_source=google-gbp&utm_medium=organic&utm_campaign=gbp","$$","Fat Tuesday Daiquiri Bar is a bar and restaurant in Baytowne Wharf | Sandestin, good for drinks, casual food, and a relaxed meal with friends.","Mon: 4:00 – 10:00 PM; Tue: 4:00 – 10:00 PM; Wed: 4:00 – 10:00 PM; Thu: 4:00 – 10:00 PM; Fri: 1:00 – 11:00 PM; Sat: 1:00 – 11:00 PM; Sun: 1:00 – 11:00 PM","/restaurants1/",,,,"[""Bar""]","[""American""]","[""Lunch"",""Dinner""]","[""Grill"",""Market""]","ChIJiVxxKbJekYgRqymiwwLpYCo","[""Yes""]","[""In Review""]","[""In Review""]","[""In Review""]","[""In Review""]","[""No""]","[""Coming Soon""]","https://www.facebook.com/Sandestin/","https://www.instagram.com/sandestin/","[""In Review""]","[""Bar & Restaurant""]","Fat Tuesday Daiquiri Bar Grill Market American Bar Sandestin Baytowne Wharf | Sandestin","1b97f6b5-c5ff-4053-a798-4ae7d6c8a26c",2026-05-16T20:53:08Z,2026-05-16T20:53:08Z,"de29ed44-ed1b-41d4-b93d-94f3e3c2dc4d","No",2026-05-16T20:53:08Z,
"PUBLISHED","Talay Thai Cuisine","talay-thai-cuisine-miramar-beach","/restaurants/talay-thai-cuisine","Miramar Beach","miramar-beach","Miramar Beach | US 98",,"{""subdivisions"":[{""code"":""FL"",""name"":""Florida"",""type"":""ADMINISTRATIVE_AREA_LEVEL_1""},{""code"":""Walton County"",""name"":""Walton County"",""type"":""ADMINISTRATIVE_AREA_LEVEL_2""},{""code"":""Miramar Beach"",""name"":""Miramar Beach"",""type"":""ADMINISTRATIVE_AREA_LEVEL_3""},{""code"":""US"",""name"":""United States"",""type"":""COUNTRY""}],""city"":""Miramar Beach"",""location"":{""latitude"":30.384263099999995,""longitude"":-86.38757299999999},""countryFullname"":""United States"",""streetAddress"":{""apt"":""STE 105B"",""name"":""Emerald Coast Parkway West"",""number"":""12889""},""formatted"":""12889 Emerald Coast Pkwy W STE 105B, Miramar Beach, FL 32550"",""country"":""US"",""postalCode"":""32550"",""subdivision"":""FL""}","(850) 424-6344","https://www.talaythaicuisinemiramarbeach.com/","$$","Talay Thai Cuisine is an Asian restaurant in Miramar Beach | US 98, included as part of the Destin dining corridor draft for further verification.","Mon: 11:00 AM – 8:30 PM; Tue: 11:00 AM – 8:30 PM; Wed: 11:00 AM – 8:30 PM; Thu: 11:00 AM – 8:30 PM; Fri: 11:00 AM – 8:30 PM; Sat: 11:00 AM – 8:30 PM; Sun: Closed","/restaurants1/",,,,"[""Casual Dining""]","[""Asian""]","[""Lunch"",""Dinner""]","[""Noodles""]","ChIJh94CogZbkYgRUoWiG67Lmx4","[""In Review""]","[""In Review""]","[""In Review""]","[""In Review""]","[""In Review""]","[""In Review""]","[""Coming Soon""]",,,"[""Yes""]","[""Restaurant""]","Talay Thai Cuisine Noodles Asian Casual Dining Miramar Beach Miramar Beach | US 98","1ce36d21-9f87-4986-b9c0-1d64d2c30d2c",2026-05-16T20:53:08Z,2026-05-16T20:53:08Z,"de29ed44-ed1b-41d4-b93d-94f3e3c2dc4d","No",2026-05-16T20:53:08Z,
"PUBLISHED",,,"/restaurants/vue-on-30a",,,,,,,,,,,"/restaurants1/",,,,,,,,,,,,,,,,,,,,,"1f570810-c683-4a1a-aa00-a293b48b9e3a",2026-04-19T20:00:16Z,2026-05-16T20:53:54Z,"de29ed44-ed1b-41d4-b93d-94f3e3c2dc4d",,2026-04-19T20:00:16Z,
"PUBLISHED","City Social Destin","city-social-destin-destin-commons","/restaurants/city-social-destin","Destin Commons","destin-commons","Destin Commons",,"{""subdivisions"":[{""code"":""FL"",""name"":""Florida"",""type"":""ADMINISTRATIVE_AREA_LEVEL_1""},{""code"":""Okaloosa County"",""name"":""Okaloosa County"",""type"":""ADMINISTRATIVE_AREA_LEVEL_2""},{""code"":""Destin"",""name"":""Destin"",""type"":""ADMINISTRATIVE_AREA_LEVEL_3""},{""code"":""US"",""name"":""United States"",""type"":""COUNTRY""}],""city"":""Destin"",""location"":{""latitude"":30.390495299999998,""longitude"":-86.4253768},""countryFullname"":""United States"",""streetAddress"":{""apt"":""suite h-100"",""name"":""Legendary Drive"",""number"":""4237""},""formatted"":""4237 Legendary Dr suite h-100, Destin, FL 32541"",""country"":""US"",""postalCode"":""32541"",""subdivision"":""FL""}",,"https://www.cityfoodhall.com/destin","$$","City Social Destin is a bar and restaurant in Destin Commons, good for drinks, casual food, and a relaxed meal with friends.","Mon: 11:00 AM – 11:00 PM; Tue: 11:00 AM – 11:00 PM; Wed: 11:00 AM – 11:00 PM; Thu: 11:00 AM – 11:00 PM; Fri: 11:00 AM – 12:00 AM; Sat: 11:00 AM – 12:00 AM; Sun: 11:00 AM – 11:00 PM","/restaurants1/",,,,"[""Casual Dining"",""Bar""]","[""American""]","[""Lunch"",""Dinner""]","[""Tapas"",""Grill""]","ChIJJ-YO1FJDkYgRRjy4BEiovvQ","[""Yes""]","[""In Review""]","[""In Review""]","[""In Review""]","[""In Review""]","[""In Review""]","[""Coming Soon""]",,,"[""In Review""]","[""Bar & Restaurant""]","City Social Destin Tapas Grill American Casual Dining Bar Destin Commons Destin Commons","1f5f8f60-96c6-45b9-8452-bd97153796fb",2026-05-16T20:53:08Z,2026-05-16T20:53:08Z,"de29ed44-ed1b-41d4-b93d-94f3e3c2dc4d","No",2026-05-16T20:53:08Z,
"PUBLISHED","Maple Street Biscuit Company","maple-street-biscuit-company-sandestin","/restaurants/maple-street-biscuit-company","Sandestin","sandestin","The Market Shops | Sandestin",,"{""subdivisions"":[{""code"":""FL"",""name"":""Florida"",""type"":""ADMINISTRATIVE_AREA_LEVEL_1""},{""code"":""Walton County"",""name"":""Walton County"",""type"":""ADMINISTRATIVE_AREA_LEVEL_2""},{""code"":""Miramar Beach"",""name"":""Miramar Beach"",""type"":""ADMINISTRATIVE_AREA_LEVEL_3""},{""code"":""US"",""name"":""United States"",""type"":""COUNTRY""}],""city"":""Miramar Beach"",""location"":{""latitude"":30.3775787,""longitude"":-86.3316748},""countryFullname"":""United States"",""streetAddress"":{""apt"":"""",""name"":""Emerald Coast Parkway West"",""number"":""9375""},""formatted"":""9375 Emerald Coast Pkwy W, Miramar Beach, FL 32550"",""country"":""US"",""postalCode"":""32550"",""subdivision"":""FL""}","(850) 279-6358","https://www.maplestreetbiscuits.com/?olonwp=JjBtp_vMLk25gkYh_bnoiQ","$$","Maple Street Biscuit Company is a breakfast and lunch spot in The Market Shops | Sandestin, good for a casual morning meal, brunch, or daytime bite.","Mon: 7:00 AM – 2:00 PM; Tue: 7:00 AM – 2:00 PM; Wed: 7:00 AM – 2:00 PM; Thu: 7:00 AM – 2:00 PM; Fri: 7:00 AM – 2:00 PM; Sat: 7:00 AM – 3:00 PM; Sun: 7:00 AM – 3:00 PM","/restaurants1/",,,,"[""Casual Dining""]","[""American"",""Southern""]","[""Breakfast"",""Lunch""]","[""Breakfast Spot""]","ChIJleIAku9ZkYgR_kTpudcAPos","[""In Review""]","[""In Review""]","[""In Review""]","[""Yes""]","[""In Review""]","[""No""]","[""Coming Soon""]","http://www.facebook.com/2008/fbml/","https://www.instagram.com/maplestreetbiscuitcompany/","[""Yes""]","[""Restaurant""]","Maple Street Biscuit Company Breakfast Spot American Southern Casual Dining Sandestin The Market Shops | Sandestin","1f711892-7a40-4a6e-80c4-c4d543fd93ef",2026-05-16T20:53:08Z,2026-05-16T20:53:08Z,"de29ed44-ed1b-41d4-b93d-94f3e3c2dc4d","No",2026-05-16T20:53:08Z,
"PUBLISHED","Cannery Lane Cantina","cannery-lane-cantina-sandestin","/restaurants/cannery-lane-cantina","Sandestin","sandestin","Baytowne Wharf | Sandestin",,"{""subdivisions"":[{""code"":""FL"",""name"":""Florida"",""type"":""ADMINISTRATIVE_AREA_LEVEL_1""},{""code"":""Walton County"",""name"":""Walton County"",""type"":""ADMINISTRATIVE_AREA_LEVEL_2""},{""code"":""Miramar Beach"",""name"":""Miramar Beach"",""type"":""ADMINISTRATIVE_AREA_LEVEL_3""},{""code"":""US"",""name"":""United States"",""type"":""COUNTRY""}],""city"":""Miramar Beach"",""location"":{""latitude"":30.389249699999997,""longitude"":-86.3251044},""countryFullname"":""United States"",""streetAddress"":{""apt"":"""",""name"":""Cannery Lane"",""number"":""114""},""formatted"":""114 Cannery Ln, Miramar Beach, FL 32550"",""country"":""US"",""postalCode"":""32550"",""subdivision"":""FL""}","(850) 424-6934","http://www.facebook.com/CanneryLaneCantina/","$$","Cannery Lane Cantina is a bar and restaurant in Baytowne Wharf | Sandestin, good for drinks, casual food, and a relaxed meal with friends.","Mon: Closed; Tue: 1:00 – 8:00 PM; Wed: 1:00 – 8:00 PM; Thu: 1:00 – 8:00 PM; Fri: 1:00 – 8:00 PM; Sat: 1:00 – 8:00 PM; Sun: 1:00 – 6:00 PM","/restaurants1/",,,,"[""Casual Dining"",""Bar""]","[""Mexican"",""American""]","[""Lunch"",""Dinner""]","[""Tacos""]","ChIJT51_S1dfkYgRA4-X6GH4Xxw","[""Yes""]","[""In Review""]","[""In Review""]","[""Yes""]","[""In Review""]","[""No""]","[""Coming Soon""]",,,"[""Yes""]","[""Bar & Restaurant""]","Cannery Lane Cantina Tacos Mexican American Casual Dining Bar Sandestin Baytowne Wharf | Sandestin","1f78e375-4524-4d45-b056-6f071f2415c6",2026-05-16T20:53:08Z,2026-05-16T20:53:08Z,"de29ed44-ed1b-41d4-b93d-94f3e3c2dc4d","No",2026-05-16T20:53:08Z,
"PUBLISHED","Smashburger Destin Commons","smashburger-destin-commons-destin-commons","/restaurants/smashburger-destin-commons","Destin Commons","destin-commons","Destin Commons",,"{""subdivisions"":[{""code"":""FL"",""name"":""Florida"",""type"":""ADMINISTRATIVE_AREA_LEVEL_1""},{""code"":""Okaloosa County"",""name"":""Okaloosa County"",""type"":""ADMINISTRATIVE_AREA_LEVEL_2""},{""code"":""Destin"",""name"":""Destin"",""type"":""ADMINISTRATIVE_AREA_LEVEL_3""},{""code"":""US"",""name"":""United States"",""type"":""COUNTRY""}],""city"":""Destin"",""location"":{""latitude"":30.390053599999998,""longitude"":-86.4248703},""countryFullname"":""United States"",""streetAddress"":{""apt"":"""",""name"":""Legendary Drive"",""number"":""4283""},""formatted"":""4283 Legendary Dr, Destin, FL 32541"",""country"":""US"",""postalCode"":""32541"",""subdivision"":""FL""}","(850) 353-2330","https://smashburger.com/locations/us/fl/destin/4283-legendary-dr?utm_medium=organic&utm_source=local&utm_campaign=googlelistings&utm_content=website&utm_term=1500","$","Smashburger Destin Commons is a fast-casual restaurant in Destin Commons, convenient for a quick lunch, dinner, or takeout.","Mon: 11:00 AM – 8:30 PM; Tue: 11:00 AM – 8:30 PM; Wed: 11:00 AM – 8:30 PM; Thu: 11:00 AM – 8:30 PM; Fri: 11:00 AM – 9:00 PM; Sat: 11:00 AM – 9:00 PM; Sun: 11:00 AM – 8:30 PM","/restaurants1/",,,,"[""Fast Casual""]","[""American""]","[""Lunch"",""Dinner""]","[""Burgers"",""Grill""]","ChIJf3vHJ1FDkYgRQ7TnPjFcgM0","[""In Review""]","[""In Review""]","[""In Review""]","[""Yes""]","[""In Review""]","[""No""]","[""Coming Soon""]","https://www.facebook.com/smashburger/","https://www.instagram.com/smashburger/","[""Yes""]","[""Restaurant""]","Smashburger Destin Commons Burgers Grill American Fast Casual Destin Commons Destin Commons","1fa08d26-ab7c-4bfe-be2a-415ee70a6950",2026-05-16T20:53:08Z,2026-05-16T20:53:08Z,"de29ed44-ed1b-41d4-b93d-94f3e3c2dc4d","No",2026-05-16T20:53:08Z,
"PUBLISHED","Tropical Smoothie Cafe Destin","tropical-smoothie-cafe-destin-mid-destin","/restaurants/tropical-smoothie-cafe-destin","Mid-Destin","mid-destin","Destin | US 98",,"{""subdivisions"":[{""code"":""FL"",""name"":""Florida"",""type"":""ADMINISTRATIVE_AREA_LEVEL_1""},{""code"":""Okaloosa County"",""name"":""Okaloosa County"",""type"":""ADMINISTRATIVE_AREA_LEVEL_2""},{""code"":""Destin"",""name"":""Destin"",""type"":""ADMINISTRATIVE_AREA_LEVEL_3""},{""code"":""US"",""name"":""United States"",""type"":""COUNTRY""}],""city"":""Destin"",""location"":{""latitude"":30.387547,""longitude"":-86.404961},""countryFullname"":""United States"",""streetAddress"":{""apt"":""120"",""name"":""Furling Lane"",""number"":""4495""},""formatted"":""4495 Furling Ln #120, Destin, FL 32541"",""country"":""US"",""postalCode"":""32541"",""subdivision"":""FL""}","(850) 460-8666","https://locations.tropicalsmoothiecafe.com/fl/destin/4495-furling-lane","$","Tropical Smoothie Cafe Destin offers smoothies, juices, and lighter cafe options in Destin | US 98. A convenient choice for a quick, casual meal.","Mon: 7:00 AM – 9:00 PM; Tue: 7:00 AM – 9:00 PM; Wed: 7:00 AM – 9:00 PM; Thu: 7:00 AM – 9:00 PM; Fri: 7:00 AM – 9:00 PM; Sat: 8:00 AM – 9:00 PM; Sun: 10:00 AM – 8:00 PM","/restaurants1/",,,,"[""Fast Casual""]","[""American""]","[""Breakfast"",""Lunch"",""Dinner""]","[""Smoothies"",""Sandwiches""]","ChIJ47wLaKdckYgR6jy-4tgUk1o","[""In Review""]","[""In Review""]","[""In Review""]","[""In Review""]","[""In Review""]","[""No""]","[""Coming Soon""]",,,"[""Yes""]","[""Cafe / Coffee""]","Tropical Smoothie Cafe Destin Smoothies Sandwiches American Fast Casual Mid-Destin Destin | US 98","20ba7dc9-60b9-4a77-8019-b6d22ce534f2",2026-05-16T20:53:08Z,2026-05-16T20:53:08Z,"de29ed44-ed1b-41d4-b93d-94f3e3c2dc4d","No",2026-05-16T20:53:08Z,
"PUBLISHED","Say Cheese","say-cheese-destin-harbor","/restaurants/say-cheese","Destin Harbor","destin-harbor","HarborWalk Village | Destin",,"{""subdivisions"":[{""code"":""FL"",""name"":""Florida"",""type"":""ADMINISTRATIVE_AREA_LEVEL_1""},{""code"":""Okaloosa County"",""name"":""Okaloosa County"",""type"":""ADMINISTRATIVE_AREA_LEVEL_2""},{""code"":""Destin"",""name"":""Destin"",""type"":""ADMINISTRATIVE_AREA_LEVEL_3""},{""code"":""US"",""name"":""United States"",""type"":""COUNTRY""}],""city"":""Destin"",""location"":{""latitude"":30.3938701,""longitude"":-86.5105276},""countryFullname"":""United States"",""streetAddress"":{""apt"":""spot 88"",""name"":""Harbor Boulevard"",""number"":""10""},""formatted"":""10 Harbor Blvd spot 88, Destin, FL 32541"",""country"":""US"",""postalCode"":""32541"",""subdivision"":""FL""}","(850) 376-9199","https://www.emeraldgrande.com/harborwalk-village/harborwalk-village-restaurants/","$","Say Cheese is a fast-casual spot in HarborWalk Village | Destin, useful for sandwiches and an easy lunch or dinner.",,"/restaurants1/",,,,"[""Fast Casual""]","[""American""]","[""Lunch"",""Dinner""]","[""Sandwiches""]","ChIJT_kxGoVBkYgRfKy-DlOdSZ0","[""In Review""]","[""In Review""]","[""In Review""]","[""Yes""]","[""In Review""]","[""No""]","[""Coming Soon""]","https://www.facebook.com/TheEG.Destin/","https://www.instagram.com/emerald_grande/","[""Yes""]","[""Restaurant""]","Say Cheese Sandwiches American Fast Casual Destin Harbor HarborWalk Village | Destin","218e8134-2809-4e8a-9476-cb641bfc1774",2026-05-16T20:53:08Z,2026-05-16T20:53:08Z,"de29ed44-ed1b-41d4-b93d-94f3e3c2dc4d","Yes",2026-05-16T20:53:08Z,
"PUBLISHED","Camille's at Crystal Beach","camille-s-at-crystal-beach-crystal-beach","/restaurants/camille's-at-crystal-beach","Crystal Beach","crystal-beach","Crystal Beach | Scenic 98",,"{""subdivisions"":[{""code"":""FL"",""name"":""Florida"",""type"":""ADMINISTRATIVE_AREA_LEVEL_1""},{""code"":""Okaloosa County"",""name"":""Okaloosa County"",""type"":""ADMINISTRATIVE_AREA_LEVEL_2""},{""code"":""Destin"",""name"":""Destin"",""type"":""ADMINISTRATIVE_AREA_LEVEL_3""},{""code"":""US"",""name"":""United States"",""type"":""COUNTRY""}],""city"":""Destin"",""location"":{""latitude"":30.3829967,""longitude"":-86.4265666},""countryFullname"":""United States"",""streetAddress"":{""apt"":"""",""name"":""Scenic Highway 98"",""number"":""2931""},""formatted"":""2931 Scenic Hwy 98, Destin, FL 32541"",""country"":""US"",""postalCode"":""32541"",""subdivision"":""FL""}","(850) 337-8860","https://www.camillesatcrystalbeach.com/","$$$","Camille's at Crystal Beach is a casual bar and restaurant in Crystal Beach | Scenic 98 with seafood-focused dishes and a relaxed coastal atmosphere.","Mon: 7:00 AM – 9:00 PM; Tue: 7:00 AM – 9:00 PM; Wed: 7:00 AM – 9:00 PM; Thu: 7:00 AM – 9:00 PM; Fri: 7:00 AM – 10:00 PM; Sat: 7:00 AM – 10:00 PM; Sun: 7:00 AM – 9:00 PM","/restaurants1/",,,,"[""Casual Dining"",""Bar""]","[""Seafood"",""Sushi""]","[""Lunch"",""Dinner""]","[""Seafood"",""Sushi""]","ChIJ835A44BEkYgRIYbcE6ZjhQo","[""Yes""]","[""In Review""]","[""In Review""]","[""Yes""]","[""In Review""]","[""Yes""]","[""Coming Soon""]","https://www.facebook.com/CamillesCrystalBeach/","http://instagram.com/camillesatcrystalbeach/","[""Yes""]","[""Bar & Restaurant""]","Camille's at Crystal Beach Seafood Sushi Seafood Sushi Casual Dining Bar Crystal Beach Crystal Beach | Scenic 98","21cf62d4-4c2c-4cfa-b6e2-07ad147d17ae",2026-05-16T20:53:08Z,2026-05-16T20:53:08Z,"de29ed44-ed1b-41d4-b93d-94f3e3c2dc4d","Yes",2026-05-16T20:53:08Z,
"PUBLISHED","Waffle House Destin","waffle-house-destin-mid-destin","/restaurants/waffle-house-destin","Mid-Destin","mid-destin","Destin | US 98",,"{""subdivisions"":[{""code"":""FL"",""name"":""Florida"",""type"":""ADMINISTRATIVE_AREA_LEVEL_1""},{""code"":""Okaloosa County"",""name"":""Okaloosa County"",""type"":""ADMINISTRATIVE_AREA_LEVEL_2""},{""code"":""Destin"",""name"":""Destin"",""type"":""ADMINISTRATIVE_AREA_LEVEL_3""},{""code"":""US"",""name"":""United States"",""type"":""COUNTRY""}],""city"":""Destin"",""location"":{""latitude"":30.386792399999997,""longitude"":-86.4682576},""countryFullname"":""United States"",""streetAddress"":{""apt"":"""",""name"":""U.S. 98"",""number"":""1067""},""formatted"":""1067 US-98, Destin, FL 32541"",""country"":""US"",""postalCode"":""32541"",""subdivision"":""FL""}","(850) 837-5671","https://locations.wafflehouse.com/destin-fl-662","$","Waffle House Destin is a fast-casual option in Destin | US 98 for breakfast, lunch, or an easy meal on the go.","Mon: Open 24 hours; Tue: Open 24 hours; Wed: Open 24 hours; Thu: Open 24 hours; Fri: Open 24 hours; Sat: Open 24 hours; Sun: Open 24 hours","/restaurants1/",,,,"[""Fast Casual""]","[""American""]","[""Breakfast"",""Lunch"",""Dinner""]","[""Breakfast Spot""]","ChIJeVklPnhEkYgRZQ2ZF2XKA9k","[""In Review""]","[""In Review""]","[""In Review""]","[""No""]","[""In Review""]","[""No""]","[""Coming Soon""]",,,"[""Yes""]","[""Restaurant""]","Waffle House Destin Breakfast Spot American Fast Casual Mid-Destin Destin | US 98","21f25357-77df-45d7-914f-f4aa2ec1117b",2026-05-16T20:53:08Z,2026-05-16T20:53:08Z,"de29ed44-ed1b-41d4-b93d-94f3e3c2dc4d","No",2026-05-16T20:53:08Z,
"PUBLISHED",,,"/restaurants/bruno%E2%80%99s-pizza",,,,,,,,,,,"/restaurants1/",,,,,,,,,,,,,,,,,,,,,"21f87db1-d493-4766-81a3-d5914a1017ec",2026-04-19T20:00:16Z,2026-05-16T20:53:54Z,"de29ed44-ed1b-41d4-b93d-94f3e3c2dc4d",,2026-04-19T20:00:16Z,
"PUBLISHED",,,"/restaurants/seagrove-coffee-%26-donuts",,,,,,,,,,,"/restaurants1/",,,,,,,,,,,,,,,,,,,,,"221beb20-89a3-4f16-a3c0-2e367eab5d4f",2026-04-19T20:00:16Z,2026-05-16T20:53:54Z,"de29ed44-ed1b-41d4-b93d-94f3e3c2dc4d",,2026-04-19T20:00:16Z,
"PUBLISHED",,,"/restaurants/restaurant-paradis",,,,,,,,,,,"/restaurants1/",,,,,,,,,,,,,,,,,,,,,"24269068-860b-4132-bf44-af42b0748943",2026-04-19T20:00:16Z,2026-05-16T20:53:54Z,"de29ed44-ed1b-41d4-b93d-94f3e3c2dc4d",,2026-04-19T20:00:16Z,
"PUBLISHED","Buffalo Jack's Legendary Wings & Pizza","buffalo-jack-s-legendary-wings-and-pizza-miramar-beach","/restaurants/buffalo-jack's-legendary-wings-%26-pizza","Miramar Beach","miramar-beach","Miramar Beach | US 98",,"{""subdivisions"":[{""code"":""FL"",""name"":""Florida"",""type"":""ADMINISTRATIVE_AREA_LEVEL_1""},{""code"":""Walton County"",""name"":""Walton County"",""type"":""ADMINISTRATIVE_AREA_LEVEL_2""},{""code"":""Miramar Beach"",""name"":""Miramar Beach"",""type"":""ADMINISTRATIVE_AREA_LEVEL_3""},{""code"":""US"",""name"":""United States"",""type"":""COUNTRY""}],""city"":""Miramar Beach"",""location"":{""latitude"":30.382669099999998,""longitude"":-86.36106079999999},""countryFullname"":""United States"",""streetAddress"":{""apt"":"""",""name"":""Emerald Coast Parkway West"",""number"":""11275""},""formatted"":""11275 Emerald Coast Pkwy W, Miramar Beach, FL 32550"",""country"":""US"",""postalCode"":""32550"",""subdivision"":""FL""}","(850) 424-6288","https://www.buffalojackslegendarywings.com/","$$","Buffalo Jack's Legendary Wings & Pizza is a bar and restaurant in Miramar Beach | US 98, good for drinks, casual food, and a relaxed meal with friends.","Mon: 11:00 AM – 9:00 PM; Tue: 11:00 AM – 9:00 PM; Wed: 11:00 AM – 9:00 PM; Thu: 11:00 AM – 9:00 PM; Fri: 11:00 AM – 9:00 PM; Sat: 11:00 AM – 9:00 PM; Sun: 11:00 AM – 9:00 PM","/restaurants1/",,,,"[""Casual Dining"",""Bar""]","[""American""]","[""Lunch"",""Dinner""]","[""Grill"",""Pizza""]","ChIJGyP1UopbkYgRAK4Dz7o0zEw","[""Yes""]","[""In Review""]","[""In Review""]","[""In Review""]","[""In Review""]","[""No""]","[""Coming Soon""]","https://www.facebook.com/BuffaloJacksLegendaryWingsAndPizza/",,"[""Yes""]","[""Bar & Restaurant""]","Buffalo Jack's Legendary Wings & Pizza Grill Pizza American Casual Dining Bar Miramar Beach Miramar Beach | US 98","2433c036-18eb-4fe9-8875-5443856e66d8",2026-05-16T20:53:08Z,2026-05-16T20:53:08Z,"de29ed44-ed1b-41d4-b93d-94f3e3c2dc4d","No",2026-05-16T20:53:08Z,
"PUBLISHED",,,"/restaurants/sugar-shak",,,,,,,,,,,"/restaurants1/",,,,,,,,,,,,,,,,,,,,,"246166b4-7726-465d-84ed-d800d4054939",2026-04-19T20:00:16Z,2026-05-16T20:53:54Z,"de29ed44-ed1b-41d4-b93d-94f3e3c2dc4d",,2026-04-19T20:00:16Z,
"PUBLISHED","Poppy's Crazy Lobster","poppy-s-crazy-lobster-sandestin","/restaurants/poppy's-crazy-lobster","Sandestin","sandestin","Baytowne Wharf | Sandestin",,"{""subdivisions"":[{""code"":""FL"",""name"":""Florida"",""type"":""ADMINISTRATIVE_AREA_LEVEL_1""},{""code"":""Walton County"",""name"":""Walton County"",""type"":""ADMINISTRATIVE_AREA_LEVEL_2""},{""code"":""Miramar Beach"",""name"":""Miramar Beach"",""type"":""ADMINISTRATIVE_AREA_LEVEL_3""},{""code"":""US"",""name"":""United States"",""type"":""COUNTRY""}],""city"":""Miramar Beach"",""location"":{""latitude"":30.389841999999998,""longitude"":-86.32602349999999},""countryFullname"":""United States"",""streetAddress"":{""apt"":"""",""name"":""Fisherman's Cove"",""number"":""138""},""formatted"":""138 Fisherman's Cove, Miramar Beach, FL 32550"",""country"":""US"",""postalCode"":""32550"",""subdivision"":""FL""}","(850) 351-1996","http://www.crazylobsterdestin.com/","$$","Poppy's Crazy Lobster is a casual bar and restaurant in Baytowne Wharf | Sandestin with seafood-focused dishes and a relaxed coastal atmosphere.","Mon: 11:00 AM – 9:00 PM; Tue: 11:00 AM – 9:00 PM; Wed: 11:00 AM – 9:00 PM; Thu: 11:00 AM – 9:00 PM; Fri: 11:00 AM – 9:00 PM; Sat: 11:00 AM – 9:00 PM; Sun: 11:00 AM – 9:00 PM","/restaurants1/",,,,"[""Casual Dining"",""Bar""]","[""Southern"",""Seafood""]","[""Lunch"",""Dinner""]","[""Seafood"",""Oyster Bar""]","ChIJM6lQQfxbkYgRoH_YmLT-k3k","[""Yes""]","[""In Review""]","[""Yes""]","[""Yes""]","[""In Review""]","[""In Review""]","[""Coming Soon""]",,,"[""Yes""]","[""Bar & Restaurant""]","Poppy's Crazy Lobster Seafood Oyster Bar Southern Seafood Casual Dining Bar Sandestin Baytowne Wharf | Sandestin","24839302-5efa-4494-8cde-c7a3e37a4576",2026-05-16T20:53:08Z,2026-05-16T20:53:08Z,"de29ed44-ed1b-41d4-b93d-94f3e3c2dc4d","Yes",2026-05-16T20:53:08Z,
"PUBLISHED",,,"/restaurants/the-perfect-pig",,,,,,,,,,,"/restaurants1/",,,,,,,,,,,,,,,,,,,,,"24f771c1-2fe8-4904-a2b8-e59867557e50",2026-04-19T20:00:16Z,2026-05-16T20:53:54Z,"de29ed44-ed1b-41d4-b93d-94f3e3c2dc4d",,2026-04-19T20:00:16Z,
"PUBLISHED","Red Brick Pizza","red-brick-pizza-destin-commons","/restaurants/red-brick-pizza","Destin Commons","destin-commons","Destin Commons",,"{""subdivisions"":[{""code"":""FL"",""name"":""Florida"",""type"":""ADMINISTRATIVE_AREA_LEVEL_1""},{""code"":""Okaloosa County"",""name"":""Okaloosa County"",""type"":""ADMINISTRATIVE_AREA_LEVEL_2""},{""code"":""Destin"",""name"":""Destin"",""type"":""ADMINISTRATIVE_AREA_LEVEL_3""},{""code"":""US"",""name"":""United States"",""type"":""COUNTRY""}],""city"":""Destin"",""location"":{""latitude"":30.392163900000003,""longitude"":-86.4240494},""countryFullname"":""United States"",""streetAddress"":{""apt"":"""",""name"":""Legendary Drive"",""number"":""4144""},""formatted"":""4144 Legendary Dr, Destin, FL 32541"",""country"":""US"",""postalCode"":""32541"",""subdivision"":""FL""}","(850) 353-2015","https://redbrickpizzafl.com/?utm_source=gbp","$$","Red Brick Pizza is a quick pizza option in Destin Commons, convenient for casual meals, takeout, or family dining.","Mon: 11:00 AM – 9:00 PM; Tue: 11:00 AM – 9:00 PM; Wed: 11:00 AM – 9:00 PM; Thu: 11:00 AM – 9:00 PM; Fri: 11:00 AM – 9:00 PM; Sat: 11:00 AM – 9:00 PM; Sun: 11:00 AM – 9:00 PM","/restaurants1/",,,,"[""Fast Casual""]","[""Italian""]","[""Lunch"",""Dinner""]","[""Pizza""]","ChIJ2SmVJ1FDkYgRG5XzgFU5xy8","[""In Review""]","[""In Review""]","[""In Review""]","[""In Review""]","[""In Review""]","[""No""]","[""Coming Soon""]",,,"[""Yes""]","[""Restaurant""]","Red Brick Pizza Pizza Italian Fast Casual Destin Commons Destin Commons","257e8b08-92a3-48a2-a53a-ef1d88982065",2026-05-16T20:53:08Z,2026-05-16T20:53:08Z,"de29ed44-ed1b-41d4-b93d-94f3e3c2dc4d","No",2026-05-16T20:53:08Z,
"PUBLISHED",,,"/restaurants/kilwins",,,,,,,,,,,"/restaurants1/",,,,,,,,,,,,,,,,,,,,,"260f4ac6-025c-4e79-98df-7f566d43bc13",2026-04-19T20:00:16Z,2026-05-16T20:53:54Z,"de29ed44-ed1b-41d4-b93d-94f3e3c2dc4d",,2026-04-19T20:00:16Z,
"PUBLISHED","JuJu Boba","juju-boba-destin-commons","/restaurants/juju-boba","Destin Commons","destin-commons","Destin Commons",,"{""subdivisions"":[{""code"":""FL"",""name"":""Florida"",""type"":""ADMINISTRATIVE_AREA_LEVEL_1""},{""code"":""Okaloosa County"",""name"":""Okaloosa County"",""type"":""ADMINISTRATIVE_AREA_LEVEL_2""},{""code"":""Destin"",""name"":""Destin"",""type"":""ADMINISTRATIVE_AREA_LEVEL_3""},{""code"":""US"",""name"":""United States"",""type"":""COUNTRY""}],""city"":""Destin"",""location"":{""latitude"":30.3913737,""longitude"":-86.4240987},""countryFullname"":""United States"",""streetAddress"":{""apt"":"""",""name"":""Legendary Drive"",""number"":""""},""formatted"":""Legendary Dr, Destin, FL 32541"",""country"":""US"",""postalCode"":""32541"",""subdivision"":""FL""}",,"https://www.jujuboba.com/","$","JuJu Boba offers smoothies, juices, and lighter cafe options in Destin Commons. A convenient choice for a quick, casual meal.","Mon: 10:00 AM – 9:00 PM; Tue: 10:00 AM – 9:00 PM; Wed: 10:00 AM – 9:00 PM; Thu: 10:00 AM – 9:00 PM; Fri: 10:00 AM – 9:00 PM; Sat: 10:00 AM – 9:00 PM; Sun: 11:00 AM – 7:00 PM","/restaurants1/",,,,"[""Fast Casual""]","[""Asian""]","[""Lunch"",""Desserts""]","[""Smoothies""]","ChIJZdJEXwBDkYgRyTLkF6XyB84","[""In Review""]","[""In Review""]","[""In Review""]","[""In Review""]","[""In Review""]","[""No""]","[""Coming Soon""]",,,"[""Yes""]","[""Cafe / Coffee""]","JuJu Boba Smoothies Asian Fast Casual Destin Commons Destin Commons","260f9fe9-0664-4074-b01b-98d250c05425",2026-05-16T20:53:08Z,2026-05-16T20:53:08Z,"de29ed44-ed1b-41d4-b93d-94f3e3c2dc4d","No",2026-05-16T20:53:08Z,
"PUBLISHED",,,"/restaurants/the-summer-kitchen-cafe",,,,,,,,,,,"/restaurants1/",,,,,,,,,,,,,,,,,,,,,"2647eb2d-8b0c-4669-adf9-1e5178a76cf9",2026-04-19T20:00:16Z,2026-05-16T20:53:54Z,"de29ed44-ed1b-41d4-b93d-94f3e3c2dc4d",,2026-04-19T20:00:16Z,
"PUBLISHED",,,"/restaurants/3rd-cup",,,,,,,,,,,"/restaurants1/",,,,,,,,,,,,,,,,,,,,,"26f5a7fa-2f98-456e-822b-ca824ef684b1",2026-04-19T20:00:16Z,2026-05-16T20:53:54Z,"de29ed44-ed1b-41d4-b93d-94f3e3c2dc4d",,2026-04-19T20:00:16Z,
"PUBLISHED","The Bavarian's Wirtshaus","the-bavarian-s-wirtshaus-mid-destin","/restaurants/the-bavarian's-wirtshaus","Mid-Destin","mid-destin","Destin | US 98",,"{""subdivisions"":[{""code"":""FL"",""name"":""Florida"",""type"":""ADMINISTRATIVE_AREA_LEVEL_1""},{""code"":""Okaloosa County"",""name"":""Okaloosa County"",""type"":""ADMINISTRATIVE_AREA_LEVEL_2""},{""code"":""Fort Walton Beach"",""name"":""Fort Walton Beach"",""type"":""ADMINISTRATIVE_AREA_LEVEL_3""},{""code"":""US"",""name"":""United States"",""type"":""COUNTRY""}],""city"":""Fort Walton Beach"",""location"":{""latitude"":30.4038411,""longitude"":-86.6123257},""countryFullname"":""United States"",""streetAddress"":{""apt"":"""",""name"":""Miracle Strip Parkway Southeast"",""number"":""24""},""formatted"":""24 Miracle Strip Pkwy SE, Fort Walton Beach, FL 32548"",""country"":""US"",""postalCode"":""32548"",""subdivision"":""FL""}","(850) 226-8115","https://www.bavarianswirtshaus.com/","$$","The Bavarian's Wirtshaus is a bar and restaurant in Destin | US 98, good for drinks, casual food, and a relaxed meal with friends.","Mon: Closed; Tue: Closed; Wed: 5:00 – 8:30 PM; Thu: 5:00 – 8:30 PM; Fri: 11:00 AM – 1:30 PM, 5:00 – 8:30 PM; Sat: 11:00 AM – 1:30 PM, 5:00 – 8:30 PM; Sun: 11:00 AM – 1:30 PM, 5:00 – 8:00 PM","/restaurants1/",,,,"[""Casual Dining"",""Bar""]","[""American""]","[""Lunch"",""Dinner""]","[""Grill""]","ChIJk0bkYyU_kYgRAVeM6s-0vic","[""Yes""]","[""In Review""]","[""In Review""]","[""In Review""]","[""In Review""]","[""Yes""]","[""Coming Soon""]","https://www.facebook.com/bavarians/",,"[""Yes""]","[""Bar & Restaurant""]","The Bavarian's Wirtshaus Grill American Casual Dining Bar Mid-Destin Destin | US 98","29195563-db03-4e4a-b311-20b362546355",2026-05-16T20:53:08Z,2026-05-16T20:53:08Z,"de29ed44-ed1b-41d4-b93d-94f3e3c2dc4d","No",2026-05-16T20:53:08Z,
"PUBLISHED",,,"/restaurants/gallions",,,,,,,,,,,"/restaurants1/",,,,,,,,,,,,,,,,,,,,,"2a2d9f35-f802-4a23-b55e-e4c1de4a5ca5",2026-04-19T20:00:16Z,2026-05-16T20:53:54Z,"de29ed44-ed1b-41d4-b93d-94f3e3c2dc4d",,2026-04-19T20:00:16Z,
"PUBLISHED","Bunkley's Burgers and Grill","bunkley-s-burgers-and-grill-sandestin","/restaurants/bunkley's-burgers-and-grill","Sandestin","sandestin","Baytowne Wharf | Sandestin",,"{""subdivisions"":[{""code"":""FL"",""name"":""Florida"",""type"":""ADMINISTRATIVE_AREA_LEVEL_1""},{""code"":""Walton County"",""name"":""Walton County"",""type"":""ADMINISTRATIVE_AREA_LEVEL_2""},{""code"":""Miramar Beach"",""name"":""Miramar Beach"",""type"":""ADMINISTRATIVE_AREA_LEVEL_3""},{""code"":""US"",""name"":""United States"",""type"":""COUNTRY""}],""city"":""Miramar Beach"",""location"":{""latitude"":30.390032400000003,""longitude"":-86.325328},""countryFullname"":""United States"",""streetAddress"":{""apt"":"""",""name"":""Fisherman's Cove"",""number"":""142""},""formatted"":""142 Fisherman's Cove, Miramar Beach, FL 32550"",""country"":""US"",""postalCode"":""32550"",""subdivision"":""FL""}","(850) 842-7078","https://bunkleysburgerandgrill.com/","$$","Bunkley's Burgers and Grill is an American restaurant in Baytowne Wharf | Sandestin, included as part of the Destin dining corridor draft for further verification.","Mon: 11:00 AM – 12:00 AM; Tue: 11:00 AM – 12:00 AM; Wed: 11:00 AM – 12:00 AM; Thu: 11:00 AM – 12:00 AM; Fri: 11:00 AM – 12:01 AM; Sat: 11:00 AM – 12:01 AM; Sun: 11:00 AM – 12:00 AM","/restaurants1/",,,,"[""Casual Dining""]","[""American""]","[""Lunch"",""Dinner""]","[""Burgers"",""Sandwiches""]","ChIJYxe5MAxfkYgRVgvw8omdTo4","[""In Review""]","[""In Review""]","[""In Review""]","[""Yes""]","[""In Review""]","[""No""]","[""Coming Soon""]",,,"[""Yes""]","[""Bar & Restaurant""]","Bunkley's Burgers and Grill Burgers Sandwiches American Casual Dining Sandestin Baytowne Wharf | Sandestin","2b496730-2b0c-4077-b37f-e5e2157e0b01",2026-05-16T20:53:08Z,2026-05-16T20:53:08Z,"de29ed44-ed1b-41d4-b93d-94f3e3c2dc4d","No",2026-05-16T20:53:08Z,
"PUBLISHED",,,"/restaurants/growler-garage-30a",,,,,,,,,,,"/restaurants1/",,,,,,,,,,,,,,,,,,,,,"2d220505-2762-4a94-a874-a940bb382b76",2026-04-19T20:00:16Z,2026-05-16T20:53:54Z,"de29ed44-ed1b-41d4-b93d-94f3e3c2dc4d",,2026-04-19T20:00:16Z,
"PUBLISHED",,,"/restaurants/wild-bills-beach-dogs",,,,,,,,,,,"/restaurants1/",,,,,,,,,,,,,,,,,,,,,"2e47a6e9-7b61-47a9-a219-f7a59bee5a8d",2026-04-19T20:00:16Z,2026-05-16T20:53:54Z,"de29ed44-ed1b-41d4-b93d-94f3e3c2dc4d",,2026-04-19T20:00:16Z,
"PUBLISHED",,,"/restaurants/beach-%26-brew-on-30a",,,,,,,,,,,"/restaurants1/",,,,,,,,,,,,,,,,,,,,,"2ecb8917-d180-454e-b0e5-f751ce813880",2026-04-19T20:00:16Z,2026-05-16T20:53:54Z,"de29ed44-ed1b-41d4-b93d-94f3e3c2dc4d",,2026-04-19T20:00:16Z,
"PUBLISHED","Perla Baking Co.","perla-baking-co-grand-boulevard","/restaurants/perla-baking-co.","Grand Boulevard","grand-boulevard","Grand Boulevard | Sandestin",,"{""subdivisions"":[{""code"":""FL"",""name"":""Florida"",""type"":""ADMINISTRATIVE_AREA_LEVEL_1""},{""code"":""Walton County"",""name"":""Walton County"",""type"":""ADMINISTRATIVE_AREA_LEVEL_2""},{""code"":""Destin"",""name"":""Destin"",""type"":""ADMINISTRATIVE_AREA_LEVEL_3""},{""code"":""US"",""name"":""United States"",""type"":""COUNTRY""}],""city"":""Destin"",""location"":{""latitude"":30.380053800000002,""longitude"":-86.3182325},""countryFullname"":""United States"",""streetAddress"":{""apt"":""suite 100"",""name"":""Grand Boulevard"",""number"":""325""},""formatted"":""325 Grand Blvd suite 100, Destin, FL 32550"",""country"":""US"",""postalCode"":""32550"",""subdivision"":""FL""}","(850) 213-2093","https://www.perlabakingco.com/","$$","Perla Baking Co. is a bakery and coffee stop in Grand Boulevard | Sandestin, good for breakfast, pastries, and a casual daytime bite.","Mon: 6:30 AM – 4:00 PM; Tue: 6:30 AM – 4:00 PM; Wed: 6:30 AM – 4:00 PM; Thu: 6:30 AM – 4:00 PM; Fri: 6:30 AM – 4:00 PM; Sat: 6:30 AM – 4:00 PM; Sun: 6:30 AM – 4:00 PM","/restaurants1/",,,,"[""Casual Dining""]","[""American""]","[""Breakfast"",""Lunch""]","[""Bakery"",""Coffee"",""Cafe""]","ChIJhVCvtBhZkYgRvvJtLdXABlY","[""No""]","[""No""]","[""In Review""]","[""In Review""]","[""In Review""]","[""No""]","[""Coming Soon""]",,,"[""Yes""]","[""Cafe / Coffee""]","Perla Baking Co. Bakery Coffee Cafe American Casual Dining Grand Boulevard Grand Boulevard | Sandestin","2fedb4f4-8d4c-48b6-b706-d8c8cdc9bf8f",2026-05-16T20:53:08Z,2026-05-16T20:53:08Z,"de29ed44-ed1b-41d4-b93d-94f3e3c2dc4d","No",2026-05-16T20:53:08Z,
"PUBLISHED",,,"/restaurants/prema-organic-cafe",,,,,,,,,,,"/restaurants1/",,,,,,,,,,,,,,,,,,,,,"3162ed5a-dbbc-4fae-b241-7c41eac5dad9",2026-04-19T20:00:16Z,2026-05-16T20:53:54Z,"de29ed44-ed1b-41d4-b93d-94f3e3c2dc4d",,2026-04-19T20:00:16Z,
"PUBLISHED",,,"/restaurants/the-shrimp-shack",,,,,,,,,,,"/restaurants1/",,,,,,,,,,,,,,,,,,,,,"317b279c-7f3e-464d-943c-21579f135aab",2026-04-19T20:00:16Z,2026-05-16T20:53:54Z,"de29ed44-ed1b-41d4-b93d-94f3e3c2dc4d",,2026-04-19T20:00:16Z,
"PUBLISHED","Starbucks Miramar Beach","starbucks-miramar-beach-miramar-beach","/restaurants/starbucks-miramar-beach","Miramar Beach","miramar-beach","Miramar Beach | US 98",,"{""subdivisions"":[{""code"":""FL"",""name"":""Florida"",""type"":""ADMINISTRATIVE_AREA_LEVEL_1""},{""code"":""Walton County"",""name"":""Walton County"",""type"":""ADMINISTRATIVE_AREA_LEVEL_2""},{""code"":""Miramar Beach"",""name"":""Miramar Beach"",""type"":""ADMINISTRATIVE_AREA_LEVEL_3""},{""code"":""US"",""name"":""United States"",""type"":""COUNTRY""}],""city"":""Miramar Beach"",""location"":{""latitude"":30.377417299999998,""longitude"":-86.3490535},""countryFullname"":""United States"",""streetAddress"":{""apt"":"""",""name"":""Emerald Coast Parkway West"",""number"":""10410""},""formatted"":""10410 Emerald Coast Pkwy W, Miramar Beach, FL 32550"",""country"":""US"",""postalCode"":""32550"",""subdivision"":""FL""}","(850) 650-2340","https://www.starbucks.com/store-locator/store/17239/","$","Starbucks Miramar Beach is a casual cafe in Miramar Beach | US 98, useful for coffee, breakfast, or a quick daytime stop.","Mon: 5:00 AM – 9:00 PM; Tue: 5:00 AM – 9:00 PM; Wed: 5:00 AM – 9:00 PM; Thu: 5:00 AM – 9:00 PM; Fri: 5:00 AM – 9:00 PM; Sat: 5:00 AM – 9:00 PM; Sun: 5:00 AM – 9:00 PM","/restaurants1/",,,,"[""Fast Casual""]","[""American""]","[""Breakfast"",""Lunch""]","[""Coffee"",""Cafe""]","ChIJSbQ-YwBckYgRyJN25EZowDY","[""In Review""]","[""In Review""]","[""In Review""]","[""In Review""]","[""In Review""]","[""No""]","[""Coming Soon""]",,,"[""Yes""]","[""Cafe / Coffee""]","Starbucks Miramar Beach Coffee Cafe American Fast Casual Miramar Beach Miramar Beach | US 98","31e80194-55cc-49ec-b454-4008ed0a2209",2026-05-16T20:53:08Z,2026-05-16T20:53:08Z,"de29ed44-ed1b-41d4-b93d-94f3e3c2dc4d","No",2026-05-16T20:53:08Z,
"PUBLISHED","Domo Izakaya","domo-izakaya-mid-destin","/restaurants/domo-izakaya","Mid-Destin","mid-destin","Destin | US 98",,"{""subdivisions"":[{""code"":""FL"",""name"":""Florida"",""type"":""ADMINISTRATIVE_AREA_LEVEL_1""},{""code"":""Okaloosa County"",""name"":""Okaloosa County"",""type"":""ADMINISTRATIVE_AREA_LEVEL_2""},{""code"":""Destin"",""name"":""Destin"",""type"":""ADMINISTRATIVE_AREA_LEVEL_3""},{""code"":""US"",""name"":""United States"",""type"":""COUNTRY""}],""city"":""Destin"",""location"":{""latitude"":30.390854400000002,""longitude"":-86.48537999999999},""countryFullname"":""United States"",""streetAddress"":{""apt"":"""",""name"":""Harbor Boulevard"",""number"":""753""},""formatted"":""753 Harbor Blvd, Destin, FL 32541"",""country"":""US"",""postalCode"":""32541"",""subdivision"":""FL""}","(850) 353-2096","https://domo-izakaya.site/","$$","Domo Izakaya is a bar and restaurant in Destin | US 98, good for drinks, casual food, and a relaxed meal with friends.","Mon: 11:30 AM – 9:00 PM; Tue: 11:30 AM – 9:00 PM; Wed: 11:30 AM – 9:00 PM; Thu: 11:30 AM – 9:00 PM; Fri: 11:30 AM – 10:00 PM; Sat: 11:30 AM – 10:00 PM; Sun: 11:30 AM – 9:00 PM","/restaurants1/",,,,"[""Casual Dining"",""Bar""]","[""Japanese"",""Sushi""]","[""Lunch"",""Dinner""]","[""Sushi"",""Noodles""]","ChIJvzbr1ttDkYgRS7DK3_C6nEI","[""In Review""]","[""In Review""]","[""In Review""]","[""In Review""]","[""In Review""]","[""Yes""]","[""Coming Soon""]",,,"[""Yes""]","[""Bar & Restaurant""]","Domo Izakaya Sushi Noodles Japanese Sushi Casual Dining Bar Mid-Destin Destin | US 98","332f2d0a-7135-41c9-bbee-6afbb5fa36b6",2026-05-16T20:53:08Z,2026-05-16T20:53:08Z,"de29ed44-ed1b-41d4-b93d-94f3e3c2dc4d","No",2026-05-16T20:53:08Z,
"PUBLISHED","Cosmo's Robo Diner","cosmo-s-robo-diner-sandestin","/restaurants/cosmo's-robo-diner","Sandestin","sandestin","Baytowne Wharf | Sandestin",,"{""subdivisions"":[{""code"":""FL"",""name"":""Florida"",""type"":""ADMINISTRATIVE_AREA_LEVEL_1""},{""code"":""Walton County"",""name"":""Walton County"",""type"":""ADMINISTRATIVE_AREA_LEVEL_2""},{""code"":""Miramar Beach"",""name"":""Miramar Beach"",""type"":""ADMINISTRATIVE_AREA_LEVEL_3""},{""code"":""US"",""name"":""United States"",""type"":""COUNTRY""}],""city"":""Miramar Beach"",""location"":{""latitude"":30.390032400000003,""longitude"":-86.325328},""countryFullname"":""United States"",""streetAddress"":{""apt"":"""",""name"":""Fisherman's Cove"",""number"":""142""},""formatted"":""142 Fisherman's Cove, Miramar Beach, FL 32550"",""country"":""US"",""postalCode"":""32550"",""subdivision"":""FL""}","(850) 842-7078","http://www.cosmosrobodiner.com/","$$","Cosmo's Robo Diner is a fast-casual spot in Baytowne Wharf | Sandestin, useful for sandwiches and an easy lunch or dinner. Google currently lists this business as permanently closed; verify before publishing.",,"/restaurants1/",,,,"[""Fast Casual""]","[""American""]","[""Lunch"",""Dinner""]","[""Burgers"",""Sandwiches""]","ChIJY1zoXIBfkYgRB9yUr5dh2Aw","[""In Review""]","[""In Review""]","[""In Review""]","[""In Review""]","[""In Review""]","[""No""]","[""Coming Soon""]",,,"[""Yes""]","[""Restaurant""]","Cosmo's Robo Diner Burgers Sandwiches American Fast Casual Sandestin Baytowne Wharf | Sandestin","3330f2d0-7e4f-4104-9c55-b5d0c44ce624",2026-05-16T20:53:08Z,2026-05-16T20:53:08Z,"de29ed44-ed1b-41d4-b93d-94f3e3c2dc4d","No",2026-05-16T20:53:08Z,
"PUBLISHED",,,"/restaurants/la-cocina",,,,,,,,,,,"/restaurants1/",,,,,,,,,,,,,,,,,,,,,"3459aebb-bad6-4b60-95b5-0d7939ba8800",2026-04-19T20:00:16Z,2026-05-16T20:53:54Z,"de29ed44-ed1b-41d4-b93d-94f3e3c2dc4d",,2026-04-19T20:00:16Z,
"PUBLISHED","Grimaldi's Coal Brick-Oven Pizza","grimaldi-s-coal-brick-oven-pizza-grand-boulevard","/restaurants/grimaldi's-coal-brick-oven-pizza","Grand Boulevard","grand-boulevard","Grand Boulevard | Sandestin",,"{""subdivisions"":[{""code"":""FL"",""name"":""Florida"",""type"":""ADMINISTRATIVE_AREA_LEVEL_1""},{""code"":""Walton County"",""name"":""Walton County"",""type"":""ADMINISTRATIVE_AREA_LEVEL_2""},{""code"":""Miramar Beach"",""name"":""Miramar Beach"",""type"":""ADMINISTRATIVE_AREA_LEVEL_3""},{""code"":""US"",""name"":""United States"",""type"":""COUNTRY""}],""city"":""Miramar Beach"",""location"":{""latitude"":30.378058399999997,""longitude"":-86.3103177},""countryFullname"":""United States"",""streetAddress"":{""apt"":""100"",""name"":""Grand Boulevard"",""number"":""780""},""formatted"":""780 Grand Blvd #100, Miramar Beach, FL 32550"",""country"":""US"",""postalCode"":""32550"",""subdivision"":""FL""}","(850) 837-3095","https://www.grimaldispizzeria.com/locations/grand-boulevard/","$$","Grimaldi's Coal Brick-Oven Pizza is a casual pizza restaurant in Grand Boulevard | Sandestin, useful for family meals, groups, or easy takeout.","Mon: 11:00 AM – 9:00 PM; Tue: 11:00 AM – 9:00 PM; Wed: 11:00 AM – 9:00 PM; Thu: 11:00 AM – 9:00 PM; Fri: 11:00 AM – 10:00 PM; Sat: 11:00 AM – 10:00 PM; Sun: 11:00 AM – 9:00 PM","/restaurants1/",,,,"[""Casual Dining""]","[""Italian""]","[""Lunch"",""Dinner""]","[""Pizza""]","ChIJzdipADRZkYgRyGBKVkEFQUI","[""In Review""]","[""In Review""]","[""In Review""]","[""Yes""]","[""In Review""]","[""No""]","[""Coming Soon""]","https://www.facebook.com/GrimaldisPizzeria/","https://www.instagram.com/grimaldispizzeria/","[""Yes""]","[""Restaurant""]","Grimaldi's Coal Brick-Oven Pizza Pizza Italian Casual Dining Grand Boulevard Grand Boulevard | Sandestin","348d929c-9011-4d2d-a32f-6a54f284884c",2026-05-16T20:53:08Z,2026-05-16T20:53:08Z,"de29ed44-ed1b-41d4-b93d-94f3e3c2dc4d","No",2026-05-16T20:53:08Z,
"PUBLISHED",,,"/restaurants/marble-slab-creamery",,,,,,,,,,,"/restaurants1/",,,,,,,,,,,,,,,,,,,,,"3603f541-8db9-43b0-a693-0ad0f98994af",2026-04-19T20:00:16Z,2026-05-16T20:53:54Z,"de29ed44-ed1b-41d4-b93d-94f3e3c2dc4d",,2026-04-19T20:00:16Z,
"PUBLISHED",,,"/restaurants/amavida-coffee-roasters",,,,,,,,,,,"/restaurants1/",,,,,,,,,,,,,,,,,,,,,"36500bdb-5f1d-44d8-ad63-57b58b015fe6",2026-04-19T20:00:16Z,2026-05-16T20:53:54Z,"de29ed44-ed1b-41d4-b93d-94f3e3c2dc4d",,2026-04-19T20:00:16Z,
"PUBLISHED","Bubba Gump Shrimp Co.","bubba-gump-shrimp-co-mid-destin","/restaurants/bubba-gump-shrimp-co.","Mid-Destin","mid-destin","Destin | US 98",,"{""subdivisions"":[{""code"":""FL"",""name"":""Florida"",""type"":""ADMINISTRATIVE_AREA_LEVEL_1""},{""code"":""Okaloosa County"",""name"":""Okaloosa County"",""type"":""ADMINISTRATIVE_AREA_LEVEL_2""},{""code"":""Destin"",""name"":""Destin"",""type"":""ADMINISTRATIVE_AREA_LEVEL_3""},{""code"":""US"",""name"":""United States"",""type"":""COUNTRY""}],""city"":""Destin"",""location"":{""latitude"":30.387656399999997,""longitude"":-86.4578587},""countryFullname"":""United States"",""streetAddress"":{""apt"":"""",""name"":""Emerald Coast Parkway"",""number"":""14059""},""formatted"":""14059 Emerald Coast Pkwy, Destin, FL 32541"",""country"":""US"",""postalCode"":""32541"",""subdivision"":""FL""}","(850) 650-1881","https://www.bubbagump.com/location/bubba-gump-destin-fl/","$$","Bubba Gump Shrimp Co. is a seafood restaurant in Destin | US 98, offering a coastal dining option for lunch or dinner.","Mon: 11:00 AM – 9:00 PM; Tue: 11:00 AM – 9:00 PM; Wed: 11:00 AM – 9:00 PM; Thu: 11:00 AM – 9:00 PM; Fri: 11:00 AM – 10:00 PM; Sat: 10:30 AM – 10:00 PM; Sun: 10:30 AM – 9:30 PM","/restaurants1/",,,,"[""Casual Dining""]","[""Seafood"",""American""]","[""Lunch"",""Dinner""]","[""Seafood""]","ChIJ8QLqGIBEkYgRLEIy0yAr1Gc","[""In Review""]","[""In Review""]","[""In Review""]","[""Yes""]","[""In Review""]","[""No""]","[""Coming Soon""]","https://www.facebook.com/bubbagumprestaurants/","https://www.instagram.com/officialbubbagump/","[""Yes""]","[""Restaurant""]","Bubba Gump Shrimp Co. Seafood Seafood American Casual Dining Mid-Destin Destin | US 98","373ea4fa-eff6-489f-b13c-547470be813f",2026-05-16T20:53:08Z,2026-05-16T20:53:08Z,"de29ed44-ed1b-41d4-b93d-94f3e3c2dc4d","No",2026-05-16T20:53:08Z,
"PUBLISHED","Fatboys Destin","fatboys-destin-mid-destin","/restaurants/fatboys-destin","Mid-Destin","mid-destin","Destin | US 98",,"{""subdivisions"":[{""code"":""FL"",""name"":""Florida"",""type"":""ADMINISTRATIVE_AREA_LEVEL_1""},{""code"":""Okaloosa County"",""name"":""Okaloosa County"",""type"":""ADMINISTRATIVE_AREA_LEVEL_2""},{""code"":""Destin"",""name"":""Destin"",""type"":""ADMINISTRATIVE_AREA_LEVEL_3""},{""code"":""US"",""name"":""United States"",""type"":""COUNTRY""}],""city"":""Destin"",""location"":{""latitude"":30.394814799999995,""longitude"":-86.5090701},""countryFullname"":""United States"",""streetAddress"":{""apt"":"""",""name"":""Harbor Boulevard"",""number"":""104""},""formatted"":""104 Harbor Blvd, Destin, FL 32541"",""country"":""US"",""postalCode"":""32541"",""subdivision"":""FL""}","(850) 842-3190","http://www.ilovefatboys.com/","$$","Fatboys Destin is a bar and restaurant in Destin | US 98, good for drinks, casual food, and a relaxed meal with friends.","Mon: 10:00 AM – 10:00 PM; Tue: 10:00 AM – 10:00 PM; Wed: 10:00 AM – 10:00 PM; Thu: 10:00 AM – 10:00 PM; Fri: 10:00 AM – 12:00 AM; Sat: 10:00 AM – 12:00 AM; Sun: 10:00 AM – 10:00 PM","/restaurants1/",,,,"[""Casual Dining"",""Bar""]","[""American""]","[""Lunch"",""Dinner""]","[""Burgers"",""Grill""]","ChIJQcGRTxVBkYgRcgMx6OtBddQ","[""Yes""]","[""In Review""]","[""In Review""]","[""In Review""]","[""In Review""]","[""No""]","[""Coming Soon""]","https://www.facebook.com/profile.php/","https://www.instagram.com/accounts/login/","[""Yes""]","[""Bar & Restaurant""]","Fatboys Destin Burgers Grill American Casual Dining Bar Mid-Destin Destin | US 98","374d1cc3-c4e2-4b27-a971-7c909717c974",2026-05-16T20:53:08Z,2026-05-16T20:53:08Z,"de29ed44-ed1b-41d4-b93d-94f3e3c2dc4d","No",2026-05-16T20:53:08Z,
"PUBLISHED","Gulf Coast Burger Co.","gulf-coast-burger-co-destin-commons","/restaurants/gulf-coast-burger-co.","Destin Commons","destin-commons","Destin Commons",,"{""subdivisions"":[{""code"":""FL"",""name"":""Florida"",""type"":""ADMINISTRATIVE_AREA_LEVEL_1""},{""code"":""Okaloosa County"",""name"":""Okaloosa County"",""type"":""ADMINISTRATIVE_AREA_LEVEL_2""},{""code"":""Destin"",""name"":""Destin"",""type"":""ADMINISTRATIVE_AREA_LEVEL_3""},{""code"":""US"",""name"":""United States"",""type"":""COUNTRY""}],""city"":""Destin"",""location"":{""latitude"":30.3918384,""longitude"":-86.42384659999999},""countryFullname"":""United States"",""streetAddress"":{""apt"":""b108"",""name"":""Legendary Drive"",""number"":""4346""},""formatted"":""4346 Legendary Dr b108, Destin, FL 32541"",""country"":""US"",""postalCode"":""32541"",""subdivision"":""FL""}","(850) 842-2398","https://gcburgerco.com/gulfcoastburger-destin?utm_source=google","$$","Gulf Coast Burger Co. is an American restaurant in Destin Commons, included as part of the Destin dining corridor draft for further verification.","Mon: 11:00 AM – 8:00 PM; Tue: 11:00 AM – 8:00 PM; Wed: 11:00 AM – 8:00 PM; Thu: 11:00 AM – 8:00 PM; Fri: 11:00 AM – 9:00 PM; Sat: 11:00 AM – 9:00 PM; Sun: 11:00 AM – 7:00 PM","/restaurants1/",,,,"[""Casual Dining""]","[""American""]","[""Lunch"",""Dinner""]","[""Burgers""]","ChIJdYvpQqlDkYgRiiNkl7x8ch4","[""In Review""]","[""In Review""]","[""In Review""]","[""In Review""]","[""In Review""]","[""No""]","[""Coming Soon""]",,,"[""Yes""]","[""Restaurant""]","Gulf Coast Burger Co. Burgers American Casual Dining Destin Commons Destin Commons","396f9f25-7f43-44e6-a624-0ad5935282ce",2026-05-16T20:53:08Z,2026-05-16T20:53:08Z,"de29ed44-ed1b-41d4-b93d-94f3e3c2dc4d","No",2026-05-16T20:53:08Z,
"PUBLISHED",,,"/restaurants/bud-alleys",,,,,,,,,,,"/restaurants1/",,,,,,,,,,,,,,,,,,,,,"3ae3c615-8694-4a13-80ff-e15c4398dfaa",2026-04-19T20:00:16Z,2026-05-16T20:53:54Z,"de29ed44-ed1b-41d4-b93d-94f3e3c2dc4d",,2026-04-19T20:00:16Z,
"PUBLISHED","Boshamps Seafood & Oyster House","boshamps-seafood-and-oyster-house-destin-harbor","/restaurants/boshamps-seafood-%26-oyster-house","Destin Harbor","destin-harbor","Destin Harbor",,"{""subdivisions"":[{""code"":""FL"",""name"":""Florida"",""type"":""ADMINISTRATIVE_AREA_LEVEL_1""},{""code"":""Okaloosa County"",""name"":""Okaloosa County"",""type"":""ADMINISTRATIVE_AREA_LEVEL_2""},{""code"":""Destin"",""name"":""Destin"",""type"":""ADMINISTRATIVE_AREA_LEVEL_3""},{""code"":""US"",""name"":""United States"",""type"":""COUNTRY""}],""city"":""Destin"",""location"":{""latitude"":30.3926832,""longitude"":-86.5001961},""countryFullname"":""United States"",""streetAddress"":{""apt"":"""",""name"":""Harbor Boulevard"",""number"":""414""},""formatted"":""414 Harbor Blvd, Destin, FL 32541"",""country"":""US"",""postalCode"":""32541"",""subdivision"":""FL""}","(850) 424-7406","https://boshamps.com/","$$$","Boshamps Seafood & Oyster House is a casual bar and restaurant in Destin Harbor with seafood-focused dishes and a relaxed coastal atmosphere.","Mon: 11:00 AM – 9:00 PM; Tue: 11:00 AM – 9:00 PM; Wed: 11:00 AM – 9:00 PM; Thu: 11:00 AM – 9:00 PM; Fri: 11:00 AM – 9:00 PM; Sat: 11:00 AM – 9:00 PM; Sun: 11:00 AM – 9:00 PM","/restaurants1/",,,,"[""Casual Dining"",""Bar""]","[""Seafood"",""American""]","[""Lunch"",""Dinner""]","[""Seafood"",""Oyster Bar""]","ChIJ2SKGmlVBkYgRz2_p5RJWFmY","[""Yes""]","[""In Review""]","[""In Review""]","[""Yes""]","[""In Review""]","[""Yes""]","[""Coming Soon""]","http://www.facebook.com/2008/fbml/","https://www.instagram.com/boshamps/","[""Yes""]","[""Bar & Restaurant""]","Boshamps Seafood & Oyster House Seafood Oyster Bar Seafood American Casual Dining Bar Destin Harbor Destin Harbor","3b3b993f-15ec-4f44-a00f-81991e45b7e3",2026-05-16T20:53:08Z,2026-05-16T20:53:08Z,"de29ed44-ed1b-41d4-b93d-94f3e3c2dc4d","Yes",2026-05-16T20:53:08Z,
"PUBLISHED","Hungry Howie's Pizza Destin","hungry-howie-s-pizza-destin-mid-destin","/restaurants/hungry-howie's-pizza-destin","Mid-Destin","mid-destin","Destin | US 98",,"{""subdivisions"":[{""code"":""FL"",""name"":""Florida"",""type"":""ADMINISTRATIVE_AREA_LEVEL_1""},{""code"":""Okaloosa County"",""name"":""Okaloosa County"",""type"":""ADMINISTRATIVE_AREA_LEVEL_2""},{""code"":""Destin"",""name"":""Destin"",""type"":""ADMINISTRATIVE_AREA_LEVEL_3""},{""code"":""US"",""name"":""United States"",""type"":""COUNTRY""}],""city"":""Destin"",""location"":{""latitude"":30.387492899999998,""longitude"":-86.4269395},""countryFullname"":""United States"",""streetAddress"":{""apt"":"""",""name"":""Emerald Coast Parkway"",""number"":""34904""},""formatted"":""34904 Emerald Coast Pkwy, Destin, FL 32541"",""country"":""US"",""postalCode"":""32541"",""subdivision"":""FL""}","(850) 460-2422","https://www.hungryhowies.com/stores/fl/destin/34904-emerald-coast-pkwy-138?utm_source=google&utm_medium=organic&utm_campaign=googlebusinessprofile","$","Hungry Howie's Pizza Destin is a quick pizza option in Destin | US 98, convenient for casual meals, takeout, or family dining.","Mon: 10:30 AM – 10:00 PM; Tue: 10:30 AM – 10:00 PM; Wed: 10:30 AM – 10:00 PM; Thu: 10:30 AM – 10:00 PM; Fri: 10:30 AM – 10:00 PM; Sat: 10:30 AM – 10:00 PM; Sun: 10:30 AM – 10:00 PM","/restaurants1/",,,,"[""Fast Casual""]","[""Italian"",""American""]","[""Lunch"",""Dinner""]","[""Pizza""]","ChIJ2Wmt3VdDkYgRDDWlz5K9ScE","[""In Review""]","[""In Review""]","[""In Review""]","[""No""]","[""In Review""]","[""No""]","[""Coming Soon""]","https://www.facebook.com/hungryhowies/","https://www.instagram.com/hungryhowies/","[""Yes""]","[""Restaurant""]","Hungry Howie's Pizza Destin Pizza Italian American Fast Casual Mid-Destin Destin | US 98","3b853537-f29e-421b-af59-78281e8861ce",2026-05-16T20:53:08Z,2026-05-16T20:53:08Z,"de29ed44-ed1b-41d4-b93d-94f3e3c2dc4d","No",2026-05-16T20:53:08Z,
"PUBLISHED","Soleil","soleil-crystal-beach","/restaurants/soleil","Crystal Beach","crystal-beach","Crystal Beach | Scenic 98",,"{""subdivisions"":[{""code"":""FL"",""name"":""Florida"",""type"":""ADMINISTRATIVE_AREA_LEVEL_1""},{""code"":""Okaloosa County"",""name"":""Okaloosa County"",""type"":""ADMINISTRATIVE_AREA_LEVEL_2""},{""code"":""Destin"",""name"":""Destin"",""type"":""ADMINISTRATIVE_AREA_LEVEL_3""},{""code"":""US"",""name"":""United States"",""type"":""COUNTRY""}],""city"":""Destin"",""location"":{""latitude"":30.3820495,""longitude"":-86.4229494},""countryFullname"":""United States"",""streetAddress"":{""apt"":"""",""name"":""Scenic Highway 98"",""number"":""2996""},""formatted"":""2996 Scenic Hwy 98, Destin, FL 32541"",""country"":""US"",""postalCode"":""32541"",""subdivision"":""FL""}","(888) 817-1896","https://www.saltwatervacay.com/rentals/category/the-inn-at-crystal-beach","$$$","Soleil is an upscale restaurant in Crystal Beach | Scenic 98, offering a more refined option for lunch or dinner.","Mon: Open 24 hours; Tue: Open 24 hours; Wed: Open 24 hours; Thu: Open 24 hours; Fri: Open 24 hours; Sat: Open 24 hours; Sun: Open 24 hours","/restaurants1/",,,,"[""Upscale""]","[""American"",""Seafood""]","[""Lunch"",""Dinner""]","[""Seafood"",""Grill""]","ChIJhSUg8qtEkYgRtoCvDes6I4c","[""In Review""]","[""In Review""]","[""In Review""]","[""Yes""]","[""In Review""]","[""Yes""]","[""Coming Soon""]",,,"[""Yes""]","[""Restaurant""]","Soleil Seafood Grill American Seafood Upscale Crystal Beach Crystal Beach | Scenic 98","3b853a54-522e-499a-9d0e-346480989db1",2026-05-16T20:53:08Z,2026-05-16T20:53:08Z,"de29ed44-ed1b-41d4-b93d-94f3e3c2dc4d","Yes",2026-05-16T20:53:08Z,
"PUBLISHED","Firehouse Subs Destin","firehouse-subs-destin-mid-destin","/restaurants/firehouse-subs-destin","Mid-Destin","mid-destin","Destin | US 98",,"{""subdivisions"":[{""code"":""FL"",""name"":""Florida"",""type"":""ADMINISTRATIVE_AREA_LEVEL_1""},{""code"":""Okaloosa County"",""name"":""Okaloosa County"",""type"":""ADMINISTRATIVE_AREA_LEVEL_2""},{""code"":""Destin"",""name"":""Destin"",""type"":""ADMINISTRATIVE_AREA_LEVEL_3""},{""code"":""US"",""name"":""United States"",""type"":""COUNTRY""}],""city"":""Destin"",""location"":{""latitude"":30.387445,""longitude"":-86.43853},""countryFullname"":""United States"",""streetAddress"":{""apt"":""Ste 5"",""name"":""Emerald Coast Parkway"",""number"":""34737""},""formatted"":""34737 Emerald Coast Pkwy Ste 5, Destin, FL 32541"",""country"":""US"",""postalCode"":""32541"",""subdivision"":""FL""}","(850) 424-7331","https://www.firehousesubs.com/","$","Firehouse Subs Destin is a fast-casual spot in Destin | US 98, useful for sandwiches and an easy lunch or dinner.","Mon: 10:00 AM – 9:00 PM; Tue: 10:00 AM – 9:00 PM; Wed: 10:00 AM – 9:00 PM; Thu: 10:00 AM – 9:00 PM; Fri: 10:00 AM – 9:00 PM; Sat: 10:00 AM – 9:00 PM; Sun: 10:00 AM – 9:00 PM","/restaurants1/",,,,"[""Fast Casual""]","[""American""]","[""Lunch"",""Dinner""]","[""Sandwiches""]","ChIJq1t-kFhDkYgRgwQsq7sV8zs","[""In Review""]","[""In Review""]","[""In Review""]","[""No""]","[""In Review""]","[""No""]","[""Coming Soon""]",,,"[""Yes""]","[""Restaurant""]","Firehouse Subs Destin Sandwiches American Fast Casual Mid-Destin Destin | US 98","3bdc7d37-5b99-4f74-af12-8f896653863e",2026-05-16T20:53:08Z,2026-05-16T20:53:08Z,"de29ed44-ed1b-41d4-b93d-94f3e3c2dc4d","No",2026-05-16T20:53:08Z,
"PUBLISHED","Louisiana Lagniappe","louisiana-lagniappe-destin-harbor","/restaurants/louisiana-lagniappe","Destin Harbor","destin-harbor","Destin Harbor",,"{""subdivisions"":[{""code"":""FL"",""name"":""Florida"",""type"":""ADMINISTRATIVE_AREA_LEVEL_1""},{""code"":""Okaloosa County"",""name"":""Okaloosa County"",""type"":""ADMINISTRATIVE_AREA_LEVEL_2""},{""code"":""Destin"",""name"":""Destin"",""type"":""ADMINISTRATIVE_AREA_LEVEL_3""},{""code"":""US"",""name"":""United States"",""type"":""COUNTRY""}],""city"":""Destin"",""location"":{""latitude"":30.386651699999998,""longitude"":-86.4842208},""countryFullname"":""United States"",""streetAddress"":{""apt"":"""",""name"":""Gulf Shore Drive"",""number"":""775""},""formatted"":""775 Gulf Shore Dr, Destin, FL 32541"",""country"":""US"",""postalCode"":""32541"",""subdivision"":""FL""}","(850) 837-0881","http://www.thelouisianalagniappe.com/","$$$","Louisiana Lagniappe offers a polished dining experience in Destin Harbor, suited for a nicer dinner, date night, or special occasion.","Mon: 4:00 – 9:00 PM; Tue: 4:00 – 9:00 PM; Wed: 4:00 – 9:00 PM; Thu: 4:00 – 9:00 PM; Fri: 4:00 – 9:00 PM; Sat: 4:00 – 9:00 PM; Sun: 4:00 – 9:00 PM","/restaurants1/",,,,"[""Fine Dining""]","[""Seafood"",""Southern""]","[""Lunch"",""Dinner""]","[""Seafood""]","ChIJk1zKYglEkYgRS_l961g0iEI","[""In Review""]","[""In Review""]","[""In Review""]","[""Yes""]","[""In Review""]","[""Yes""]","[""Coming Soon""]","http://www.facebook.com/2008/fbml/",,"[""No""]","[""Restaurant""]","Louisiana Lagniappe Seafood Seafood Southern Fine Dining Destin Harbor Destin Harbor","3c616ceb-b82a-4f01-8cae-b72503024e09",2026-05-16T20:53:08Z,2026-05-16T20:53:08Z,"de29ed44-ed1b-41d4-b93d-94f3e3c2dc4d","Yes",2026-05-16T20:53:08Z,
"PUBLISHED","The Surf Hut","the-surf-hut-miramar-beach","/restaurants/the-surf-hut","Miramar Beach","miramar-beach","Miramar Beach | Scenic Gulf Drive",,"{""subdivisions"":[{""code"":""FL"",""name"":""Florida"",""type"":""ADMINISTRATIVE_AREA_LEVEL_1""},{""code"":""Walton County"",""name"":""Walton County"",""type"":""ADMINISTRATIVE_AREA_LEVEL_2""},{""code"":""Destin"",""name"":""Destin"",""type"":""ADMINISTRATIVE_AREA_LEVEL_3""},{""code"":""US"",""name"":""United States"",""type"":""COUNTRY""}],""city"":""Destin"",""location"":{""latitude"":30.374376200000004,""longitude"":-86.35782619999999},""countryFullname"":""United States"",""streetAddress"":{""apt"":"""",""name"":""Highway 2378"",""number"":""551""},""formatted"":""551 Hwy 2378, Destin, FL 32550"",""country"":""US"",""postalCode"":""32550"",""subdivision"":""FL""}","(850) 460-7750","https://www.surfhutdestin.com/","$$","The Surf Hut is a casual bar and restaurant in Miramar Beach | Scenic Gulf Drive with seafood-focused dishes and a relaxed coastal atmosphere.","Mon: 11:00 AM – 10:00 PM; Tue: 11:00 AM – 10:00 PM; Wed: 11:00 AM – 10:00 PM; Thu: 11:00 AM – 10:00 PM; Fri: 11:00 AM – 10:00 PM; Sat: 11:00 AM – 10:00 PM; Sun: 11:00 AM – 10:00 PM","/restaurants1/",,,,"[""Casual Dining"",""Bar""]","[""Seafood"",""American""]","[""Lunch"",""Dinner""]","[""Seafood"",""Burgers""]","ChIJ9Uy7tPJbkYgR7IV354kZzFw","[""Yes""]","[""In Review""]","[""In Review""]","[""Yes""]","[""In Review""]","[""No""]","[""Coming Soon""]",,,"[""Yes""]","[""Bar & Restaurant""]","The Surf Hut Seafood Burgers Seafood American Casual Dining Bar Miramar Beach Miramar Beach | Scenic Gulf Drive","3faca9e1-bc88-4e69-9fe5-8342f124b5e3",2026-05-16T20:53:08Z,2026-05-16T20:53:08Z,"de29ed44-ed1b-41d4-b93d-94f3e3c2dc4d","Yes",2026-05-16T20:53:08Z,
"PUBLISHED","Taqueria Mi Gente","taqueria-mi-gente-mid-destin","/restaurants/taqueria-mi-gente","Mid-Destin","mid-destin","Destin | US 98",,"{""subdivisions"":[{""code"":""FL"",""name"":""Florida"",""type"":""ADMINISTRATIVE_AREA_LEVEL_1""},{""code"":""Okaloosa County"",""name"":""Okaloosa County"",""type"":""ADMINISTRATIVE_AREA_LEVEL_2""},{""code"":""Destin"",""name"":""Destin"",""type"":""ADMINISTRATIVE_AREA_LEVEL_3""},{""code"":""US"",""name"":""United States"",""type"":""COUNTRY""}],""city"":""Destin"",""location"":{""latitude"":30.3908371,""longitude"":-86.4878787},""countryFullname"":""United States"",""streetAddress"":{""apt"":"""",""name"":""Harbor Boulevard"",""number"":""733""},""formatted"":""733 Harbor Blvd, Destin, FL 32541"",""country"":""US"",""postalCode"":""32541"",""subdivision"":""FL""}","(850) 842-2992","https://migenterestaurantandcantina.com/","$","Taqueria Mi Gente is a fast-casual restaurant in Destin | US 98, convenient for a quick lunch, dinner, or takeout.","Mon: 11:00 AM – 9:00 PM; Tue: 11:00 AM – 9:00 PM; Wed: 11:00 AM – 9:00 PM; Thu: 11:00 AM – 9:00 PM; Fri: 11:00 AM – 12:00 AM; Sat: 11:00 AM – 9:00 PM, 10:30 PM – 12:00 AM; Sun: 12:30 – 3:00 AM, 11:00 AM – 9:00 PM","/restaurants1/",,,,"[""Fast Casual""]","[""Mexican""]","[""Lunch"",""Dinner""]","[""Tacos""]","ChIJ36r8c7pDkYgRevLm0gbRBGQ","[""In Review""]","[""In Review""]","[""In Review""]","[""In Review""]","[""In Review""]","[""No""]","[""Coming Soon""]","https://www.facebook.com/taqueriamigentedestin/","https://www.instagram.com/migenterestaurantcantina/","[""Yes""]","[""Restaurant""]","Taqueria Mi Gente Tacos Mexican Fast Casual Mid-Destin Destin | US 98","4038a2df-ffa3-4069-8b73-fc501d49f8fe",2026-05-16T20:53:08Z,2026-05-16T20:53:08Z,"de29ed44-ed1b-41d4-b93d-94f3e3c2dc4d","No",2026-05-16T20:53:08Z,
"PUBLISHED",,,"/restaurants/ajs-grayton-beach",,,,,,,,,,,"/restaurants1/",,,,,,,,,,,,,,,,,,,,,"40453b89-c0a8-4cf3-b606-944dc2268890",2026-04-19T20:00:16Z,2026-05-16T20:53:54Z,"de29ed44-ed1b-41d4-b93d-94f3e3c2dc4d",,2026-04-19T20:00:16Z,
"PUBLISHED","Kona Ice HarborWalk","kona-ice-harborwalk-destin-harbor","/restaurants/kona-ice-harborwalk","Destin Harbor","destin-harbor","HarborWalk Village | Destin",,"{""subdivisions"":[{""code"":""FL"",""name"":""Florida"",""type"":""ADMINISTRATIVE_AREA_LEVEL_1""},{""code"":""Okaloosa County"",""name"":""Okaloosa County"",""type"":""ADMINISTRATIVE_AREA_LEVEL_2""},{""code"":""Destin"",""name"":""Destin"",""type"":""ADMINISTRATIVE_AREA_LEVEL_3""},{""code"":""US"",""name"":""United States"",""type"":""COUNTRY""}],""city"":""Destin"",""location"":{""latitude"":30.394059400000003,""longitude"":-86.5121123},""countryFullname"":""United States"",""streetAddress"":{""apt"":"""",""name"":""Harbor Boulevard"",""number"":""34""},""formatted"":""34 Harbor Blvd, Destin, FL 32541"",""country"":""US"",""postalCode"":""32541"",""subdivision"":""FL""}","(888) 965-7092","http://harborwalkvillage.com/?y_source=1_MjAwMjI0NDQ4NS03MTUtbG9jYXRpb24ud2Vic2l0ZQ%3D%3D","$","Kona Ice HarborWalk is a dessert-focused stop in HarborWalk Village | Destin, offering quick sweets and snacks for visitors and families. Google matched this row to HarborWalk Village rather than a distinct restaurant listing. Verify before publishing.",,"/restaurants1/",,,,"[""Fast Casual""]","[""American""]","[""Desserts""]","[""Snowcones"",""Dessert""]","ChIJqQ1Avv5DkYgR19YWeQV8UiQ","[""In Review""]","[""In Review""]","[""In Review""]","[""Yes""]","[""In Review""]","[""No""]","[""Coming Soon""]","https://www.facebook.com/TheEG.Destin/","https://www.instagram.com/emerald_grande/","[""Yes""]","[""Dessert""]","Kona Ice HarborWalk Snowcones Dessert American Fast Casual Destin Harbor HarborWalk Village | Destin","405822c3-f172-4d7d-9965-8d2812f28a86",2026-05-16T20:53:08Z,2026-05-16T20:53:08Z,"de29ed44-ed1b-41d4-b93d-94f3e3c2dc4d","Yes",2026-05-16T20:53:08Z,
"PUBLISHED","SnowBiz by Ray","snowbiz-by-ray-destin-commons","/restaurants/snowbiz-by-ray","Destin Commons","destin-commons","Destin Commons",,"{""subdivisions"":[{""code"":""FL"",""name"":""Florida"",""type"":""ADMINISTRATIVE_AREA_LEVEL_1""},{""code"":""Okaloosa County"",""name"":""Okaloosa County"",""type"":""ADMINISTRATIVE_AREA_LEVEL_2""},{""code"":""Destin"",""name"":""Destin"",""type"":""ADMINISTRATIVE_AREA_LEVEL_3""},{""code"":""US"",""name"":""United States"",""type"":""COUNTRY""}],""city"":""Destin"",""location"":{""latitude"":30.391569500000003,""longitude"":-86.4240988},""countryFullname"":""United States"",""streetAddress"":{""apt"":"""",""name"":""Legendary Drive"",""number"":""4300""},""formatted"":""4300 Legendary Dr, Destin, FL 32541"",""country"":""US"",""postalCode"":""32541"",""subdivision"":""FL""}","(850) 269-7669","https://destincommons.com/dine/snowbiz-by-ray/","$","SnowBiz by Ray is a dessert-focused stop in Destin Commons, offering quick sweets and snacks for visitors and families.",,"/restaurants1/",,,,"[""Fast Casual""]","[""American""]","[""Desserts""]","[""Snowcones"",""Dessert""]","ChIJIY-v_GZDkYgRjpnZLlZhQS0","[""In Review""]","[""In Review""]","[""In Review""]","[""In Review""]","[""In Review""]","[""No""]","[""Coming Soon""]","https://www.facebook.com/DestinCommons/","https://www.instagram.com/thedestincommons/","[""Yes""]","[""Dessert""]","SnowBiz by Ray Snowcones Dessert American Fast Casual Destin Commons Destin Commons","425a3373-4e2f-4bd4-9e36-e6de5d2685ac",2026-05-16T20:53:08Z,2026-05-16T20:53:08Z,"de29ed44-ed1b-41d4-b93d-94f3e3c2dc4d","No",2026-05-16T20:53:08Z,
"PUBLISHED",,,"/restaurants/havana-beach-bar-%26-grill",,,,,,,,,,,"/restaurants1/",,,,,,,,,,,,,,,,,,,,,"4405b7f6-faad-4331-9203-e010af71b8a2",2026-04-19T20:00:16Z,2026-05-16T20:53:54Z,"de29ed44-ed1b-41d4-b93d-94f3e3c2dc4d",,2026-04-19T20:00:16Z,
"PUBLISHED","Hammerhead's Bar & Grille","hammerhead-s-bar-and-grille-sandestin","/restaurants/hammerhead's-bar-%26-grille","Sandestin","sandestin","Baytowne Wharf | Sandestin",,"{""subdivisions"":[{""code"":""FL"",""name"":""Florida"",""type"":""ADMINISTRATIVE_AREA_LEVEL_1""},{""code"":""Walton County"",""name"":""Walton County"",""type"":""ADMINISTRATIVE_AREA_LEVEL_2""},{""code"":""Miramar Beach"",""name"":""Miramar Beach"",""type"":""ADMINISTRATIVE_AREA_LEVEL_3""},{""code"":""US"",""name"":""United States"",""type"":""COUNTRY""}],""city"":""Miramar Beach"",""location"":{""latitude"":30.389749,""longitude"":-86.326246},""countryFullname"":""United States"",""streetAddress"":{""apt"":"""",""name"":""Fisherman's Cove"",""number"":""137""},""formatted"":""137 Fisherman's Cove, Miramar Beach, FL 32550"",""country"":""US"",""postalCode"":""32550"",""subdivision"":""FL""}","(850) 351-1997","http://hammerheadsbarandgrille.com/","$$","Hammerhead's Bar & Grille is a casual bar and restaurant in Baytowne Wharf | Sandestin with seafood-focused dishes and a relaxed coastal atmosphere.","Mon: 11:00 AM – 10:00 PM; Tue: 11:00 AM – 10:00 PM; Wed: 11:00 AM – 10:00 PM; Thu: 11:00 AM – 10:00 PM; Fri: 11:00 AM – 10:00 PM; Sat: 11:00 AM – 10:00 PM; Sun: 11:00 AM – 10:00 PM","/restaurants1/",,,,"[""Casual Dining"",""Bar""]","[""Seafood"",""American""]","[""Lunch"",""Dinner""]","[""Seafood"",""Burgers""]","ChIJ1bDjO1dbkYgREwGhT30JR5Y","[""Yes""]","[""In Review""]","[""In Review""]","[""Yes""]","[""In Review""]","[""No""]","[""Coming Soon""]","https://www.facebook.com/HammerheadsBarandGrille/","https://www.instagram.com/explore/locations/2049082/","[""Yes""]","[""Bar & Restaurant""]","Hammerhead's Bar & Grille Seafood Burgers Seafood American Casual Dining Bar Sandestin Baytowne Wharf | Sandestin","44f6fd67-b8ec-4f5f-aca8-59d303612477",2026-05-16T20:53:08Z,2026-05-16T20:53:08Z,"de29ed44-ed1b-41d4-b93d-94f3e3c2dc4d","Yes",2026-05-16T20:53:08Z,
"PUBLISHED",,,"/restaurants/la-crema-tapas-%26-chocolate",,,,,,,,,,,"/restaurants1/",,,,,,,,,,,,,,,,,,,,,"4510bd7c-c48f-4da7-9865-9baad36d3c63",2026-04-19T20:00:16Z,2026-05-16T20:53:54Z,"de29ed44-ed1b-41d4-b93d-94f3e3c2dc4d",,2026-04-19T20:00:16Z,
"PUBLISHED",,,"/restaurants/great-american-cookies",,,,,,,,,,,"/restaurants1/",,,,,,,,,,,,,,,,,,,,,"4781f20a-6525-4026-bb71-66a9b239b150",2026-04-19T20:00:16Z,2026-05-16T20:53:54Z,"de29ed44-ed1b-41d4-b93d-94f3e3c2dc4d",,2026-04-19T20:00:16Z,
"PUBLISHED","Fudpucker's Beachside Bar & Grill","fudpucker-s-beachside-bar-and-grill-mid-destin","/restaurants/fudpucker's-beachside-bar-%26-grill","Mid-Destin","mid-destin","Destin | US 98",,"{""subdivisions"":[{""code"":""FL"",""name"":""Florida"",""type"":""ADMINISTRATIVE_AREA_LEVEL_1""},{""code"":""Okaloosa County"",""name"":""Okaloosa County"",""type"":""ADMINISTRATIVE_AREA_LEVEL_2""},{""code"":""Destin"",""name"":""Destin"",""type"":""ADMINISTRATIVE_AREA_LEVEL_3""},{""code"":""US"",""name"":""United States"",""type"":""COUNTRY""}],""city"":""Destin"",""location"":{""latitude"":30.387770899999996,""longitude"":-86.44463669999999},""countryFullname"":""United States"",""streetAddress"":{""apt"":"""",""name"":""Emerald Coast Parkway"",""number"":""20001""},""formatted"":""20001 Emerald Coast Pkwy, Destin, FL 32541"",""country"":""US"",""postalCode"":""32541"",""subdivision"":""FL""}","(850) 654-4200","http://www.fudpucker.com/","$$","Fudpucker's Beachside Bar & Grill is a casual bar and restaurant in Destin | US 98 with seafood-focused dishes and a relaxed coastal atmosphere.","Mon: 11:00 AM – 10:00 PM; Tue: 11:00 AM – 10:00 PM; Wed: 11:00 AM – 10:00 PM; Thu: 11:00 AM – 10:00 PM; Fri: 11:00 AM – 10:00 PM; Sat: 11:00 AM – 10:00 PM; Sun: 11:00 AM – 10:00 PM","/restaurants1/",,,,"[""Casual Dining"",""Bar""]","[""American"",""Seafood""]","[""Lunch"",""Dinner""]","[""Seafood"",""Burgers""]","ChIJJ295kFhDkYgRKvBmVwwt8-s","[""Yes""]","[""In Review""]","[""In Review""]","[""Yes""]","[""In Review""]","[""No""]","[""Coming Soon""]","https://www.facebook.com/170753042418/","https://www.instagram.com/fudpuckers/","[""Yes""]","[""Bar & Restaurant""]","Fudpucker's Beachside Bar & Grill Seafood Burgers American Seafood Casual Dining Bar Mid-Destin Destin | US 98","47e21c28-76b2-4c7b-9618-26be45fddced",2026-05-16T20:53:08Z,2026-05-16T20:53:08Z,"de29ed44-ed1b-41d4-b93d-94f3e3c2dc4d","No",2026-05-16T20:53:08Z,
"PUBLISHED","Captain Dave's on the Gulf","captain-dave-s-on-the-gulf-crystal-beach","/restaurants/captain-dave's-on-the-gulf","Crystal Beach","crystal-beach","Crystal Beach | Scenic 98",,"{""subdivisions"":[{""code"":""FL"",""name"":""Florida"",""type"":""ADMINISTRATIVE_AREA_LEVEL_1""},{""code"":""Okaloosa County"",""name"":""Okaloosa County"",""type"":""ADMINISTRATIVE_AREA_LEVEL_2""},{""code"":""Destin"",""name"":""Destin"",""type"":""ADMINISTRATIVE_AREA_LEVEL_3""},{""code"":""US"",""name"":""United States"",""type"":""COUNTRY""}],""city"":""Destin"",""location"":{""latitude"":30.3792997,""longitude"":-86.39757089999999},""countryFullname"":""United States"",""streetAddress"":{""apt"":"""",""name"":""Scenic Highway 98"",""number"":""3796""},""formatted"":""3796 Scenic Hwy 98, Destin, FL 32541"",""country"":""US"",""postalCode"":""32541"",""subdivision"":""FL""}","(850) 837-2627","http://www.captdavesonthegulf.com/","$$$","Captain Dave's on the Gulf is a seafood restaurant in Crystal Beach | Scenic 98, offering a coastal dining option for lunch or dinner.","Mon: 4:00 – 9:00 PM; Tue: Closed; Wed: 4:00 – 9:00 PM; Thu: 4:00 – 9:00 PM; Fri: 4:00 – 9:00 PM; Sat: 4:00 – 9:00 PM; Sun: 4:00 – 9:00 PM","/restaurants1/",,,,"[""Casual Dining""]","[""Seafood"",""American""]","[""Lunch"",""Dinner""]","[""Seafood""]","ChIJl-HdaWdbkYgRS_MyeWqCW8o","[""In Review""]","[""In Review""]","[""In Review""]","[""Yes""]","[""In Review""]","[""Yes""]","[""Coming Soon""]","https://www.facebook.com/CaptDavesOnTheGulf/","https://www.instagram.com/capt_daves_on_the_gulf/","[""Yes""]","[""Restaurant""]","Captain Dave's on the Gulf Seafood Seafood American Casual Dining Crystal Beach Crystal Beach | Scenic 98","48f13c7f-e203-4627-9a4d-080af58a20cc",2026-05-16T20:53:08Z,2026-05-16T20:53:08Z,"de29ed44-ed1b-41d4-b93d-94f3e3c2dc4d","Yes",2026-05-16T20:53:08Z,
"PUBLISHED",,,"/restaurants/aja-30a",,,,,,,,,,,"/restaurants1/",,,,,,,,,,,,,,,,,,,,,"4be0e68c-9ff9-4305-a1af-1b8b512f268c",2026-04-19T20:00:16Z,2026-05-16T20:53:54Z,"de29ed44-ed1b-41d4-b93d-94f3e3c2dc4d",,2026-04-19T20:00:16Z,
"PUBLISHED","Kenny D's Beach Bar & Grill","kenny-d-s-beach-bar-and-grill-crystal-beach","/restaurants/kenny-d's-beach-bar-%26-grill","Crystal Beach","crystal-beach","Crystal Beach | Scenic 98",,"{""subdivisions"":[{""code"":""FL"",""name"":""Florida"",""type"":""ADMINISTRATIVE_AREA_LEVEL_1""},{""code"":""Walton County"",""name"":""Walton County"",""type"":""ADMINISTRATIVE_AREA_LEVEL_2""},{""code"":""Miramar Beach"",""name"":""Miramar Beach"",""type"":""ADMINISTRATIVE_AREA_LEVEL_3""},{""code"":""US"",""name"":""United States"",""type"":""COUNTRY""}],""city"":""Miramar Beach"",""location"":{""latitude"":30.379703600000003,""longitude"":-86.39678169999999},""countryFullname"":""United States"",""streetAddress"":{""apt"":"""",""name"":""Highway 2378"",""number"":""2964""},""formatted"":""2964 Hwy 2378, Miramar Beach, FL 32550"",""country"":""US"",""postalCode"":""32550"",""subdivision"":""FL""}","(850) 650-0755","http://kennyds.com/","$$","Kenny D's Beach Bar & Grill is a casual bar and restaurant in Crystal Beach | Scenic 98 with seafood-focused dishes and a relaxed coastal atmosphere.","Mon: 11:00 AM – 9:00 PM; Tue: 11:00 AM – 9:00 PM; Wed: 11:00 AM – 9:00 PM; Thu: 11:00 AM – 9:00 PM; Fri: 11:00 AM – 9:00 PM; Sat: 11:00 AM – 9:00 PM; Sun: 11:00 AM – 9:00 PM","/restaurants1/",,,,"[""Casual Dining"",""Bar""]","[""Southern"",""Seafood""]","[""Lunch"",""Dinner""]","[""Seafood"",""Sandwiches""]","ChIJ5xB0OmdbkYgRYVrEPGsyWjw","[""Yes""]","[""In Review""]","[""Yes""]","[""Yes""]","[""In Review""]","[""No""]","[""Coming Soon""]",,,"[""Yes""]","[""Bar & Restaurant""]","Kenny D's Beach Bar & Grill Seafood Sandwiches Southern Seafood Casual Dining Bar Crystal Beach Crystal Beach | Scenic 98","4dc20a21-06ee-45c1-a703-d38b404c6c22",2026-05-16T20:53:08Z,2026-05-16T20:53:08Z,"de29ed44-ed1b-41d4-b93d-94f3e3c2dc4d","Yes",2026-05-16T20:53:08Z,
"PUBLISHED",,,"/restaurants/canopy-road-cafe",,,,,,,,,,,"/restaurants1/",,,,,,,,,,,,,,,,,,,,,"4dfb4556-2ecc-4ca7-9455-71dcc2df76af",2026-04-19T20:00:16Z,2026-05-16T20:53:54Z,"de29ed44-ed1b-41d4-b93d-94f3e3c2dc4d",,2026-04-19T20:00:16Z,
"PUBLISHED","La Cremeria","la-cremeria-sandestin","/restaurants/la-cremeria","Sandestin","sandestin","Baytowne Wharf | Sandestin",,"{""subdivisions"":[{""code"":""FL"",""name"":""Florida"",""type"":""ADMINISTRATIVE_AREA_LEVEL_1""},{""code"":""Walton County"",""name"":""Walton County"",""type"":""ADMINISTRATIVE_AREA_LEVEL_2""},{""code"":""Destin"",""name"":""Destin"",""type"":""ADMINISTRATIVE_AREA_LEVEL_3""},{""code"":""US"",""name"":""United States"",""type"":""COUNTRY""}],""city"":""Destin"",""location"":{""latitude"":30.389727099999998,""longitude"":-86.32543249999999},""countryFullname"":""United States"",""streetAddress"":{""apt"":""unit ms-5"",""name"":""Fisherman's Cove"",""number"":""134""},""formatted"":""134 Fisherman's Cove unit ms-5, Destin, FL 32550"",""country"":""US"",""postalCode"":""32550"",""subdivision"":""FL""}","(850) 460-8447","https://lcgelato.com/","$","La Cremeria is a dessert stop in Baytowne Wharf | Sandestin known for ice cream and sweet treats. A good family-friendly option after the beach or dinner.","Mon: 11:00 AM – 9:00 PM; Tue: 11:00 AM – 9:00 PM; Wed: 11:00 AM – 9:00 PM; Thu: 11:00 AM – 9:00 PM; Fri: 11:00 AM – 9:00 PM; Sat: 11:00 AM – 9:00 PM; Sun: 11:00 AM – 9:00 PM","/restaurants1/",,,,"[""Fast Casual""]","[""Italian""]","[""Desserts""]","[""Ice Cream"",""Coffee"",""Dessert""]","ChIJz9KRKZlfkYgRundHGHyqt0A","[""In Review""]","[""In Review""]","[""In Review""]","[""In Review""]","[""In Review""]","[""No""]","[""Coming Soon""]","https://www.facebook.com/lacremeria2023/",,"[""Yes""]","[""Dessert""]","La Cremeria Ice Cream Coffee Dessert Italian Fast Casual Sandestin Baytowne Wharf | Sandestin","4ff9f2a7-d732-489e-b768-c1e43758b0fa",2026-05-16T20:53:08Z,2026-05-16T20:53:08Z,"de29ed44-ed1b-41d4-b93d-94f3e3c2dc4d","No",2026-05-16T20:53:08Z,
"PUBLISHED","The Spice & Tea Exchange","the-spice-and-tea-exchange-destin-commons","/restaurants/the-spice-%26-tea-exchange","Destin Commons","destin-commons","Destin Commons",,"{""subdivisions"":[{""code"":""FL"",""name"":""Florida"",""type"":""ADMINISTRATIVE_AREA_LEVEL_1""},{""code"":""Okaloosa County"",""name"":""Okaloosa County"",""type"":""ADMINISTRATIVE_AREA_LEVEL_2""},{""code"":""Destin"",""name"":""Destin"",""type"":""ADMINISTRATIVE_AREA_LEVEL_3""},{""code"":""US"",""name"":""United States"",""type"":""COUNTRY""}],""city"":""Destin"",""location"":{""latitude"":30.3908433,""longitude"":-86.42307199999999},""countryFullname"":""United States"",""streetAddress"":{""apt"":"""",""name"":""Legendary Drive"",""number"":""4317""},""formatted"":""4317 Legendary Dr, Destin, FL 32541"",""country"":""US"",""postalCode"":""32541"",""subdivision"":""FL""}","(850) 837-1095","https://www.spiceandtea.com/destin","$","The Spice & Tea Exchange is a casual cafe in Destin Commons, useful for coffee, breakfast, or a quick daytime stop. Google currently lists this business as permanently closed; verify before publishing.",,"/restaurants1/",,,,"[""Fast Casual""]","[""American""]","[""Lunch""]","[""Coffee"",""Market""]","ChIJezAxHFRDkYgRvSRuWY4oFs0","[""In Review""]","[""In Review""]","[""In Review""]","[""No""]","[""In Review""]","[""No""]","[""Coming Soon""]","https://www.facebook.com/spiceandtea/","https://www.instagram.com/spiceandtea/","[""Yes""]","[""Cafe / Coffee""]","The Spice & Tea Exchange Coffee Market American Fast Casual Destin Commons Destin Commons","503e907d-2d23-49a6-8b7d-3320056a4cd8",2026-05-16T20:53:08Z,2026-05-16T20:53:08Z,"de29ed44-ed1b-41d4-b93d-94f3e3c2dc4d","No",2026-05-16T20:53:08Z,
"PUBLISHED",,,"/restaurants/shades-bar-%26-grill",,,,,,,,,,,"/restaurants1/",,,,,,,,,,,,,,,,,,,,,"50569d61-d62e-4433-b3d5-e1781e831b26",2026-04-19T20:00:16Z,2026-05-16T20:53:54Z,"de29ed44-ed1b-41d4-b93d-94f3e3c2dc4d",,2026-04-19T20:00:16Z,
"PUBLISHED","Miller's Ale House Destin","miller-s-ale-house-destin-mid-destin","/restaurants/miller's-ale-house-destin","Mid-Destin","mid-destin","Destin | US 98",,"{""subdivisions"":[{""code"":""FL"",""name"":""Florida"",""type"":""ADMINISTRATIVE_AREA_LEVEL_1""},{""code"":""Okaloosa County"",""name"":""Okaloosa County"",""type"":""ADMINISTRATIVE_AREA_LEVEL_2""},{""code"":""Destin"",""name"":""Destin"",""type"":""ADMINISTRATIVE_AREA_LEVEL_3""},{""code"":""US"",""name"":""United States"",""type"":""COUNTRY""}],""city"":""Destin"",""location"":{""latitude"":30.3881307,""longitude"":-86.4270768},""countryFullname"":""United States"",""streetAddress"":{""apt"":"""",""name"":""Emerald Coast Parkway"",""number"":""34906""},""formatted"":""34906 Emerald Coast Pkwy, Destin, FL 32541"",""country"":""US"",""postalCode"":""32541"",""subdivision"":""FL""}","(850) 837-0694","https://millersalehouse.com/locations/destin/?utm_source=gmb&utm_medium=organic","$$","Miller's Ale House Destin is a bar and restaurant in Destin | US 98, good for drinks, casual food, and a relaxed meal with friends.","Mon: 11:00 AM – 11:00 PM; Tue: 11:00 AM – 11:00 PM; Wed: 11:00 AM – 11:00 PM; Thu: 11:00 AM – 11:00 PM; Fri: 11:00 AM – 1:00 AM; Sat: 11:00 AM – 1:00 AM; Sun: 11:00 AM – 11:00 PM","/restaurants1/",,,,"[""Casual Dining"",""Bar""]","[""American""]","[""Lunch"",""Dinner""]","[""Grill"",""Burgers""]","ChIJXQ5Xv1dDkYgRCCmh6FIq3GA","[""Yes""]","[""In Review""]","[""In Review""]","[""Yes""]","[""In Review""]","[""No""]","[""Coming Soon""]","https://www.facebook.com/millersalehouse/","https://www.instagram.com/millersalehouse/","[""Yes""]","[""Bar & Restaurant""]","Miller's Ale House Destin Grill Burgers American Casual Dining Bar Mid-Destin Destin | US 98","518b2560-8647-481f-aa8d-39be3dacb163",2026-05-16T20:53:08Z,2026-05-16T20:53:08Z,"de29ed44-ed1b-41d4-b93d-94f3e3c2dc4d","No",2026-05-16T20:53:08Z,
"PUBLISHED",,,"/restaurants/scout-sports-tavern",,,,,,,,,,,"/restaurants1/",,,,,,,,,,,,,,,,,,,,,"51a3d7bf-204b-4e9a-8335-5c07af5636aa",2026-04-19T20:00:16Z,2026-05-16T20:53:54Z,"de29ed44-ed1b-41d4-b93d-94f3e3c2dc4d",,2026-04-19T20:00:16Z,
"PUBLISHED","Olive Garden Destin","olive-garden-destin-mid-destin","/restaurants/olive-garden-destin","Mid-Destin","mid-destin","Destin | US 98",,"{""subdivisions"":[{""code"":""FL"",""name"":""Florida"",""type"":""ADMINISTRATIVE_AREA_LEVEL_1""},{""code"":""Okaloosa County"",""name"":""Okaloosa County"",""type"":""ADMINISTRATIVE_AREA_LEVEL_2""},{""code"":""Destin"",""name"":""Destin"",""type"":""ADMINISTRATIVE_AREA_LEVEL_3""},{""code"":""US"",""name"":""United States"",""type"":""COUNTRY""}],""city"":""Destin"",""location"":{""latitude"":30.388688000000002,""longitude"":-86.423042},""countryFullname"":""United States"",""streetAddress"":{""apt"":"""",""name"":""Emerald Coast Parkway"",""number"":""34970""},""formatted"":""34970 Emerald Coast Pkwy, Destin, FL 32541"",""country"":""US"",""postalCode"":""32541"",""subdivision"":""FL""}","(850) 650-2307","https://www.olivegarden.com/locations/fl/destin/destin/1689?cmpid=br:og_ag:ie_ch:loc_ca:OGGMB_sn:gmb_gt:destin-fl-1689_pl:locurl_rd:1539","$$","Olive Garden Destin is an Italian restaurant in Destin | US 98, included as part of the Destin dining corridor draft for further verification.","Mon: 11:00 AM – 10:00 PM; Tue: 11:00 AM – 10:00 PM; Wed: 11:00 AM – 10:00 PM; Thu: 11:00 AM – 10:00 PM; Fri: 11:00 AM – 11:00 PM; Sat: 11:00 AM – 11:00 PM; Sun: 11:00 AM – 10:00 PM","/restaurants1/",,,,"[""Casual Dining""]","[""Italian""]","[""Lunch"",""Dinner""]","[""Pasta""]","ChIJDbu03FVDkYgRkTZirqq_8Ps","[""In Review""]","[""In Review""]","[""In Review""]","[""No""]","[""In Review""]","[""No""]","[""Coming Soon""]",,,"[""Yes""]","[""Restaurant""]","Olive Garden Destin Pasta Italian Casual Dining Mid-Destin Destin | US 98","545534e9-d17e-4e67-a47d-cc830f78d389",2026-05-16T20:53:08Z,2026-05-16T20:53:08Z,"de29ed44-ed1b-41d4-b93d-94f3e3c2dc4d","No",2026-05-16T20:53:08Z,
"PUBLISHED",,,"/restaurants/obscure-wine-company",,,,,,,,,,,"/restaurants1/",,,,,,,,,,,,,,,,,,,,,"56b55f31-0755-4ad3-807f-ce59439aaffa",2026-04-19T20:00:16Z,2026-05-16T20:53:54Z,"de29ed44-ed1b-41d4-b93d-94f3e3c2dc4d",,2026-04-19T20:00:16Z,
"PUBLISHED","Jon Smith Subs","jon-smith-subs-sandestin","/restaurants/jon-smith-subs","Sandestin","sandestin","The Market Shops | Sandestin",,"{""subdivisions"":[{""code"":""FL"",""name"":""Florida"",""type"":""ADMINISTRATIVE_AREA_LEVEL_1""},{""code"":""Walton County"",""name"":""Walton County"",""type"":""ADMINISTRATIVE_AREA_LEVEL_2""},{""code"":""Miramar Beach"",""name"":""Miramar Beach"",""type"":""ADMINISTRATIVE_AREA_LEVEL_3""},{""code"":""US"",""name"":""United States"",""type"":""COUNTRY""}],""city"":""Miramar Beach"",""location"":{""latitude"":30.377596600000004,""longitude"":-86.3313659},""countryFullname"":""United States"",""streetAddress"":{""apt"":"""",""name"":""Emerald Coast Parkway West"",""number"":""9375""},""formatted"":""9375 Emerald Coast Pkwy W, Miramar Beach, FL 32550"",""country"":""US"",""postalCode"":""32550"",""subdivision"":""FL""}","(850) 389-8988","https://www.jonsmithsubs.com/","$","Jon Smith Subs is a fast-casual spot in The Market Shops | Sandestin, useful for sandwiches and an easy lunch or dinner.","Mon: 9:00 AM – 6:00 PM; Tue: 9:00 AM – 6:00 PM; Wed: 9:00 AM – 6:00 PM; Thu: 9:00 AM – 6:00 PM; Fri: 9:00 AM – 6:00 PM; Sat: 9:00 AM – 6:00 PM; Sun: 9:00 AM – 5:00 PM","/restaurants1/",,,,"[""Fast Casual""]","[""American""]","[""Lunch"",""Dinner""]","[""Sandwiches""]","ChIJT-yy18NZkYgRsL_2aFSGXp8","[""In Review""]","[""In Review""]","[""In Review""]","[""Yes""]","[""In Review""]","[""No""]","[""Coming Soon""]",,,"[""Yes""]","[""Restaurant""]","Jon Smith Subs Sandwiches American Fast Casual Sandestin The Market Shops | Sandestin","57aaf4cf-3c7e-4268-80f7-def3120f8f77",2026-05-16T20:53:08Z,2026-05-16T20:53:08Z,"de29ed44-ed1b-41d4-b93d-94f3e3c2dc4d","No",2026-05-16T20:53:08Z,
"PUBLISHED","Riviera Creamery","riviera-creamery-destin-commons","/restaurants/riviera-creamery","Destin Commons","destin-commons","Destin Commons",,"{""subdivisions"":[{""code"":""FL"",""name"":""Florida"",""type"":""ADMINISTRATIVE_AREA_LEVEL_1""},{""code"":""Okaloosa County"",""name"":""Okaloosa County"",""type"":""ADMINISTRATIVE_AREA_LEVEL_2""},{""code"":""Destin"",""name"":""Destin"",""type"":""ADMINISTRATIVE_AREA_LEVEL_3""},{""code"":""US"",""name"":""United States"",""type"":""COUNTRY""}],""city"":""Destin"",""location"":{""latitude"":30.3901379,""longitude"":-86.4251293},""countryFullname"":""United States"",""streetAddress"":{""apt"":""J113"",""name"":""Legendary Drive"",""number"":""4279""},""formatted"":""4279 Legendary Dr J113, Destin, FL 32541"",""country"":""US"",""postalCode"":""32541"",""subdivision"":""FL""}","(850) 424-5670","https://rivieracreamery.com/","$","Riviera Creamery is a dessert stop in Destin Commons known for ice cream and sweet treats. A good family-friendly option after the beach or dinner.","Mon: 10:00 AM – 9:00 PM; Tue: 10:00 AM – 9:00 PM; Wed: 10:00 AM – 9:00 PM; Thu: 10:00 AM – 9:00 PM; Fri: 10:00 AM – 9:00 PM; Sat: 10:00 AM – 9:00 PM; Sun: 11:00 AM – 7:00 PM","/restaurants1/",,,,"[""Fast Casual""]","[""American""]","[""Desserts""]","[""Ice Cream"",""Dessert""]","ChIJka0M4l9DkYgRgD2laajmuAo","[""In Review""]","[""In Review""]","[""In Review""]","[""In Review""]","[""In Review""]","[""No""]","[""Coming Soon""]","https://www.facebook.com/RivieraCreamery/",,"[""Yes""]","[""Dessert""]","Riviera Creamery Ice Cream Dessert American Fast Casual Destin Commons Destin Commons","580a8dc9-9993-47b0-ab5f-1031a09a2578",2026-05-16T20:53:08Z,2026-05-16T20:53:08Z,"de29ed44-ed1b-41d4-b93d-94f3e3c2dc4d","No",2026-05-16T20:53:08Z,
"PUBLISHED",,,"/restaurants/the-red-bar",,,,,,,,,,,"/restaurants1/",,,,,,,,,,,,,,,,,,,,,"587e6789-bae7-4b40-9b12-7f9fc1f1d434",2026-04-19T20:00:16Z,2026-05-16T20:53:54Z,"de29ed44-ed1b-41d4-b93d-94f3e3c2dc4d",,2026-04-19T20:00:16Z,
"PUBLISHED",,,"/restaurants/blue-mountain-beach-creamery",,,,,,,,,,,"/restaurants1/",,,,,,,,,,,,,,,,,,,,,"59037261-32e5-40d0-93e0-23355053de01",2026-04-19T20:00:16Z,2026-05-16T20:53:54Z,"de29ed44-ed1b-41d4-b93d-94f3e3c2dc4d",,2026-04-19T20:00:16Z,
"PUBLISHED",,,"/restaurants/87-central-square",,,,,,,,,,,"/restaurants1/",,,,,,,,,,,,,,,,,,,,,"5942beb3-c9f2-4eb0-8df5-9339b13d853a",2026-04-19T20:00:16Z,2026-05-16T20:53:54Z,"de29ed44-ed1b-41d4-b93d-94f3e3c2dc4d",,2026-04-19T20:00:16Z,
"PUBLISHED",,,"/restaurants/pizza-by-the-sea",,,,,,,,,,,"/restaurants1/",,,,,,,,,,,,,,,,,,,,,"5bdeb2ab-f2b5-45a1-9558-d5c4edc67fb8",2026-04-19T20:00:16Z,2026-05-16T20:53:54Z,"de29ed44-ed1b-41d4-b93d-94f3e3c2dc4d",,2026-04-19T20:00:16Z,
"PUBLISHED","Moo La-La Ice Cream & Desserts","moo-la-la-ice-cream-and-desserts-sandestin","/restaurants/moo-la-la-ice-cream-%26-desserts","Sandestin","sandestin","Baytowne Wharf | Sandestin",,"{""subdivisions"":[{""code"":""FL"",""name"":""Florida"",""type"":""ADMINISTRATIVE_AREA_LEVEL_1""},{""code"":""Walton County"",""name"":""Walton County"",""type"":""ADMINISTRATIVE_AREA_LEVEL_2""},{""code"":""Miramar Beach"",""name"":""Miramar Beach"",""type"":""ADMINISTRATIVE_AREA_LEVEL_3""},{""code"":""US"",""name"":""United States"",""type"":""COUNTRY""}],""city"":""Miramar Beach"",""location"":{""latitude"":30.388701599999997,""longitude"":-86.32440369999999},""countryFullname"":""United States"",""streetAddress"":{""apt"":"""",""name"":""Cannery Lane"",""number"":""101""},""formatted"":""101 Cannery Ln, Miramar Beach, FL 32550"",""country"":""US"",""postalCode"":""32550"",""subdivision"":""FL""}","(850) 654-3333","http://www.moolalaicecream.com/","$","Moo La-La Ice Cream & Desserts is a dessert stop in Baytowne Wharf | Sandestin known for ice cream and sweet treats. A good family-friendly option after the beach or dinner.","Mon: 11:00 AM – 9:00 PM; Tue: 11:00 AM – 9:00 PM; Wed: 11:00 AM – 9:00 PM; Thu: 11:00 AM – 9:00 PM; Fri: 11:00 AM – 10:00 PM; Sat: 11:00 AM – 10:00 PM; Sun: 11:00 AM – 9:00 PM","/restaurants1/",,,,"[""Fast Casual""]","[""American""]","[""Desserts""]","[""Ice Cream"",""Dessert""]","ChIJH1i6y7NekYgRr7AFyMkuj4U","[""No""]","[""No""]","[""In Review""]","[""No""]","[""In Review""]","[""No""]","[""Coming Soon""]",,,"[""Yes""]","[""Dessert""]","Moo La-La Ice Cream & Desserts Ice Cream Dessert American Fast Casual Sandestin Baytowne Wharf | Sandestin","5ed2eee8-f4a0-4484-b20c-0c6c38c5afb7",2026-05-16T20:53:08Z,2026-05-16T20:53:08Z,"de29ed44-ed1b-41d4-b93d-94f3e3c2dc4d","No",2026-05-16T20:53:08Z,
"PUBLISHED","Royal Palm Grille","royal-palm-grille-miramar-beach","/restaurants/royal-palm-grille","Miramar Beach","miramar-beach","Miramar Beach | Scenic Gulf Drive",,"{""subdivisions"":[{""code"":""FL"",""name"":""Florida"",""type"":""ADMINISTRATIVE_AREA_LEVEL_1""},{""code"":""Walton County"",""name"":""Walton County"",""type"":""ADMINISTRATIVE_AREA_LEVEL_2""},{""code"":""Miramar Beach"",""name"":""Miramar Beach"",""type"":""ADMINISTRATIVE_AREA_LEVEL_3""},{""code"":""US"",""name"":""United States"",""type"":""COUNTRY""}],""city"":""Miramar Beach"",""location"":{""latitude"":30.375684399999997,""longitude"":-86.3664862},""countryFullname"":""United States"",""streetAddress"":{""apt"":"""",""name"":""Highway 2378"",""number"":""1096""},""formatted"":""1096 Hwy 2378, Miramar Beach, FL 32550"",""country"":""US"",""postalCode"":""32550"",""subdivision"":""FL""}","(850) 424-7300","http://www.royalpalmgrille.com/","$$","Royal Palm Grille is a casual bar and restaurant in Miramar Beach | Scenic Gulf Drive with seafood-focused dishes and a relaxed coastal atmosphere.","Mon: 12:00 – 9:00 PM; Tue: 12:00 – 9:00 PM; Wed: 12:00 – 9:00 PM; Thu: 12:00 – 9:00 PM; Fri: 12:00 – 9:00 PM; Sat: 12:00 – 9:00 PM; Sun: 12:00 – 9:00 PM","/restaurants1/",,,,"[""Casual Dining"",""Bar""]","[""Seafood"",""American""]","[""Lunch"",""Dinner""]","[""Seafood"",""Sushi""]","ChIJxTwuu49bkYgR9Hol2Kzf0N8","[""Yes""]","[""In Review""]","[""Yes""]","[""Yes""]","[""In Review""]","[""Yes""]","[""Coming Soon""]","https://www.facebook.com/RoyalPalmGrille/","https://www.instagram.com/royalpalmgrille/","[""Yes""]","[""Bar & Restaurant""]","Royal Palm Grille Seafood Sushi Seafood American Casual Dining Bar Miramar Beach Miramar Beach | Scenic Gulf Drive","5f85ea82-bdbf-488b-8a61-77bc50b8f3f7",2026-05-16T20:53:08Z,2026-05-16T20:53:08Z,"de29ed44-ed1b-41d4-b93d-94f3e3c2dc4d","Yes",2026-05-16T20:53:08Z,
"PUBLISHED",,,"/restaurants/ambrosia",,,,,,,,,,,"/restaurants1/",,,,,,,,,,,,,,,,,,,,,"603dd66d-4ede-4fca-91e0-724d92ac2f50",2026-04-19T20:00:16Z,2026-05-16T20:53:54Z,"de29ed44-ed1b-41d4-b93d-94f3e3c2dc4d",,2026-04-19T20:00:16Z,
"PUBLISHED","Bonefish Grill Destin","bonefish-grill-destin-mid-destin","/restaurants/bonefish-grill-destin","Mid-Destin","mid-destin","Destin | US 98",,"{""subdivisions"":[{""code"":""FL"",""name"":""Florida"",""type"":""ADMINISTRATIVE_AREA_LEVEL_1""},{""code"":""Okaloosa County"",""name"":""Okaloosa County"",""type"":""ADMINISTRATIVE_AREA_LEVEL_2""},{""code"":""Destin"",""name"":""Destin"",""type"":""ADMINISTRATIVE_AREA_LEVEL_3""},{""code"":""US"",""name"":""United States"",""type"":""COUNTRY""}],""city"":""Destin"",""location"":{""latitude"":30.392100000000003,""longitude"":-86.4275751},""countryFullname"":""United States"",""streetAddress"":{""apt"":"""",""name"":""Commons Drive East"",""number"":""4447""},""formatted"":""4447 Commons Dr E, Destin, FL 32541"",""country"":""US"",""postalCode"":""32541"",""subdivision"":""FL""}","(850) 650-3161","https://locations.bonefishgrill.com/florida/destin/4447-commons-drive-e?y_source=1_MTU1MDI3NTMtNzE1LWxvY2F0aW9uLndlYnNpdGU%3D","$$","Bonefish Grill Destin is a seafood restaurant in Destin | US 98, offering a coastal dining option for lunch or dinner.","Mon: 11:00 AM – 10:00 PM; Tue: 11:00 AM – 10:00 PM; Wed: 11:00 AM – 10:00 PM; Thu: 11:00 AM – 10:00 PM; Fri: 11:00 AM – 11:00 PM; Sat: 11:00 AM – 11:00 PM; Sun: 11:00 AM – 9:00 PM","/restaurants1/",,,,"[""Casual Dining""]","[""Seafood"",""American""]","[""Lunch"",""Dinner""]","[""Seafood""]","ChIJ6TOA7V9DkYgRgbn7TYNGnOI","[""Yes""]","[""In Review""]","[""In Review""]","[""No""]","[""In Review""]","[""Yes""]","[""Coming Soon""]","http://www.facebook.com/pages/places/115916598491809/","http://instagram.com/bonefishgrill/","[""Yes""]","[""Restaurant""]","Bonefish Grill Destin Seafood Seafood American Casual Dining Mid-Destin Destin | US 98","609ac1fa-cdb3-4bb0-9d2b-0f839a9e9e1e",2026-05-16T20:53:08Z,2026-05-16T20:53:08Z,"de29ed44-ed1b-41d4-b93d-94f3e3c2dc4d","No",2026-05-16T20:53:08Z,
"PUBLISHED","Ovide","ovide-sandestin","/restaurants/ovide","Sandestin","sandestin","Sandestin | Hotel Effie",,"{""subdivisions"":[{""code"":""FL"",""name"":""Florida"",""type"":""ADMINISTRATIVE_AREA_LEVEL_1""},{""code"":""Walton County"",""name"":""Walton County"",""type"":""ADMINISTRATIVE_AREA_LEVEL_2""},{""code"":""Miramar Beach"",""name"":""Miramar Beach"",""type"":""ADMINISTRATIVE_AREA_LEVEL_3""},{""code"":""US"",""name"":""United States"",""type"":""COUNTRY""}],""city"":""Miramar Beach"",""location"":{""latitude"":30.391718899999997,""longitude"":-86.32401139999999},""countryFullname"":""United States"",""streetAddress"":{""apt"":"""",""name"":""Grand Sandestin Boulevard"",""number"":""1""},""formatted"":""1 Grand Sandestin Blvd, Miramar Beach, FL 32550"",""country"":""US"",""postalCode"":""32550"",""subdivision"":""FL""}","(850) 351-3000","https://www.marriott.com/en-us/hotels/vpsak-hotel-effie-sandestin-autograph-collection/overview/?scid=f2ae0541-1279-4f24-b197-a979c79310b0","$$$","Ovide offers a polished dining experience in Sandestin | Hotel Effie, suited for a nicer dinner, date night, or special occasion. Google matched this row to Hotel Effie rather than a distinct Ovide restaurant listing. Verify before publishing.",,"/restaurants1/",,,,"[""Fine Dining""]","[""American""]","[""Lunch"",""Dinner""]","[""Seafood"",""Steak""]","ChIJG4vmeFFZkYgRJW3Noa4kSFw","[""In Review""]","[""In Review""]","[""In Review""]","[""In Review""]","[""In Review""]","[""Yes""]","[""Coming Soon""]",,,"[""No""]","[""Restaurant""]","Ovide Seafood Steak American Fine Dining Sandestin Sandestin | Hotel Effie","6177da1b-52fa-41fd-9a1f-90db0d408694",2026-05-16T20:53:08Z,2026-05-16T20:53:08Z,"de29ed44-ed1b-41d4-b93d-94f3e3c2dc4d","Yes",2026-05-16T20:53:08Z,
"PUBLISHED","Nonna's Ristorante","nonna-s-ristorante-destin-harbor","/restaurants/nonna's-ristorante","Destin Harbor","destin-harbor","HarborWalk Village | Destin",,"{""subdivisions"":[{""code"":""FL"",""name"":""Florida"",""type"":""ADMINISTRATIVE_AREA_LEVEL_1""},{""code"":""Okaloosa County"",""name"":""Okaloosa County"",""type"":""ADMINISTRATIVE_AREA_LEVEL_2""},{""code"":""Destin"",""name"":""Destin"",""type"":""ADMINISTRATIVE_AREA_LEVEL_3""},{""code"":""US"",""name"":""United States"",""type"":""COUNTRY""}],""city"":""Destin"",""location"":{""latitude"":30.394921099999994,""longitude"":-86.51314819999999},""countryFullname"":""United States"",""streetAddress"":{""apt"":"""",""name"":""Harbor Boulevard"",""number"":""2""},""formatted"":""2 Harbor Blvd, Destin, FL 32541"",""country"":""US"",""postalCode"":""32541"",""subdivision"":""FL""}","(850) 842-2604","https://nonnasristorante.com/","$$","Nonna's Ristorante is a casual pizza restaurant in HarborWalk Village | Destin, useful for family meals, groups, or easy takeout.","Mon: 11:00 AM – 9:00 PM; Tue: 11:00 AM – 9:00 PM; Wed: 11:00 AM – 9:00 PM; Thu: 11:00 AM – 9:00 PM; Fri: 11:00 AM – 9:00 PM; Sat: 11:00 AM – 9:00 PM; Sun: 11:00 AM – 9:00 PM","/restaurants1/",,,,"[""Casual Dining""]","[""Italian""]","[""Lunch"",""Dinner""]","[""Pasta"",""Pizza""]","ChIJF7KhbmhBkYgREKcA189alJs","[""In Review""]","[""In Review""]","[""In Review""]","[""Yes""]","[""In Review""]","[""Yes""]","[""Coming Soon""]","https://www.facebook.com/nonnasristorante/","https://www.instagram.com/NonnasDestin/","[""Yes""]","[""Restaurant""]","Nonna's Ristorante Pasta Pizza Italian Casual Dining Destin Harbor HarborWalk Village | Destin","62786ab5-fac5-43fa-92cb-abe8d996872c",2026-05-16T20:53:08Z,2026-05-16T20:53:08Z,"de29ed44-ed1b-41d4-b93d-94f3e3c2dc4d","Yes",2026-05-16T20:53:08Z,
"PUBLISHED","Pascalli Kitchen","pascalli-kitchen-miramar-beach","/restaurants/pascalli-kitchen","Miramar Beach","miramar-beach","Miramar Beach",,"{""subdivisions"":[{""code"":""FL"",""name"":""Florida"",""type"":""ADMINISTRATIVE_AREA_LEVEL_1""},{""code"":""Walton County"",""name"":""Walton County"",""type"":""ADMINISTRATIVE_AREA_LEVEL_2""},{""code"":""Miramar Beach"",""name"":""Miramar Beach"",""type"":""ADMINISTRATIVE_AREA_LEVEL_3""},{""code"":""US"",""name"":""United States"",""type"":""COUNTRY""}],""city"":""Miramar Beach"",""location"":{""latitude"":30.377220899999998,""longitude"":-86.37635139999999},""countryFullname"":""United States"",""streetAddress"":{""apt"":""UNIT C"",""name"":""Highway 2378"",""number"":""1688""},""formatted"":""1688 Hwy 2378 UNIT C, Miramar Beach, FL 32550"",""country"":""US"",""postalCode"":""32550"",""subdivision"":""FL""}","(850) 424-6500","https://www.pascallikitchen.com/","$$","Pascalli Kitchen is a casual pizza restaurant in Miramar Beach, useful for family meals, groups, or easy takeout.","Mon: Closed; Tue: Closed; Wed: 8:00 AM – 7:00 PM; Thu: 8:00 AM – 7:00 PM; Fri: 8:00 AM – 7:00 PM; Sat: 8:00 AM – 7:00 PM; Sun: 8:00 AM – 7:00 PM","/restaurants1/",,,,"[""Casual Dining""]","[""Italian""]","[""Lunch"",""Dinner""]","[""Pizza"",""Pasta""]","ChIJoXNofsVbkYgRPzLYE0z0VJc","[""In Review""]","[""In Review""]","[""In Review""]","[""In Review""]","[""In Review""]","[""No""]","[""Coming Soon""]",,,"[""Yes""]","[""Restaurant""]","Pascalli Kitchen Pizza Pasta Italian Casual Dining Miramar Beach Miramar Beach","62d77a50-c883-46f9-9906-5c61f870cbd9",2026-05-16T20:53:08Z,2026-05-16T20:53:08Z,"de29ed44-ed1b-41d4-b93d-94f3e3c2dc4d","No",2026-05-16T20:53:08Z,
"PUBLISHED",,,"/restaurants/shunk-gulley-oyster-bar",,,,,,,,,,,"/restaurants1/",,,,,,,,,,,,,,,,,,,,,"644988e7-a27f-4d67-a1e4-b08fd0197f9f",2026-04-19T20:00:16Z,2026-05-16T20:53:54Z,"de29ed44-ed1b-41d4-b93d-94f3e3c2dc4d",,2026-04-19T20:00:16Z,
"PUBLISHED","AJ's Seafood & Oyster Bar","aj-s-seafood-and-oyster-bar-destin-harbor","/restaurants/aj's-seafood-%26-oyster-bar","Destin Harbor","destin-harbor","Destin Harbor",,"{""subdivisions"":[{""code"":""FL"",""name"":""Florida"",""type"":""ADMINISTRATIVE_AREA_LEVEL_1""},{""code"":""Okaloosa County"",""name"":""Okaloosa County"",""type"":""ADMINISTRATIVE_AREA_LEVEL_2""},{""code"":""Destin"",""name"":""Destin"",""type"":""ADMINISTRATIVE_AREA_LEVEL_3""},{""code"":""US"",""name"":""United States"",""type"":""COUNTRY""}],""city"":""Destin"",""location"":{""latitude"":30.393458799999998,""longitude"":-86.5088636},""countryFullname"":""United States"",""streetAddress"":{""apt"":"""",""name"":""Harbor Boulevard"",""number"":""116""},""formatted"":""116 Harbor Blvd, Destin, FL 32541"",""country"":""US"",""postalCode"":""32541"",""subdivision"":""FL""}","(850) 837-1913","http://www.ajsdestin.com/","$$","AJ's Seafood & Oyster Bar is a casual bar and restaurant in Destin Harbor with seafood-focused dishes and a relaxed coastal atmosphere.","Mon: 11:00 AM – 2:00 AM; Tue: 11:00 AM – 2:00 AM; Wed: 11:00 AM – 2:00 AM; Thu: 11:00 AM – 2:00 AM; Fri: 11:00 AM – 2:00 AM; Sat: 11:00 AM – 2:00 AM; Sun: 11:00 AM – 2:00 AM","/restaurants1/",,,,"[""Casual Dining"",""Bar""]","[""Seafood"",""American""]","[""Lunch"",""Dinner""]","[""Seafood"",""Oyster Bar""]","ChIJ94-UIVJBkYgR4FPUupAQgII","[""Yes""]","[""In Review""]","[""Yes""]","[""Yes""]","[""In Review""]","[""No""]","[""Coming Soon""]","https://www.facebook.com/119077594804563/","https://www.instagram.com/ajsdestin/","[""Yes""]","[""Bar & Restaurant""]","AJ's Seafood & Oyster Bar Seafood Oyster Bar Seafood American Casual Dining Bar Destin Harbor Destin Harbor","64667203-f2d8-4dee-9149-52f1003e14ec",2026-05-16T20:53:08Z,2026-05-16T20:53:08Z,"de29ed44-ed1b-41d4-b93d-94f3e3c2dc4d","Yes",2026-05-16T20:53:08Z,
"PUBLISHED","Waldo's Chicken & Beer","waldo-s-chicken-and-beer-miramar-beach","/restaurants/waldo's-chicken-%26-beer","Miramar Beach","miramar-beach","Miramar Beach | Silver Sands",,"{""subdivisions"":[{""code"":""FL"",""name"":""Florida"",""type"":""ADMINISTRATIVE_AREA_LEVEL_1""},{""code"":""Walton County"",""name"":""Walton County"",""type"":""ADMINISTRATIVE_AREA_LEVEL_2""},{""code"":""Miramar Beach"",""name"":""Miramar Beach"",""type"":""ADMINISTRATIVE_AREA_LEVEL_3""},{""code"":""US"",""name"":""United States"",""type"":""COUNTRY""}],""city"":""Miramar Beach"",""location"":{""latitude"":30.378182100000004,""longitude"":-86.3499162},""countryFullname"":""United States"",""streetAddress"":{""apt"":""Suite 169"",""name"":""Emerald Coast Parkway West"",""number"":""10562""},""formatted"":""10562 Emerald Coast Pkwy W Suite 169, Miramar Beach, FL 32550"",""country"":""US"",""postalCode"":""32550"",""subdivision"":""FL""}","(850) 600-1639","https://waldoschicken.com/","$$","Waldo's Chicken & Beer is a bar and restaurant in Miramar Beach | Silver Sands, good for drinks, casual food, and a relaxed meal with friends.","Mon: 11:00 AM – 9:00 PM; Tue: 11:00 AM – 9:00 PM; Wed: 11:00 AM – 9:00 PM; Thu: 11:00 AM – 9:00 PM; Fri: 11:00 AM – 9:00 PM; Sat: 11:00 AM – 9:00 PM; Sun: 10:00 AM – 9:00 PM","/restaurants1/",,,,"[""Casual Dining"",""Bar""]","[""American""]","[""Lunch"",""Dinner""]","[""Sandwiches"",""Grill""]","ChIJCWFzeiNbkYgRaZBMT7k6Y-A","[""Yes""]","[""In Review""]","[""In Review""]","[""In Review""]","[""In Review""]","[""No""]","[""Coming Soon""]","http://www.facebook.com/2008/fbml/","https://www.instagram.com/waldoschicken/","[""Yes""]","[""Bar & Restaurant""]","Waldo's Chicken & Beer Sandwiches Grill American Casual Dining Bar Miramar Beach Miramar Beach | Silver Sands","65f39a85-f05e-4ff0-85ff-132119b1a74c",2026-05-16T20:53:08Z,2026-05-16T20:53:08Z,"de29ed44-ed1b-41d4-b93d-94f3e3c2dc4d","No",2026-05-16T20:53:08Z,
"PUBLISHED","Chicken Salad Chick Destin","chicken-salad-chick-destin-mid-destin","/restaurants/chicken-salad-chick-destin","Mid-Destin","mid-destin","Destin | US 98",,"{""subdivisions"":[{""code"":""FL"",""name"":""Florida"",""type"":""ADMINISTRATIVE_AREA_LEVEL_1""},{""code"":""Okaloosa County"",""name"":""Okaloosa County"",""type"":""ADMINISTRATIVE_AREA_LEVEL_2""},{""code"":""Destin"",""name"":""Destin"",""type"":""ADMINISTRATIVE_AREA_LEVEL_3""},{""code"":""US"",""name"":""United States"",""type"":""COUNTRY""}],""city"":""Destin"",""location"":{""latitude"":30.386586700000002,""longitude"":-86.4069444},""countryFullname"":""United States"",""streetAddress"":{""apt"":""STE 111"",""name"":""Emerald Coast Parkway"",""number"":""36150""},""formatted"":""36150 Emerald Coast Pkwy STE 111, Destin, FL 32541"",""country"":""US"",""postalCode"":""32541"",""subdivision"":""FL""}","(850) 460-2888","https://chickensaladchick.com/destin-fl","$","Chicken Salad Chick Destin is a fast-casual spot in Destin | US 98, useful for sandwiches and an easy lunch or dinner.","Mon: 10:00 AM – 7:00 PM; Tue: 10:00 AM – 7:00 PM; Wed: 10:00 AM – 7:00 PM; Thu: 10:00 AM – 7:00 PM; Fri: 10:00 AM – 7:00 PM; Sat: 10:00 AM – 7:00 PM; Sun: Closed","/restaurants1/",,,,"[""Fast Casual""]","[""American"",""Southern""]","[""Lunch"",""Dinner""]","[""Sandwiches""]","ChIJ82ls9adckYgRSr7_gBbIqWo","[""In Review""]","[""In Review""]","[""In Review""]","[""In Review""]","[""In Review""]","[""No""]","[""Coming Soon""]",,,"[""Yes""]","[""Restaurant""]","Chicken Salad Chick Destin Sandwiches American Southern Fast Casual Mid-Destin Destin | US 98","6621b3de-c320-4e55-a7f7-b5b833d85fa4",2026-05-16T20:53:08Z,2026-05-16T20:53:08Z,"de29ed44-ed1b-41d4-b93d-94f3e3c2dc4d","No",2026-05-16T20:53:08Z,
"PUBLISHED","Destination Little Donuts","destination-little-donuts-destin-commons","/restaurants/destination-little-donuts","Destin Commons","destin-commons","Destin Commons",,"{""subdivisions"":[{""code"":""FL"",""name"":""Florida"",""type"":""ADMINISTRATIVE_AREA_LEVEL_1""},{""code"":""Okaloosa County"",""name"":""Okaloosa County"",""type"":""ADMINISTRATIVE_AREA_LEVEL_2""},{""code"":""Destin"",""name"":""Destin"",""type"":""ADMINISTRATIVE_AREA_LEVEL_3""},{""code"":""US"",""name"":""United States"",""type"":""COUNTRY""}],""city"":""Destin"",""location"":{""latitude"":30.3901379,""longitude"":-86.4251293},""countryFullname"":""United States"",""streetAddress"":{""apt"":""J113"",""name"":""Legendary Drive"",""number"":""4279""},""formatted"":""4279 Legendary Dr J113, Destin, FL 32541"",""country"":""US"",""postalCode"":""32541"",""subdivision"":""FL""}","(850) 424-5670","https://rivieracreamery.com/","$","Destination Little Donuts is a dessert-focused stop in Destin Commons, offering quick sweets and snacks for visitors and families.","Mon: 10:00 AM – 9:00 PM; Tue: 10:00 AM – 9:00 PM; Wed: 10:00 AM – 9:00 PM; Thu: 10:00 AM – 9:00 PM; Fri: 10:00 AM – 9:00 PM; Sat: 10:00 AM – 9:00 PM; Sun: 11:00 AM – 7:00 PM","/restaurants1/",,,,"[""Fast Casual""]","[""American""]","[""Breakfast"",""Desserts""]","[""Donuts"",""Coffee""]","ChIJka0M4l9DkYgRgD2laajmuAo","[""In Review""]","[""In Review""]","[""In Review""]","[""In Review""]","[""In Review""]","[""No""]","[""Coming Soon""]","https://www.facebook.com/RivieraCreamery/",,"[""Yes""]","[""Dessert""]","Destination Little Donuts Donuts Coffee American Fast Casual Destin Commons Destin Commons","67a412d3-ff2c-46a8-abae-e0bfd6cbfc39",2026-05-16T20:53:08Z,2026-05-16T20:53:08Z,"de29ed44-ed1b-41d4-b93d-94f3e3c2dc4d","No",2026-05-16T20:53:08Z,
"PUBLISHED","Chick-fil-A Destin","chick-fil-a-destin-mid-destin","/restaurants/chick-fil-a-destin","Mid-Destin","mid-destin","Destin | US 98",,"{""subdivisions"":[{""code"":""FL"",""name"":""Florida"",""type"":""ADMINISTRATIVE_AREA_LEVEL_1""},{""code"":""Okaloosa County"",""name"":""Okaloosa County"",""type"":""ADMINISTRATIVE_AREA_LEVEL_2""},{""code"":""Destin"",""name"":""Destin"",""type"":""ADMINISTRATIVE_AREA_LEVEL_3""},{""code"":""US"",""name"":""United States"",""type"":""COUNTRY""}],""city"":""Destin"",""location"":{""latitude"":30.387360599999997,""longitude"":-86.4705184},""countryFullname"":""United States"",""streetAddress"":{""apt"":"""",""name"":""U.S. 98"",""number"":""1021""},""formatted"":""1021 US-98, Destin, FL 32541"",""country"":""US"",""postalCode"":""32541"",""subdivision"":""FL""}","(850) 502-2296","https://www.chick-fil-a.com/locations/fl/destin?utm_source=google&utm_medium=gmb","$","Chick-fil-A Destin is a fast-casual spot in Destin | US 98, useful for sandwiches and an easy lunch or dinner.","Mon: 6:30 AM – 10:00 PM; Tue: 6:30 AM – 10:00 PM; Wed: 6:30 AM – 10:00 PM; Thu: 6:30 AM – 10:00 PM; Fri: 6:30 AM – 10:00 PM; Sat: 6:30 AM – 10:00 PM; Sun: Closed","/restaurants1/",,,,"[""Fast Casual""]","[""American""]","[""Breakfast"",""Lunch"",""Dinner""]","[""Sandwiches"",""Grill""]","ChIJU8xWGXhEkYgRVn73iwHEQ0c","[""In Review""]","[""In Review""]","[""In Review""]","[""No""]","[""In Review""]","[""No""]","[""Coming Soon""]",,,"[""Yes""]","[""Restaurant""]","Chick-fil-A Destin Sandwiches Grill American Fast Casual Mid-Destin Destin | US 98","69d21129-177f-42a2-9d7a-2eacb6594e8d",2026-05-16T20:53:08Z,2026-05-16T20:53:08Z,"de29ed44-ed1b-41d4-b93d-94f3e3c2dc4d","No",2026-05-16T20:53:08Z,
"PUBLISHED","Whataburger Destin","whataburger-destin-miramar-beach","/restaurants/whataburger-destin","Miramar Beach","miramar-beach","Miramar Beach | US 98",,"{""subdivisions"":[{""code"":""FL"",""name"":""Florida"",""type"":""ADMINISTRATIVE_AREA_LEVEL_1""},{""code"":""Walton County"",""name"":""Walton County"",""type"":""ADMINISTRATIVE_AREA_LEVEL_2""},{""code"":""Destin"",""name"":""Destin"",""type"":""ADMINISTRATIVE_AREA_LEVEL_3""},{""code"":""US"",""name"":""United States"",""type"":""COUNTRY""}],""city"":""Destin"",""location"":{""latitude"":30.3787234,""longitude"":-86.35360469999999},""countryFullname"":""United States"",""streetAddress"":{""apt"":"""",""name"":""Emerald Coast Parkway West"",""number"":""10725""},""formatted"":""10725 Emerald Coast Pkwy W, Destin, FL 32550"",""country"":""US"",""postalCode"":""32550"",""subdivision"":""FL""}","(850) 650-6607","https://locations.whataburger.com/fl/sandestin/10725-emerald-coast-pkwy.html/?utm_source=yextpages&utm_medium=locallistings&utm_campaign=yextpages","$","Whataburger Destin is a fast-casual option in Miramar Beach | US 98 for breakfast, lunch, or an easy meal on the go.","Mon: Open 24 hours; Tue: Open 24 hours; Wed: Open 24 hours; Thu: Open 24 hours; Fri: Open 24 hours; Sat: Open 24 hours; Sun: Open 24 hours","/restaurants1/",,,,"[""Fast Casual""]","[""American""]","[""Breakfast"",""Lunch"",""Dinner""]","[""Burgers"",""Grill""]","ChIJv4uV-fNbkYgRXpibEi3p3oo","[""In Review""]","[""In Review""]","[""In Review""]","[""No""]","[""In Review""]","[""No""]","[""Coming Soon""]",,,"[""Yes""]","[""Restaurant""]","Whataburger Destin Burgers Grill American Fast Casual Miramar Beach Miramar Beach | US 98","6a66bbdf-7cea-496b-bc41-435c0d69720c",2026-05-16T20:53:08Z,2026-05-16T20:53:08Z,"de29ed44-ed1b-41d4-b93d-94f3e3c2dc4d","No",2026-05-16T20:53:08Z,
"PUBLISHED",,,"/restaurants/cowgirl-kitchen-blue",,,,,,,,,,,"/restaurants1/",,,,,,,,,,,,,,,,,,,,,"6b283a12-d371-46b0-a13a-07ff8c23a12e",2026-04-19T20:00:16Z,2026-05-16T20:53:54Z,"de29ed44-ed1b-41d4-b93d-94f3e3c2dc4d",,2026-04-19T20:00:16Z,
"PUBLISHED",,,"/restaurants/ticheli%E2%80%99s-pizza",,,,,,,,,,,"/restaurants1/",,,,,,,,,,,,,,,,,,,,,"6b4a9cbe-77ab-4e6d-999a-c070ae65417d",2026-04-19T20:00:16Z,2026-05-16T20:53:54Z,"de29ed44-ed1b-41d4-b93d-94f3e3c2dc4d",,2026-04-19T20:00:16Z,
"PUBLISHED","Fatboys Miramar Beach","fatboys-miramar-beach-miramar-beach","/restaurants/fatboys-miramar-beach","Miramar Beach","miramar-beach","Miramar Beach | US 98",,"{""subdivisions"":[{""code"":""FL"",""name"":""Florida"",""type"":""ADMINISTRATIVE_AREA_LEVEL_1""},{""code"":""Walton County"",""name"":""Walton County"",""type"":""ADMINISTRATIVE_AREA_LEVEL_2""},{""code"":""Miramar Beach"",""name"":""Miramar Beach"",""type"":""ADMINISTRATIVE_AREA_LEVEL_3""},{""code"":""US"",""name"":""United States"",""type"":""COUNTRY""}],""city"":""Miramar Beach"",""location"":{""latitude"":30.379526199999997,""longitude"":-86.35532119999999},""countryFullname"":""United States"",""streetAddress"":{""apt"":""Suite 105"",""name"":""Emerald Coast Parkway West"",""number"":""10859""},""formatted"":""10859 Emerald Coast Pkwy W Suite 105, Miramar Beach, FL 32550"",""country"":""US"",""postalCode"":""32550"",""subdivision"":""FL""}","(850) 842-2807","http://www.ilovefatboys.com/","$$","Fatboys Miramar Beach is a bar and restaurant in Miramar Beach | US 98, good for drinks, casual food, and a relaxed meal with friends.","Mon: 10:00 AM – 10:00 PM; Tue: 10:00 AM – 10:00 PM; Wed: 10:00 AM – 10:00 PM; Thu: 10:00 AM – 10:00 PM; Fri: 10:00 AM – 10:00 PM; Sat: 10:00 AM – 10:00 PM; Sun: 10:00 AM – 10:00 PM","/restaurants1/",,,,"[""Casual Dining"",""Bar""]","[""American""]","[""Lunch"",""Dinner""]","[""Burgers"",""Grill""]","ChIJU_P4D5JbkYgRj-Sy5LhXvyI","[""Yes""]","[""In Review""]","[""In Review""]","[""In Review""]","[""In Review""]","[""No""]","[""Coming Soon""]","https://www.facebook.com/profile.php/","https://www.instagram.com/accounts/login/","[""Yes""]","[""Bar & Restaurant""]","Fatboys Miramar Beach Burgers Grill American Casual Dining Bar Miramar Beach Miramar Beach | US 98","6c1b6357-6387-42c1-945f-3182cf170fcf",2026-05-16T20:53:08Z,2026-05-16T20:53:08Z,"de29ed44-ed1b-41d4-b93d-94f3e3c2dc4d","No",2026-05-16T20:53:08Z,
"PUBLISHED",,,"/restaurants/the-daytrader-tiki-bar-%26-restaurant",,,,,,,,,,,"/restaurants1/",,,,,,,,,,,,,,,,,,,,,"6cf8713b-4f50-4998-8d82-eaa658837e34",2026-04-19T20:00:16Z,2026-05-16T20:53:54Z,"de29ed44-ed1b-41d4-b93d-94f3e3c2dc4d",,2026-04-19T20:00:16Z,
"PUBLISHED","East Pass Seafood & Oyster House","east-pass-seafood-and-oyster-house-destin-harbor","/restaurants/east-pass-seafood-%26-oyster-house","Destin Harbor","destin-harbor","HarborWalk Village | Destin",,"{""subdivisions"":[{""code"":""FL"",""name"":""Florida"",""type"":""ADMINISTRATIVE_AREA_LEVEL_1""},{""code"":""Okaloosa County"",""name"":""Okaloosa County"",""type"":""ADMINISTRATIVE_AREA_LEVEL_2""},{""code"":""Destin"",""name"":""Destin"",""type"":""ADMINISTRATIVE_AREA_LEVEL_3""},{""code"":""US"",""name"":""United States"",""type"":""COUNTRY""}],""city"":""Destin"",""location"":{""latitude"":30.3941013,""longitude"":-86.5121177},""countryFullname"":""United States"",""streetAddress"":{""apt"":"""",""name"":""Harbor Boulevard"",""number"":""56""},""formatted"":""56 Harbor Blvd, Destin, FL 32541"",""country"":""US"",""postalCode"":""32541"",""subdivision"":""FL""}","(850) 424-3507","http://www.brotulas.com/","$$","East Pass Seafood & Oyster House is a casual bar and restaurant in HarborWalk Village | Destin with seafood-focused dishes and a relaxed coastal atmosphere. Google currently lists this business as permanently closed; verify before publishing.",,"/restaurants1/",,,,"[""Casual Dining"",""Bar""]","[""Seafood"",""American""]","[""Lunch"",""Dinner""]","[""Seafood"",""Oyster Bar""]","ChIJIfnmkh1BkYgRhMKsQ1zOT8Y","[""Yes""]","[""In Review""]","[""In Review""]","[""Yes""]","[""In Review""]","[""In Review""]","[""Coming Soon""]","http://www.facebook.com/2008/fbml/","http://www.instagram.com/brotulas/","[""Yes""]","[""Bar & Restaurant""]","East Pass Seafood & Oyster House Seafood Oyster Bar Seafood American Casual Dining Bar Destin Harbor HarborWalk Village | Destin","6cf8d281-fcde-4073-b068-a4888a24126a",2026-05-16T20:53:08Z,2026-05-16T20:53:08Z,"de29ed44-ed1b-41d4-b93d-94f3e3c2dc4d","Yes",2026-05-16T20:53:08Z,
"PUBLISHED","McGuire's Irish Pub","mcguire-s-irish-pub-destin-harbor","/restaurants/mcguire's-irish-pub","Destin Harbor","destin-harbor","Destin Harbor | US 98",,"{""subdivisions"":[{""code"":""FL"",""name"":""Florida"",""type"":""ADMINISTRATIVE_AREA_LEVEL_1""},{""code"":""Okaloosa County"",""name"":""Okaloosa County"",""type"":""ADMINISTRATIVE_AREA_LEVEL_2""},{""code"":""Destin"",""name"":""Destin"",""type"":""ADMINISTRATIVE_AREA_LEVEL_3""},{""code"":""US"",""name"":""United States"",""type"":""COUNTRY""}],""city"":""Destin"",""location"":{""latitude"":30.395982699999998,""longitude"":-86.512016},""countryFullname"":""United States"",""streetAddress"":{""apt"":"""",""name"":""U.S. 98"",""number"":""33""},""formatted"":""33 US-98, Destin, FL 32541"",""country"":""US"",""postalCode"":""32541"",""subdivision"":""FL""}","(850) 650-0000","https://www.mcguiresirishpub.com/","$$","McGuire's Irish Pub is a bar and restaurant in Destin Harbor | US 98, good for drinks, casual food, and a relaxed meal with friends.","Mon: 11:00 AM – 2:00 AM; Tue: 11:00 AM – 2:00 AM; Wed: 11:00 AM – 2:00 AM; Thu: 11:00 AM – 2:00 AM; Fri: 11:00 AM – 2:00 AM; Sat: 11:00 AM – 2:00 AM; Sun: 10:00 AM – 2:00 AM","/restaurants1/",,,,"[""Casual Dining"",""Bar""]","[""American""]","[""Lunch"",""Dinner""]","[""Steak"",""Grill""]","ChIJOwmPb05BkYgRMGNVjchcNcQ","[""Yes""]","[""In Review""]","[""Yes""]","[""Yes""]","[""In Review""]","[""No""]","[""Coming Soon""]",,,"[""Yes""]","[""Bar & Restaurant""]","McGuire's Irish Pub Steak Grill American Casual Dining Bar Destin Harbor Destin Harbor | US 98","710f3d89-54c4-4251-b1f3-e5c18941d30d",2026-05-16T20:53:08Z,2026-05-16T20:53:08Z,"de29ed44-ed1b-41d4-b93d-94f3e3c2dc4d","Yes",2026-05-16T20:53:08Z,
"PUBLISHED","Primrose","primrose-crystal-beach","/restaurants/primrose","Crystal Beach","crystal-beach","Crystal Beach | Henderson Beach Resort",,"{""subdivisions"":[{""code"":""FL"",""name"":""Florida"",""type"":""ADMINISTRATIVE_AREA_LEVEL_1""},{""code"":""Okaloosa County"",""name"":""Okaloosa County"",""type"":""ADMINISTRATIVE_AREA_LEVEL_2""},{""code"":""Destin"",""name"":""Destin"",""type"":""ADMINISTRATIVE_AREA_LEVEL_3""},{""code"":""US"",""name"":""United States"",""type"":""COUNTRY""}],""city"":""Destin"",""location"":{""latitude"":30.3844642,""longitude"":-86.43149559999999},""countryFullname"":""United States"",""streetAddress"":{""apt"":"""",""name"":""Henderson Resort Way"",""number"":""200""},""formatted"":""200 Henderson Resort Way, Destin, FL 32541"",""country"":""US"",""postalCode"":""32541"",""subdivision"":""FL""}","(855) 702-3087","https://www.hendersonbeachresort.com/","$$$","Primrose is an upscale restaurant in Crystal Beach | Henderson Beach Resort, offering a more refined option for lunch or dinner.","Mon: Open 24 hours; Tue: Open 24 hours; Wed: Open 24 hours; Thu: Open 24 hours; Fri: Open 24 hours; Sat: Open 24 hours; Sun: Open 24 hours","/restaurants1/",,,,"[""Upscale""]","[""American"",""Seafood""]","[""Breakfast"",""Dinner""]","[""Seafood"",""Sushi""]","ChIJvfxYKqdEkYgRRW1DN3Hy8qQ","[""In Review""]","[""In Review""]","[""In Review""]","[""Yes""]","[""In Review""]","[""Yes""]","[""Coming Soon""]","https://facebook.com/HendersonBeach/","https://www.instagram.com/thehendersonfl/","[""Yes""]","[""Restaurant""]","Primrose Seafood Sushi American Seafood Upscale Crystal Beach Crystal Beach | Henderson Beach Resort","714df034-a88b-4774-a36d-72d692ddb6fe",2026-05-16T20:53:08Z,2026-05-16T20:53:08Z,"de29ed44-ed1b-41d4-b93d-94f3e3c2dc4d","Yes",2026-05-16T20:53:08Z,
"PUBLISHED","Emeril's Coastal","emeril-s-coastal-grand-boulevard","/restaurants/emeril's-coastal","Grand Boulevard","grand-boulevard","Grand Boulevard | Sandestin",,"{""subdivisions"":[{""code"":""FL"",""name"":""Florida"",""type"":""ADMINISTRATIVE_AREA_LEVEL_1""},{""code"":""Walton County"",""name"":""Walton County"",""type"":""ADMINISTRATIVE_AREA_LEVEL_2""},{""code"":""Miramar Beach"",""name"":""Miramar Beach"",""type"":""ADMINISTRATIVE_AREA_LEVEL_3""},{""code"":""US"",""name"":""United States"",""type"":""COUNTRY""}],""city"":""Miramar Beach"",""location"":{""latitude"":30.379425299999998,""longitude"":-86.31555639999999},""countryFullname"":""United States"",""streetAddress"":{""apt"":"""",""name"":""Grand Boulevard"",""number"":""435""},""formatted"":""435 Grand Blvd, Miramar Beach, FL 32550"",""country"":""US"",""postalCode"":""32550"",""subdivision"":""FL""}","(850) 608-7040","http://emerilsrestaurants.com/emerils-coastal","$$$","Emeril's Coastal is an upscale restaurant in Grand Boulevard | Sandestin, offering a more refined option for lunch or dinner. Google currently lists this business as permanently closed; verify before publishing.",,"/restaurants1/",,,,"[""Upscale""]","[""Seafood"",""American""]","[""Lunch"",""Dinner""]","[""Seafood"",""Raw Bar""]","ChIJPZBtuDVZkYgRmadaZHZ7z6Y","[""In Review""]","[""In Review""]","[""In Review""]","[""In Review""]","[""In Review""]","[""Yes""]","[""Coming Soon""]","https://www.facebook.com/Emeril/","https://www.instagram.com/emeril/","[""Yes""]","[""Restaurant""]","Emeril's Coastal Seafood Raw Bar Seafood American Upscale Grand Boulevard Grand Boulevard | Sandestin","72f8877a-186f-4f6e-b8dd-9aaea1483546",2026-05-16T20:53:08Z,2026-05-16T20:53:08Z,"de29ed44-ed1b-41d4-b93d-94f3e3c2dc4d","Yes",2026-05-16T20:53:08Z,
"PUBLISHED","Outback Steakhouse Destin","outback-steakhouse-destin-mid-destin","/restaurants/outback-steakhouse-destin","Mid-Destin","mid-destin","Destin | US 98",,"{""subdivisions"":[{""code"":""FL"",""name"":""Florida"",""type"":""ADMINISTRATIVE_AREA_LEVEL_1""},{""code"":""Okaloosa County"",""name"":""Okaloosa County"",""type"":""ADMINISTRATIVE_AREA_LEVEL_2""},{""code"":""Destin"",""name"":""Destin"",""type"":""ADMINISTRATIVE_AREA_LEVEL_3""},{""code"":""US"",""name"":""United States"",""type"":""COUNTRY""}],""city"":""Destin"",""location"":{""latitude"":30.3873739,""longitude"":-86.42659859999999},""countryFullname"":""United States"",""streetAddress"":{""apt"":"""",""name"":""Emerald Coast Parkway"",""number"":""34908""},""formatted"":""34908 Emerald Coast Pkwy, Destin, FL 32541"",""country"":""US"",""postalCode"":""32541"",""subdivision"":""FL""}","(850) 269-1936","https://locations.outback.com/florida/destin/34908-emerald-coast-parkway?utm_source=gmb&utm_medium=local_search&utm_campaign=website_cta&y_source=1_MTU1MDIyMjUtNzE1LWxvY2F0aW9uLndlYnNpdGU%3D","$$","Outback Steakhouse Destin is a steak-focused restaurant in Destin | US 98, suited for a hearty dinner or more traditional dining experience.","Mon: 11:00 AM – 10:00 PM; Tue: 11:00 AM – 10:00 PM; Wed: 11:00 AM – 10:00 PM; Thu: 11:00 AM – 10:00 PM; Fri: 11:00 AM – 11:00 PM; Sat: 11:00 AM – 11:00 PM; Sun: 11:00 AM – 9:00 PM","/restaurants1/",,,,"[""Casual Dining""]","[""American""]","[""Lunch"",""Dinner""]","[""Steak""]","ChIJI5kZuFdDkYgR-M-Fm9ZpRgY","[""In Review""]","[""In Review""]","[""In Review""]","[""No""]","[""In Review""]","[""No""]","[""Coming Soon""]",,,"[""Yes""]","[""Restaurant""]","Outback Steakhouse Destin Steak American Casual Dining Mid-Destin Destin | US 98","737c3d15-b071-41c7-b817-45a32dc4618c",2026-05-16T20:53:08Z,2026-05-16T20:53:08Z,"de29ed44-ed1b-41d4-b93d-94f3e3c2dc4d","No",2026-05-16T20:53:08Z,
"PUBLISHED","Ruby Slipper Cafe","ruby-slipper-cafe-sandestin","/restaurants/ruby-slipper-cafe","Sandestin","sandestin","Baytowne Wharf | Sandestin",,"{""subdivisions"":[{""code"":""FL"",""name"":""Florida"",""type"":""ADMINISTRATIVE_AREA_LEVEL_1""},{""code"":""Walton County"",""name"":""Walton County"",""type"":""ADMINISTRATIVE_AREA_LEVEL_2""},{""code"":""Miramar Beach"",""name"":""Miramar Beach"",""type"":""ADMINISTRATIVE_AREA_LEVEL_3""},{""code"":""US"",""name"":""United States"",""type"":""COUNTRY""}],""city"":""Miramar Beach"",""location"":{""latitude"":30.389461699999995,""longitude"":-86.3242136},""countryFullname"":""United States"",""streetAddress"":{""apt"":"""",""name"":""Baytowne Wharf Boulevard"",""number"":""9100""},""formatted"":""9100 Baytowne Wharf Blvd, Miramar Beach, FL 32550"",""country"":""US"",""postalCode"":""32550"",""subdivision"":""FL""}","(850) 660-7200","https://www.rubybrunch.com/?olonwp=JjBtp_vMLk25gkYh_bnoiQ","$$","Ruby Slipper Cafe is a breakfast and lunch spot in Baytowne Wharf | Sandestin, good for a casual morning meal, brunch, or daytime bite.","Mon: 7:00 AM – 2:00 PM; Tue: 7:00 AM – 2:00 PM; Wed: 7:00 AM – 2:00 PM; Thu: 7:00 AM – 2:00 PM; Fri: 7:00 AM – 2:00 PM; Sat: 7:00 AM – 3:00 PM; Sun: 7:00 AM – 3:00 PM","/restaurants1/",,,,"[""Casual Dining""]","[""American""]","[""Breakfast"",""Lunch""]","[""Breakfast Spot""]","ChIJ7R0wHttfkYgRaW46lGAU-CU","[""In Review""]","[""In Review""]","[""In Review""]","[""Yes""]","[""In Review""]","[""No""]","[""Coming Soon""]","https://www.facebook.com/BrunchWithRuby/","https://www.instagram.com/brunchwithruby/","[""Yes""]","[""Restaurant""]","Ruby Slipper Cafe Breakfast Spot American Casual Dining Sandestin Baytowne Wharf | Sandestin","73fed57e-b712-4899-a285-81cb00f417ae",2026-05-16T20:53:08Z,2026-05-16T20:53:08Z,"de29ed44-ed1b-41d4-b93d-94f3e3c2dc4d","No",2026-05-16T20:53:08Z,
"PUBLISHED",,,"/restaurants/seagrove-village-market-cafe",,,,,,,,,,,"/restaurants1/",,,,,,,,,,,,,,,,,,,,,"74b1b573-eb0f-42d8-8188-e3dda54641e0",2026-04-19T20:00:16Z,2026-05-16T20:53:54Z,"de29ed44-ed1b-41d4-b93d-94f3e3c2dc4d",,2026-04-19T20:00:16Z,
"PUBLISHED",,,"/restaurants/mr.-gyro-hero",,,,,,,,,,,"/restaurants1/",,,,,,,,,,,,,,,,,,,,,"74d108d7-4b0b-4bee-8d73-d1613ff7f506",2026-04-19T20:00:16Z,2026-05-16T20:53:54Z,"de29ed44-ed1b-41d4-b93d-94f3e3c2dc4d",,2026-04-19T20:00:16Z,
"PUBLISHED","Charlie's Cafe Baytowne","charlie-s-cafe-baytowne-sandestin","/restaurants/charlie's-cafe-baytowne","Sandestin","sandestin","Baytowne Wharf | Sandestin",,"{""subdivisions"":[{""code"":""FL"",""name"":""Florida"",""type"":""ADMINISTRATIVE_AREA_LEVEL_1""},{""code"":""Walton County"",""name"":""Walton County"",""type"":""ADMINISTRATIVE_AREA_LEVEL_2""},{""code"":""Destin"",""name"":""Destin"",""type"":""ADMINISTRATIVE_AREA_LEVEL_3""},{""code"":""US"",""name"":""United States"",""type"":""COUNTRY""}],""city"":""Destin"",""location"":{""latitude"":30.3899777,""longitude"":-86.3243167},""countryFullname"":""United States"",""streetAddress"":{""apt"":""# B4"",""name"":""Baytowne Wharf Boulevard"",""number"":""9100""},""formatted"":""9100 Baytowne Wharf Blvd # B4, Destin, FL 32550"",""country"":""US"",""postalCode"":""32550"",""subdivision"":""FL""}","(850) 424-6459","https://order.online/business/charlies-cafe-14106143","$","Charlie's Cafe Baytowne is a casual cafe in Baytowne Wharf | Sandestin, useful for coffee, breakfast, or a quick daytime stop.","Mon: 7:00 AM – 5:00 PM; Tue: 7:00 AM – 5:00 PM; Wed: 7:00 AM – 5:00 PM; Thu: 7:00 AM – 5:00 PM; Fri: 7:00 AM – 5:00 PM; Sat: 7:00 AM – 5:00 PM; Sun: 7:00 AM – 5:00 PM","/restaurants1/",,,,"[""Fast Casual""]","[""American""]","[""Breakfast"",""Lunch""]","[""Coffee"",""Donuts"",""Sandwiches""]","ChIJ10-i7udfkYgRb4WcvDumOIM","[""In Review""]","[""In Review""]","[""In Review""]","[""In Review""]","[""In Review""]","[""No""]","[""Coming Soon""]",,,"[""Yes""]","[""Cafe / Coffee""]","Charlie's Cafe Baytowne Coffee Donuts Sandwiches American Fast Casual Sandestin Baytowne Wharf | Sandestin","753157d0-6ac4-43ac-9c42-174ffbf2a56e",2026-05-16T20:53:08Z,2026-05-16T20:53:08Z,"de29ed44-ed1b-41d4-b93d-94f3e3c2dc4d","No",2026-05-16T20:53:08Z,
"PUBLISHED","Jester Mardi Gras Daiquiris","jester-mardi-gras-daiquiris-destin-harbor","/restaurants/jester-mardi-gras-daiquiris","Destin Harbor","destin-harbor","HarborWalk Village | Destin",,"{""subdivisions"":[{""code"":""FL"",""name"":""Florida"",""type"":""ADMINISTRATIVE_AREA_LEVEL_1""},{""code"":""Okaloosa County"",""name"":""Okaloosa County"",""type"":""ADMINISTRATIVE_AREA_LEVEL_2""},{""code"":""Destin"",""name"":""Destin"",""type"":""ADMINISTRATIVE_AREA_LEVEL_3""},{""code"":""US"",""name"":""United States"",""type"":""COUNTRY""}],""city"":""Destin"",""location"":{""latitude"":30.3946077,""longitude"":-86.5128257},""countryFullname"":""United States"",""streetAddress"":{""apt"":""106"",""name"":""Harbor Boulevard"",""number"":""34""},""formatted"":""34 Harbor Blvd #106, Destin, FL 32541"",""country"":""US"",""postalCode"":""32541"",""subdivision"":""FL""}","(850) 650-3615","http://www.jestermardigrasdaiquiris.com/","$$","Jester Mardi Gras Daiquiris is a bar and restaurant in HarborWalk Village | Destin, good for drinks, casual food, and a relaxed meal with friends.",,"/restaurants1/",,,,"[""Bar""]","[""American""]","[""Lunch"",""Dinner""]","[""Grill"",""Tapas""]","ChIJ1RJXdE5BkYgRzOnGD85-4P8","[""Yes""]","[""In Review""]","[""In Review""]","[""Yes""]","[""In Review""]","[""No""]","[""Coming Soon""]",,,"[""In Review""]","[""Bar & Restaurant""]","Jester Mardi Gras Daiquiris Grill Tapas American Bar Destin Harbor HarborWalk Village | Destin","75918430-8e54-469c-ad69-4557089188a4",2026-05-16T20:53:08Z,2026-05-16T20:53:08Z,"de29ed44-ed1b-41d4-b93d-94f3e3c2dc4d","Yes",2026-05-16T20:53:08Z,
"PUBLISHED","The Donut Hole Destin","the-donut-hole-destin-mid-destin","/restaurants/the-donut-hole-destin","Mid-Destin","mid-destin","Destin | US 98",,"{""subdivisions"":[{""code"":""FL"",""name"":""Florida"",""type"":""ADMINISTRATIVE_AREA_LEVEL_1""},{""code"":""Okaloosa County"",""name"":""Okaloosa County"",""type"":""ADMINISTRATIVE_AREA_LEVEL_2""},{""code"":""Destin"",""name"":""Destin"",""type"":""ADMINISTRATIVE_AREA_LEVEL_3""},{""code"":""US"",""name"":""United States"",""type"":""COUNTRY""}],""city"":""Destin"",""location"":{""latitude"":30.391895100000003,""longitude"":-86.49297949999999},""countryFullname"":""United States"",""streetAddress"":{""apt"":"""",""name"":""Harbor Boulevard"",""number"":""635""},""formatted"":""635 Harbor Blvd, Destin, FL 32541"",""country"":""US"",""postalCode"":""32541"",""subdivision"":""FL""}","(850) 837-8824","http://donutholerestaurant.com/","$$","The Donut Hole Destin is an American restaurant in Destin | US 98, included as part of the Destin dining corridor draft for further verification.","Mon: 6:00 AM – 10:00 PM; Tue: 6:00 AM – 10:00 PM; Wed: 6:00 AM – 10:00 PM; Thu: 6:00 AM – 10:00 PM; Fri: 6:00 AM – 10:00 PM; Sat: 6:00 AM – 10:00 PM; Sun: 6:00 AM – 10:00 PM","/restaurants1/",,,,"[""Casual Dining""]","[""American""]","[""Breakfast"",""Lunch"",""Dinner""]","[""Breakfast Spot"",""Bakery""]","ChIJSftOHPlDkYgR7PM76FHuEsc","[""In Review""]","[""In Review""]","[""In Review""]","[""No""]","[""In Review""]","[""No""]","[""Coming Soon""]",,,"[""Yes""]","[""Restaurant""]","The Donut Hole Destin Breakfast Spot Bakery American Casual Dining Mid-Destin Destin | US 98","768235a0-0f21-4678-84dd-c1d6a2326715",2026-05-16T20:53:08Z,2026-05-16T20:53:08Z,"de29ed44-ed1b-41d4-b93d-94f3e3c2dc4d","No",2026-05-16T20:53:08Z,
"PUBLISHED",,,"/restaurants/neat-bottle-shop-%26-tasting-room",,,,,,,,,,,"/restaurants1/",,,,,,,,,,,,,,,,,,,,,"76cae7c4-47b4-45e3-a429-07cb6c6638ae",2026-04-19T20:00:16Z,2026-05-16T20:53:54Z,"de29ed44-ed1b-41d4-b93d-94f3e3c2dc4d",,2026-04-19T20:00:16Z,
"PUBLISHED","Fish Heads Bar","fish-heads-bar-destin-harbor","/restaurants/fish-heads-bar","Destin Harbor","destin-harbor","HarborWalk Village | Destin",,"{""subdivisions"":[{""code"":""FL"",""name"":""Florida"",""type"":""ADMINISTRATIVE_AREA_LEVEL_1""},{""code"":""Okaloosa County"",""name"":""Okaloosa County"",""type"":""ADMINISTRATIVE_AREA_LEVEL_2""},{""code"":""Destin"",""name"":""Destin"",""type"":""ADMINISTRATIVE_AREA_LEVEL_3""},{""code"":""US"",""name"":""United States"",""type"":""COUNTRY""}],""city"":""Destin"",""location"":{""latitude"":30.3934661,""longitude"":-86.50978289999999},""countryFullname"":""United States"",""streetAddress"":{""apt"":"""",""name"":""Harbor Boulevard"",""number"":""98""},""formatted"":""98 Harbor Blvd, Destin, FL 32541"",""country"":""US"",""postalCode"":""32541"",""subdivision"":""FL""}","(850) 376-9199","https://www.emeraldgrande.com/fish-heads-bar-2/","$$","Fish Heads Bar is a bar and restaurant in HarborWalk Village | Destin, good for drinks, casual food, and a relaxed meal with friends.","Mon: 10:00 AM – 10:00 PM; Tue: 10:00 AM – 10:00 PM; Wed: 10:00 AM – 10:00 PM; Thu: 10:00 AM – 10:00 PM; Fri: 10:00 AM – 10:00 PM; Sat: 10:00 AM – 10:00 PM; Sun: 10:00 AM – 10:00 PM","/restaurants1/",,,,"[""Bar""]","[""American"",""Seafood""]","[""Lunch"",""Dinner""]","[""Grill""]","ChIJq90iAlJBkYgRvAnNXfnsSIw","[""Yes""]","[""In Review""]","[""Yes""]","[""Yes""]","[""In Review""]","[""No""]","[""Coming Soon""]",,,"[""Yes""]","[""Bar & Restaurant""]","Fish Heads Bar Grill American Seafood Bar Destin Harbor HarborWalk Village | Destin","770a6ee4-2d24-4c43-bab5-a50178f31085",2026-05-16T20:53:08Z,2026-05-16T20:53:08Z,"de29ed44-ed1b-41d4-b93d-94f3e3c2dc4d","Yes",2026-05-16T20:53:08Z,
"PUBLISHED",,,"/restaurants/seacrest-sundries",,,,,,,,,,,"/restaurants1/",,,,,,,,,,,,,,,,,,,,,"7949ca38-8972-4fe8-9215-2f8ab697e941",2026-04-19T20:00:16Z,2026-05-16T20:53:54Z,"de29ed44-ed1b-41d4-b93d-94f3e3c2dc4d",,2026-04-19T20:00:16Z,
"PUBLISHED","Ice Cream on the Harbor","ice-cream-on-the-harbor-destin-harbor","/restaurants/ice-cream-on-the-harbor","Destin Harbor","destin-harbor","HarborWalk Village | Destin",,"{""subdivisions"":[{""code"":""FL"",""name"":""Florida"",""type"":""ADMINISTRATIVE_AREA_LEVEL_1""},{""code"":""Okaloosa County"",""name"":""Okaloosa County"",""type"":""ADMINISTRATIVE_AREA_LEVEL_2""},{""code"":""Destin"",""name"":""Destin"",""type"":""ADMINISTRATIVE_AREA_LEVEL_3""},{""code"":""US"",""name"":""United States"",""type"":""COUNTRY""}],""city"":""Destin"",""location"":{""latitude"":30.387562199999998,""longitude"":-86.425113},""countryFullname"":""United States"",""streetAddress"":{""apt"":""181"",""name"":""Emerald Coast Parkway"",""number"":""34940""},""formatted"":""34940 Emerald Coast Pkwy #181, Destin, FL 32541"",""country"":""US"",""postalCode"":""32541"",""subdivision"":""FL""}","(850) 865-2591","https://frozenbloomcreamery.com/","$","Ice Cream on the Harbor is a dessert stop in HarborWalk Village | Destin known for ice cream and sweet treats. A good family-friendly option after the beach or dinner.","Mon: 11:00 AM – 10:00 PM; Tue: 11:00 AM – 10:00 PM; Wed: 11:00 AM – 10:00 PM; Thu: 11:00 AM – 10:00 PM; Fri: 11:00 AM – 10:00 PM; Sat: 11:00 AM – 10:00 PM; Sun: 11:00 AM – 10:00 PM","/restaurants1/",,,,"[""Fast Casual""]","[""American""]","[""Desserts""]","[""Ice Cream"",""Dessert""]","ChIJ849xIZVDkYgRFgf_9fm3Sqk","[""In Review""]","[""In Review""]","[""In Review""]","[""No""]","[""In Review""]","[""No""]","[""Coming Soon""]","https://www.facebook.com/people/Frozen-Bloom-Creamery/61583647147918/","https://www.instagram.com/frozenbloomcreamery/","[""Yes""]","[""Dessert""]","Ice Cream on the Harbor Ice Cream Dessert American Fast Casual Destin Harbor HarborWalk Village | Destin","799183c2-0adb-4478-973e-ab37768debff",2026-05-16T20:53:08Z,2026-05-16T20:53:08Z,"de29ed44-ed1b-41d4-b93d-94f3e3c2dc4d","Yes",2026-05-16T20:53:08Z,
"PUBLISHED",,,"/restaurants/buddys-seafood-market",,,,,,,,,,,"/restaurants1/",,,,,,,,,,,,,,,,,,,,,"79f0181d-64f2-4b65-a024-0086d95fd1d5",2026-04-28T00:54:08Z,2026-05-16T20:53:54Z,"de29ed44-ed1b-41d4-b93d-94f3e3c2dc4d",,2026-04-28T00:48:06Z,
"PUBLISHED","Rum Runners","rum-runners-sandestin","/restaurants/rum-runners","Sandestin","sandestin","Baytowne Wharf | Sandestin",,"{""subdivisions"":[{""code"":""FL"",""name"":""Florida"",""type"":""ADMINISTRATIVE_AREA_LEVEL_1""},{""code"":""Walton County"",""name"":""Walton County"",""type"":""ADMINISTRATIVE_AREA_LEVEL_2""},{""code"":""Miramar Beach"",""name"":""Miramar Beach"",""type"":""ADMINISTRATIVE_AREA_LEVEL_3""},{""code"":""US"",""name"":""United States"",""type"":""COUNTRY""}],""city"":""Miramar Beach"",""location"":{""latitude"":30.3899526,""longitude"":-86.3250429},""countryFullname"":""United States"",""streetAddress"":{""apt"":""1"",""name"":""Fisherman's Cove"",""number"":""130""},""formatted"":""130 Fisherman's Cove #1, Miramar Beach, FL 32550"",""country"":""US"",""postalCode"":""32550"",""subdivision"":""FL""}","(850) 351-1817","https://rumrunners.com/","$$","Rum Runners is a bar and restaurant in Baytowne Wharf | Sandestin, good for drinks, casual food, and a relaxed meal with friends.","Mon: 4:00 PM – 2:00 AM; Tue: 4:00 PM – 2:00 AM; Wed: 4:00 PM – 2:00 AM; Thu: 4:00 PM – 2:00 AM; Fri: 11:00 AM – 2:00 AM; Sat: 11:00 AM – 2:00 AM; Sun: 4:00 PM – 2:00 AM","/restaurants1/",,,,"[""Bar""]","[""American""]","[""Lunch"",""Dinner""]","[""Grill""]","ChIJFT4Ay1NZkYgRdSBuBnWhRB0","[""Yes""]","[""In Review""]","[""Yes""]","[""Yes""]","[""In Review""]","[""No""]","[""Coming Soon""]",,,"[""In Review""]","[""Bar & Restaurant""]","Rum Runners Grill American Bar Sandestin Baytowne Wharf | Sandestin","7aebe2bd-2201-4a65-ab14-7937fecab6cf",2026-05-16T20:53:08Z,2026-05-16T20:53:08Z,"de29ed44-ed1b-41d4-b93d-94f3e3c2dc4d","Yes",2026-05-16T20:53:08Z,
"PUBLISHED","P.F. Chang's","p-f-chang-s-grand-boulevard","/restaurants/p.f.-chang's","Grand Boulevard","grand-boulevard","Grand Boulevard | Sandestin",,"{""subdivisions"":[{""code"":""FL"",""name"":""Florida"",""type"":""ADMINISTRATIVE_AREA_LEVEL_1""},{""code"":""Walton County"",""name"":""Walton County"",""type"":""ADMINISTRATIVE_AREA_LEVEL_2""},{""code"":""Miramar Beach"",""name"":""Miramar Beach"",""type"":""ADMINISTRATIVE_AREA_LEVEL_3""},{""code"":""US"",""name"":""United States"",""type"":""COUNTRY""}],""city"":""Miramar Beach"",""location"":{""latitude"":30.3782645,""longitude"":-86.3123274},""countryFullname"":""United States"",""streetAddress"":{""apt"":"""",""name"":""Grand Boulevard"",""number"":""640""},""formatted"":""640 Grand Blvd, Sandestin, FL 32550"",""country"":""US"",""postalCode"":""32550"",""subdivision"":""FL""}","(850) 269-1806","https://locations.pfchangs.com/fl/sandestin/640-grand-blvd.html?utm_source=google_gbp&utm_medium=organic","$$","P.F. Chang's is an Asian restaurant in Grand Boulevard | Sandestin, included as part of the Destin dining corridor draft for further verification.","Mon: 11:00 AM – 10:00 PM; Tue: 11:00 AM – 10:00 PM; Wed: 11:00 AM – 10:00 PM; Thu: 11:00 AM – 10:00 PM; Fri: 11:00 AM – 10:00 PM; Sat: 11:00 AM – 10:00 PM; Sun: 11:00 AM – 10:00 PM","/restaurants1/",,,,"[""Casual Dining""]","[""Asian""]","[""Lunch"",""Dinner""]","[""Noodles""]","ChIJF4o77TVZkYgR-aMt0VcbyFo","[""In Review""]","[""In Review""]","[""In Review""]","[""Yes""]","[""In Review""]","[""Yes""]","[""Coming Soon""]","https://www.facebook.com/pfchangs/","https://www.instagram.com/pfchangs/","[""Yes""]","[""Restaurant""]","P.F. Chang's Noodles Asian Casual Dining Grand Boulevard Grand Boulevard | Sandestin","7af7ff47-d158-4364-a8ca-aa34d6033622",2026-05-16T20:53:08Z,2026-05-16T20:53:08Z,"de29ed44-ed1b-41d4-b93d-94f3e3c2dc4d","No",2026-05-16T20:53:08Z,
"PUBLISHED","Mimmo's Ristorante Italiano","mimmo-s-ristorante-italiano-mid-destin","/restaurants/mimmo's-ristorante-italiano","Mid-Destin","mid-destin","Destin | US 98",,"{""subdivisions"":[{""code"":""FL"",""name"":""Florida"",""type"":""ADMINISTRATIVE_AREA_LEVEL_1""},{""code"":""Okaloosa County"",""name"":""Okaloosa County"",""type"":""ADMINISTRATIVE_AREA_LEVEL_2""},{""code"":""Destin"",""name"":""Destin"",""type"":""ADMINISTRATIVE_AREA_LEVEL_3""},{""code"":""US"",""name"":""United States"",""type"":""COUNTRY""}],""city"":""Destin"",""location"":{""latitude"":30.3891472,""longitude"":-86.4788222},""countryFullname"":""United States"",""streetAddress"":{""apt"":""Ste. 5"",""name"":""U.S. 98"",""number"":""979""},""formatted"":""979 US-98 Ste. 5, Destin, FL 32541"",""country"":""US"",""postalCode"":""32541"",""subdivision"":""FL""}","(850) 460-7353","https://mimmos.com/","$$","Mimmo's Ristorante Italiano is an Italian restaurant in Destin | US 98, included as part of the Destin dining corridor draft for further verification.","Mon: 11:00 AM – 9:00 PM; Tue: 11:00 AM – 9:00 PM; Wed: 11:00 AM – 9:00 PM; Thu: 11:00 AM – 9:00 PM; Fri: 11:00 AM – 9:30 PM; Sat: 5:00 – 9:30 PM; Sun: 5:00 – 9:30 PM","/restaurants1/",,,,"[""Casual Dining""]","[""Italian""]","[""Lunch"",""Dinner""]","[""Pasta""]","ChIJEdm4r4pDkYgRxih-XnzxsB0","[""In Review""]","[""In Review""]","[""In Review""]","[""Yes""]","[""In Review""]","[""Yes""]","[""Coming Soon""]","https://www.facebook.com/EatMimmos/","https://www.instagram.com/mimmos30a/","[""Yes""]","[""Restaurant""]","Mimmo's Ristorante Italiano Pasta Italian Casual Dining Mid-Destin Destin | US 98","7bc18c1c-3711-423f-9f31-bd1e4c0c2f98",2026-05-16T20:53:08Z,2026-05-16T20:53:08Z,"de29ed44-ed1b-41d4-b93d-94f3e3c2dc4d","No",2026-05-16T20:53:08Z,
"PUBLISHED",,,"/restaurants/bud-alleys-taco-bar",,,,,,,,,,,"/restaurants1/",,,,,,,,,,,,,,,,,,,,,"7c9f1cfd-383a-4538-9639-5a274af65d2a",2026-04-19T20:00:16Z,2026-05-16T20:53:54Z,"de29ed44-ed1b-41d4-b93d-94f3e3c2dc4d",,2026-04-19T20:00:16Z,
"PUBLISHED",,,"/restaurants/playa-bowls",,,,,,,,,,,"/restaurants1/",,,,,,,,,,,,,,,,,,,,,"7eb2c303-9397-4eca-bfb6-cc5cf20951ef",2026-04-19T20:00:16Z,2026-05-16T20:53:54Z,"de29ed44-ed1b-41d4-b93d-94f3e3c2dc4d",,2026-04-19T20:00:16Z,
"PUBLISHED",,,"/restaurants/amigos-30a-mexican-kitchen",,,,,,,,,,,"/restaurants1/",,,,,,,,,,,,,,,,,,,,,"7edb778c-042c-478a-b9d7-f63f8dbccb84",2026-04-19T20:00:16Z,2026-05-16T20:53:54Z,"de29ed44-ed1b-41d4-b93d-94f3e3c2dc4d",,2026-04-19T20:00:16Z,
"PUBLISHED","Culver's Miramar Beach","culver-s-miramar-beach-miramar-beach","/restaurants/culver's-miramar-beach","Miramar Beach","miramar-beach","Miramar Beach | US 98",,"{""subdivisions"":[{""code"":""FL"",""name"":""Florida"",""type"":""ADMINISTRATIVE_AREA_LEVEL_1""},{""code"":""Walton County"",""name"":""Walton County"",""type"":""ADMINISTRATIVE_AREA_LEVEL_2""},{""code"":""Destin"",""name"":""Destin"",""type"":""ADMINISTRATIVE_AREA_LEVEL_3""},{""code"":""US"",""name"":""United States"",""type"":""COUNTRY""}],""city"":""Destin"",""location"":{""latitude"":30.385709,""longitude"":-86.38134629999999},""countryFullname"":""United States"",""streetAddress"":{""apt"":"""",""name"":""U.S. 98"",""number"":""12540""},""formatted"":""12540 US-98, Destin, FL 32550"",""country"":""US"",""postalCode"":""32550"",""subdivision"":""FL""}","(850) 424-4700","http://www.culvers.com/restaurants/destin-fl-hwy98/?utm_source=Google&utm_medium=Maps&utm_campaign=Google+Places","$","Culver's Miramar Beach is a fast-casual restaurant in Miramar Beach | US 98, convenient for a quick lunch, dinner, or takeout.","Mon: 10:00 AM – 10:00 PM; Tue: 10:00 AM – 10:00 PM; Wed: 10:00 AM – 10:00 PM; Thu: 10:00 AM – 10:00 PM; Fri: 10:00 AM – 10:00 PM; Sat: 10:00 AM – 10:00 PM; Sun: 10:00 AM – 10:00 PM","/restaurants1/",,,,"[""Fast Casual""]","[""American""]","[""Lunch"",""Dinner""]","[""Burgers"",""Grill""]","ChIJn6Y2GKhckYgRsra1AC2V7mw","[""In Review""]","[""In Review""]","[""In Review""]","[""Yes""]","[""In Review""]","[""No""]","[""Coming Soon""]",,,"[""Yes""]","[""Restaurant""]","Culver's Miramar Beach Burgers Grill American Fast Casual Miramar Beach Miramar Beach | US 98","7f330f56-7110-4160-b725-a783556d875c",2026-05-16T20:53:08Z,2026-05-16T20:53:08Z,"de29ed44-ed1b-41d4-b93d-94f3e3c2dc4d","No",2026-05-16T20:53:08Z,
"PUBLISHED",,,"/restaurants/amici-30a-italian-kitchen",,,,,,,,,,,"/restaurants1/",,,,,,,,,,,,,,,,,,,,,"8108ba8c-4953-47df-8bd5-9fcfe0f7b85f",2026-04-19T20:00:16Z,2026-05-16T20:53:54Z,"de29ed44-ed1b-41d4-b93d-94f3e3c2dc4d",,2026-04-19T20:00:16Z,
"PUBLISHED",,,"/restaurants/goatfeathers-seafood-market",,,,,,,,,,,"/restaurants1/",,,,,,,,,,,,,,,,,,,,,"8114db33-9088-439b-95e4-51dd80efac38",2026-04-19T20:00:16Z,2026-05-16T20:53:54Z,"de29ed44-ed1b-41d4-b93d-94f3e3c2dc4d",,2026-04-19T20:00:16Z,
"PUBLISHED","Big Bad Breakfast Miramar Beach","big-bad-breakfast-miramar-beach-miramar-beach","/restaurants/big-bad-breakfast-miramar-beach","Miramar Beach","miramar-beach","Miramar Beach | Silver Sands",,"{""subdivisions"":[{""code"":""FL"",""name"":""Florida"",""type"":""ADMINISTRATIVE_AREA_LEVEL_1""},{""code"":""Walton County"",""name"":""Walton County"",""type"":""ADMINISTRATIVE_AREA_LEVEL_2""},{""code"":""Miramar Beach"",""name"":""Miramar Beach"",""type"":""ADMINISTRATIVE_AREA_LEVEL_3""},{""code"":""US"",""name"":""United States"",""type"":""COUNTRY""}],""city"":""Miramar Beach"",""location"":{""latitude"":30.3780825,""longitude"":-86.35002229999999},""countryFullname"":""United States"",""streetAddress"":{""apt"":""Suite 169"",""name"":""Emerald Coast Parkway West"",""number"":""10562""},""formatted"":""10562 Emerald Coast Pkwy W Suite 169, Miramar Beach, FL 32550"",""country"":""US"",""postalCode"":""32550"",""subdivision"":""FL""}","(850) 388-6894","http://bigbadbreakfast.com/locations/destin","$$","Big Bad Breakfast Miramar Beach is a breakfast and lunch spot in Miramar Beach | Silver Sands, good for a casual morning meal, brunch, or daytime bite.","Mon: 7:00 AM – 2:30 PM; Tue: 7:00 AM – 2:30 PM; Wed: 7:00 AM – 2:30 PM; Thu: 7:00 AM – 2:30 PM; Fri: 7:00 AM – 2:30 PM; Sat: 7:00 AM – 2:30 PM; Sun: 7:00 AM – 2:30 PM","/restaurants1/",,,,"[""Casual Dining""]","[""American"",""Southern""]","[""Breakfast"",""Lunch""]","[""Breakfast Spot""]","ChIJndHOSzZbkYgRdi_U4YTKFGQ","[""In Review""]","[""In Review""]","[""In Review""]","[""In Review""]","[""In Review""]","[""No""]","[""Coming Soon""]","https://www.facebook.com/bigbadbreakfastflorida/","https://www.instagram.com/nwfl_bigbadbreakfast/","[""Yes""]","[""Restaurant""]","Big Bad Breakfast Miramar Beach Breakfast Spot American Southern Casual Dining Miramar Beach Miramar Beach | Silver Sands","82669905-1529-4175-86c3-c5c7305e47aa",2026-05-16T20:53:08Z,2026-05-16T20:53:08Z,"de29ed44-ed1b-41d4-b93d-94f3e3c2dc4d","No",2026-05-16T20:53:08Z,
"PUBLISHED","Red Door Saloon","red-door-saloon-destin-harbor","/restaurants/red-door-saloon","Destin Harbor","destin-harbor","Destin Harbor",,"{""subdivisions"":[{""code"":""FL"",""name"":""Florida"",""type"":""ADMINISTRATIVE_AREA_LEVEL_1""},{""code"":""Okaloosa County"",""name"":""Okaloosa County"",""type"":""ADMINISTRATIVE_AREA_LEVEL_2""},{""code"":""Destin"",""name"":""Destin"",""type"":""ADMINISTRATIVE_AREA_LEVEL_3""},{""code"":""US"",""name"":""United States"",""type"":""COUNTRY""}],""city"":""Destin"",""location"":{""latitude"":30.3933577,""longitude"":-86.5054713},""countryFullname"":""United States"",""streetAddress"":{""apt"":"""",""name"":""Harbor Boulevard"",""number"":""240""},""formatted"":""240 Harbor Blvd, Destin, FL 32541"",""country"":""US"",""postalCode"":""32541"",""subdivision"":""FL""}","(850) 424-5974","https://thereddoorsaloon.com/destin-florida","$","Red Door Saloon is a bar and restaurant in Destin Harbor, good for drinks, casual food, and a relaxed meal with friends.","Mon: 11:00 AM – 2:00 AM; Tue: 11:00 AM – 2:00 AM; Wed: 11:00 AM – 2:00 AM; Thu: 11:00 AM – 2:00 AM; Fri: 11:00 AM – 2:00 AM; Sat: 11:00 AM – 2:00 AM; Sun: 11:00 AM – 2:00 AM","/restaurants1/",,,,"[""Bar""]","[""American""]","[""Lunch"",""Dinner""]","[""Grill""]","ChIJgY_zklNBkYgRi-q-YSGtVck","[""Yes""]","[""In Review""]","[""In Review""]","[""Yes""]","[""In Review""]","[""No""]","[""Coming Soon""]",,,"[""In Review""]","[""Bar & Restaurant""]","Red Door Saloon Grill American Bar Destin Harbor Destin Harbor","82f25653-b23a-4e0d-b931-975e25fe06d6",2026-05-16T20:53:08Z,2026-05-16T20:53:08Z,"de29ed44-ed1b-41d4-b93d-94f3e3c2dc4d","Yes",2026-05-16T20:53:08Z,
"PUBLISHED","Merlin's Pizza","merlin-s-pizza-mid-destin","/restaurants/merlin's-pizza","Mid-Destin","mid-destin","Destin | US 98",,"{""subdivisions"":[{""code"":""FL"",""name"":""Florida"",""type"":""ADMINISTRATIVE_AREA_LEVEL_1""},{""code"":""Okaloosa County"",""name"":""Okaloosa County"",""type"":""ADMINISTRATIVE_AREA_LEVEL_2""},{""code"":""Destin"",""name"":""Destin"",""type"":""ADMINISTRATIVE_AREA_LEVEL_3""},{""code"":""US"",""name"":""United States"",""type"":""COUNTRY""}],""city"":""Destin"",""location"":{""latitude"":30.3864249,""longitude"":-86.46470699999999},""countryFullname"":""United States"",""streetAddress"":{""apt"":"""",""name"":""Airport Road"",""number"":""1251""},""formatted"":""1251 Airport Rd, Destin, FL 32541"",""country"":""US"",""postalCode"":""32541"",""subdivision"":""FL""}","(850) 650-3000","http://www.merlinspizza.com/","$$","Merlin's Pizza is a casual pizza restaurant in Destin | US 98, useful for family meals, groups, or easy takeout.","Mon: 11:00 AM – 10:00 PM; Tue: 11:00 AM – 10:00 PM; Wed: 11:00 AM – 10:00 PM; Thu: 11:00 AM – 10:00 PM; Fri: 11:00 AM – 10:00 PM; Sat: 11:00 AM – 10:00 PM; Sun: 11:00 AM – 10:00 PM","/restaurants1/",,,,"[""Casual Dining""]","[""Italian""]","[""Lunch"",""Dinner""]","[""Pizza""]","ChIJRY7gz3hEkYgR6VTIJ4cGsLw","[""In Review""]","[""In Review""]","[""In Review""]","[""In Review""]","[""In Review""]","[""No""]","[""Coming Soon""]",,,"[""Yes""]","[""Restaurant""]","Merlin's Pizza Pizza Italian Casual Dining Mid-Destin Destin | US 98","840aa9f3-2156-4df5-8d84-8b12cf8a3733",2026-05-16T20:53:08Z,2026-05-16T20:53:08Z,"de29ed44-ed1b-41d4-b93d-94f3e3c2dc4d","No",2026-05-16T20:53:08Z,
"PUBLISHED",,,"/restaurants/grayton-seafood-co.",,,,,,,,,,,"/restaurants1/",,,,,,,,,,,,,,,,,,,,,"842a8267-e808-4210-8b81-96ce1ad692d4",2026-04-19T20:00:16Z,2026-05-16T20:53:54Z,"de29ed44-ed1b-41d4-b93d-94f3e3c2dc4d",,2026-04-19T20:00:16Z,
"PUBLISHED","Real Thai Fusion","real-thai-fusion-miramar-beach","/restaurants/real-thai-fusion","Miramar Beach","miramar-beach","Miramar Beach | US 98",,"{""subdivisions"":[{""code"":""FL"",""name"":""Florida"",""type"":""ADMINISTRATIVE_AREA_LEVEL_1""},{""code"":""Walton County"",""name"":""Walton County"",""type"":""ADMINISTRATIVE_AREA_LEVEL_2""},{""code"":""Miramar Beach"",""name"":""Miramar Beach"",""type"":""ADMINISTRATIVE_AREA_LEVEL_3""},{""code"":""US"",""name"":""United States"",""type"":""COUNTRY""}],""city"":""Miramar Beach"",""location"":{""latitude"":30.382626000000002,""longitude"":-86.36158879999999},""countryFullname"":""United States"",""streetAddress"":{""apt"":""Suite 11"",""name"":""U.S. 98"",""number"":""11275""},""formatted"":""11275 US-98 Suite 11, Miramar Beach, FL 32550"",""country"":""US"",""postalCode"":""32550"",""subdivision"":""FL""}","(850) 837-5344","https://www.realthaifusion.com/","$$","Real Thai Fusion is an Asian restaurant in Miramar Beach | US 98, included as part of the Destin dining corridor draft for further verification.","Mon: 11:00 AM – 3:00 PM, 5:00 – 9:30 PM; Tue: 5:00 – 9:30 PM; Wed: 11:00 AM – 3:00 PM, 5:00 – 9:30 PM; Thu: 11:00 AM – 3:00 PM, 5:00 – 9:30 PM; Fri: 11:00 AM – 3:00 PM, 5:00 – 9:30 PM; Sat: 12:00 – 9:30 PM; Sun: 12:00 – 9:30 PM","/restaurants1/",,,,"[""Casual Dining""]","[""Asian""]","[""Lunch"",""Dinner""]","[""Noodles""]","ChIJ5wIIPX1bkYgRiCs5LESWYR4","[""In Review""]","[""In Review""]","[""In Review""]","[""In Review""]","[""In Review""]","[""In Review""]","[""Coming Soon""]",,,"[""Yes""]","[""Restaurant""]","Real Thai Fusion Noodles Asian Casual Dining Miramar Beach Miramar Beach | US 98","85b19ae4-0f56-4bde-ba97-b4ff4e91e8c7",2026-05-16T20:53:08Z,2026-05-16T20:53:08Z,"de29ed44-ed1b-41d4-b93d-94f3e3c2dc4d","No",2026-05-16T20:53:08Z,
"PUBLISHED","The Pancakery","the-pancakery-mid-destin","/restaurants/the-pancakery","Mid-Destin","mid-destin","Destin | US 98",,"{""subdivisions"":[{""code"":""FL"",""name"":""Florida"",""type"":""ADMINISTRATIVE_AREA_LEVEL_1""},{""code"":""Okaloosa County"",""name"":""Okaloosa County"",""type"":""ADMINISTRATIVE_AREA_LEVEL_2""},{""code"":""Destin"",""name"":""Destin"",""type"":""ADMINISTRATIVE_AREA_LEVEL_3""},{""code"":""US"",""name"":""United States"",""type"":""COUNTRY""}],""city"":""Destin"",""location"":{""latitude"":30.3877832,""longitude"":-86.47734249999999},""countryFullname"":""United States"",""streetAddress"":{""apt"":""Suite 104"",""name"":""U.S. 98"",""number"":""960""},""formatted"":""960 US-98 Suite 104, Destin, FL 32541"",""country"":""US"",""postalCode"":""32541"",""subdivision"":""FL""}","(850) 269-0791","http://thepancakery.com/?utm_source=google-gmb-maps&utm_medium=gmb-website-button&utm_campaign=locl.io&utm_content=4c782ed0-49d9-4362-9ede-3098a347a1e1","$$","The Pancakery is a breakfast and lunch spot in Destin | US 98, good for a casual morning meal, brunch, or daytime bite.","Mon: 7:00 AM – 2:00 PM; Tue: 7:00 AM – 2:00 PM; Wed: 7:00 AM – 2:00 PM; Thu: 7:00 AM – 2:00 PM; Fri: 7:00 AM – 2:00 PM; Sat: 7:00 AM – 2:00 PM; Sun: 7:00 AM – 2:00 PM","/restaurants1/",,,,"[""Casual Dining""]","[""American""]","[""Breakfast"",""Lunch""]","[""Breakfast Spot""]","ChIJe2igenVEkYgRG1XB4rRHvH0","[""In Review""]","[""In Review""]","[""In Review""]","[""In Review""]","[""In Review""]","[""No""]","[""Coming Soon""]","https://www.facebook.com/ThePancakeryDestin/","https://www.instagram.com/thepancakery_inc/","[""Yes""]","[""Restaurant""]","The Pancakery Breakfast Spot American Casual Dining Mid-Destin Destin | US 98","87ee3e68-fcbb-4d47-bb92-4d95c69e7708",2026-05-16T20:53:08Z,2026-05-16T20:53:08Z,"de29ed44-ed1b-41d4-b93d-94f3e3c2dc4d","No",2026-05-16T20:53:08Z,
"PUBLISHED",,,"/restaurants/amavida-coffee-roasters",,,,,,,,,,,"/restaurants1/",,,,,,,,,,,,,,,,,,,,,"88364fa2-7c05-491a-923d-db8ef83a2370",2026-04-19T20:00:16Z,2026-05-16T20:53:54Z,"de29ed44-ed1b-41d4-b93d-94f3e3c2dc4d",,2026-04-19T20:00:16Z,
"PUBLISHED","Formula Fresh","formula-fresh-destin-commons","/restaurants/formula-fresh","Destin Commons","destin-commons","Destin Commons",,"{""subdivisions"":[{""code"":""FL"",""name"":""Florida"",""type"":""ADMINISTRATIVE_AREA_LEVEL_1""},{""code"":""Okaloosa County"",""name"":""Okaloosa County"",""type"":""ADMINISTRATIVE_AREA_LEVEL_2""},{""code"":""Destin"",""name"":""Destin"",""type"":""ADMINISTRATIVE_AREA_LEVEL_3""},{""code"":""US"",""name"":""United States"",""type"":""COUNTRY""}],""city"":""Destin"",""location"":{""latitude"":30.390613,""longitude"":-86.423219},""countryFullname"":""United States"",""streetAddress"":{""apt"":""D134"",""name"":""Legendary Drive"",""number"":""4307""},""formatted"":""4307 Legendary Dr D134, Destin, FL 32541"",""country"":""US"",""postalCode"":""32541"",""subdivision"":""FL""}","(850) 837-1801","http://www.formulafresh.com/","$$","Formula Fresh offers smoothies, juices, and lighter cafe options in Destin Commons. A convenient choice for a quick, casual meal.","Mon: 7:30 AM – 5:00 PM; Tue: 7:30 AM – 5:00 PM; Wed: 7:30 AM – 5:00 PM; Thu: 7:30 AM – 5:00 PM; Fri: 7:30 AM – 6:00 PM; Sat: 7:30 AM – 6:00 PM; Sun: 7:30 AM – 5:00 PM","/restaurants1/",,,,"[""Fast Casual""]","[""American""]","[""Breakfast"",""Lunch""]","[""Juice & Bowls"",""Smoothies""]","ChIJAQBcJVRDkYgR7LYiN8IoKB4","[""In Review""]","[""In Review""]","[""In Review""]","[""In Review""]","[""In Review""]","[""No""]","[""Coming Soon""]","https://www.facebook.com/formulafresh/","https://www.instagram.com/formulafresh/","[""Yes""]","[""Cafe / Coffee""]","Formula Fresh Juice & Bowls Smoothies American Fast Casual Destin Commons Destin Commons","88759a8d-c542-4155-91a0-df69104df082",2026-05-16T20:53:08Z,2026-05-16T20:53:08Z,"de29ed44-ed1b-41d4-b93d-94f3e3c2dc4d","No",2026-05-16T20:53:08Z,
"PUBLISHED","The Fudgery","the-fudgery-destin-harbor","/restaurants/the-fudgery","Destin Harbor","destin-harbor","HarborWalk Village | Destin",,"{""subdivisions"":[{""code"":""FL"",""name"":""Florida"",""type"":""ADMINISTRATIVE_AREA_LEVEL_1""},{""code"":""Okaloosa County"",""name"":""Okaloosa County"",""type"":""ADMINISTRATIVE_AREA_LEVEL_2""},{""code"":""Destin"",""name"":""Destin"",""type"":""ADMINISTRATIVE_AREA_LEVEL_3""},{""code"":""US"",""name"":""United States"",""type"":""COUNTRY""}],""city"":""Destin"",""location"":{""latitude"":30.394243499999998,""longitude"":-86.511856},""countryFullname"":""United States"",""streetAddress"":{""apt"":""153"",""name"":""Harbor Boulevard"",""number"":""34""},""formatted"":""34 Harbor Blvd #153, Destin, FL 32541"",""country"":""US"",""postalCode"":""32541"",""subdivision"":""FL""}","(850) 353-2775","http://www.fudgeryfudge.com/","$","The Fudgery serves sweets and treats in HarborWalk Village | Destin. It is best suited for a quick dessert stop or a snack while exploring the area.","Mon: 10:00 AM – 10:00 PM; Tue: 10:00 AM – 10:00 PM; Wed: 10:00 AM – 10:00 PM; Thu: 10:00 AM – 10:00 PM; Fri: 10:00 AM – 10:00 PM; Sat: 10:00 AM – 10:00 PM; Sun: 10:00 AM – 10:00 PM","/restaurants1/",,,,"[""Fast Casual""]","[""American""]","[""Desserts""]","[""Cookies & Sweets"",""Dessert""]","ChIJBR9XdE5BkYgRxZoesryZb0c","[""In Review""]","[""In Review""]","[""In Review""]","[""No""]","[""In Review""]","[""No""]","[""Coming Soon""]",,,"[""Yes""]","[""Dessert""]","The Fudgery Cookies & Sweets Dessert American Fast Casual Destin Harbor HarborWalk Village | Destin","8a9edf53-c2d5-43a2-ab86-a0e3151fef27",2026-05-16T20:53:08Z,2026-05-16T20:53:08Z,"de29ed44-ed1b-41d4-b93d-94f3e3c2dc4d","Yes",2026-05-16T20:53:08Z,
"PUBLISHED",,,"/restaurants/beach-happy-cafe",,,,,,,,,,,"/restaurants1/",,,,,,,,,,,,,,,,,,,,,"8ab2a786-451e-4077-8772-81c8ee011d75",2026-04-19T20:00:16Z,2026-05-16T20:53:54Z,"de29ed44-ed1b-41d4-b93d-94f3e3c2dc4d",,2026-04-19T20:00:16Z,
"PUBLISHED","Rocky Mountain Chocolate Factory Silver Sands","rocky-mountain-chocolate-factory-silver-sands-miramar-beach","/restaurants/rocky-mountain-chocolate-factory-silver-sands","Miramar Beach","miramar-beach","Miramar Beach | Silver Sands",,"{""subdivisions"":[{""code"":""FL"",""name"":""Florida"",""type"":""ADMINISTRATIVE_AREA_LEVEL_1""},{""code"":""Walton County"",""name"":""Walton County"",""type"":""ADMINISTRATIVE_AREA_LEVEL_2""},{""code"":""Miramar Beach"",""name"":""Miramar Beach"",""type"":""ADMINISTRATIVE_AREA_LEVEL_3""},{""code"":""US"",""name"":""United States"",""type"":""COUNTRY""}],""city"":""Miramar Beach"",""location"":{""latitude"":30.379366999999995,""longitude"":-86.350045},""countryFullname"":""United States"",""streetAddress"":{""apt"":""117"",""name"":""U.S. 98"",""number"":""10562""},""formatted"":""Silver Sands Factory Stores, 10562 US-98 #117, Miramar Beach, FL 32550"",""country"":""US"",""postalCode"":""32550"",""subdivision"":""FL""}","(850) 654-9777","https://www.rmcf.com/pages/store-locator","$","Rocky Mountain Chocolate Factory Silver Sands serves sweets and treats in Miramar Beach | Silver Sands. It is best suited for a quick dessert stop or a snack while exploring the area.","Mon: 10:00 AM – 7:00 PM; Tue: 10:00 AM – 7:00 PM; Wed: 10:00 AM – 7:00 PM; Thu: 10:00 AM – 7:00 PM; Fri: 10:00 AM – 7:00 PM; Sat: 10:00 AM – 7:00 PM; Sun: 10:00 AM – 7:00 PM","/restaurants1/",,,,"[""Fast Casual""]","[""American""]","[""Desserts""]","[""Cookies & Sweets"",""Dessert""]","ChIJnzLiPPFbkYgRjh5kRMt0KYo","[""In Review""]","[""In Review""]","[""In Review""]","[""No""]","[""In Review""]","[""No""]","[""Coming Soon""]","https://www.facebook.com/rockymountainchocolate/","https://www.instagram.com/rockymountain.chocolatefactory/","[""Yes""]","[""Dessert""]","Rocky Mountain Chocolate Factory Silver Sands Cookies & Sweets Dessert American Fast Casual Miramar Beach Miramar Beach | Silver Sands","8bfcd1ec-5091-408e-9450-6c9f6bafeb2a",2026-05-16T20:53:08Z,2026-05-16T20:53:08Z,"de29ed44-ed1b-41d4-b93d-94f3e3c2dc4d","No",2026-05-16T20:53:08Z,
"PUBLISHED",,,"/restaurants/meltdown-on-30a",,,,,,,,,,,"/restaurants1/",,,,,,,,,,,,,,,,,,,,,"8dfabf7c-ce58-46ba-80b8-bcd0b42265b7",2026-04-19T20:00:16Z,2026-05-16T20:53:54Z,"de29ed44-ed1b-41d4-b93d-94f3e3c2dc4d",,2026-04-19T20:00:16Z,
"PUBLISHED",,,"/restaurants/red-fish-taco",,,,,,,,,,,"/restaurants1/",,,,,,,,,,,,,,,,,,,,,"8f411807-ad91-4068-bf17-cbb2fed48664",2026-04-19T20:00:16Z,2026-05-16T20:53:54Z,"de29ed44-ed1b-41d4-b93d-94f3e3c2dc4d",,2026-04-19T20:00:16Z,
"PUBLISHED","McAlister's Deli Destin","mcalister-s-deli-destin-mid-destin","/restaurants/mcalister's-deli-destin","Mid-Destin","mid-destin","Destin | US 98",,"{""subdivisions"":[{""code"":""FL"",""name"":""Florida"",""type"":""ADMINISTRATIVE_AREA_LEVEL_1""},{""code"":""Okaloosa County"",""name"":""Okaloosa County"",""type"":""ADMINISTRATIVE_AREA_LEVEL_2""},{""code"":""Niceville"",""name"":""Niceville"",""type"":""ADMINISTRATIVE_AREA_LEVEL_3""},{""code"":""US"",""name"":""United States"",""type"":""COUNTRY""}],""city"":""Niceville"",""location"":{""latitude"":30.516399999999997,""longitude"":-86.46578339999999},""countryFullname"":""United States"",""streetAddress"":{""apt"":"""",""name"":""John Sims Parkway"",""number"":""1154""},""formatted"":""1154 E John Sims Pkwy, Niceville, FL 32578"",""country"":""US"",""postalCode"":""32578"",""subdivision"":""FL""}","(850) 389-8668","https://locations.mcalistersdeli.com/fl/niceville/1154-e.-john-sims-parkway?utm_source=google&utm_medium=organic&utm_campaign=locations_partner","$","McAlister's Deli Destin is a fast-casual spot in Destin | US 98, useful for sandwiches and an easy lunch or dinner.","Mon: 10:30 AM – 9:00 PM; Tue: 10:30 AM – 9:00 PM; Wed: 10:30 AM – 9:00 PM; Thu: 10:30 AM – 9:00 PM; Fri: 10:30 AM – 9:00 PM; Sat: 10:30 AM – 9:00 PM; Sun: 10:30 AM – 9:00 PM","/restaurants1/",,,,"[""Fast Casual""]","[""American""]","[""Lunch"",""Dinner""]","[""Sandwiches""]","ChIJN1odDK5pkYgRmrX8KqeCKuk","[""In Review""]","[""In Review""]","[""In Review""]","[""Yes""]","[""In Review""]","[""No""]","[""Coming Soon""]","https://www.facebook.com/mcalistersdeli/","https://www.instagram.com/mcalistersdeli/","[""Yes""]","[""Restaurant""]","McAlister's Deli Destin Sandwiches American Fast Casual Mid-Destin Destin | US 98","923e86e0-cccd-4847-bb41-ae3664a3a8b9",2026-05-16T20:53:08Z,2026-05-16T20:53:08Z,"de29ed44-ed1b-41d4-b93d-94f3e3c2dc4d","No",2026-05-16T20:53:08Z,
"PUBLISHED","Camille's Sidewalk Cafe","camille-s-sidewalk-cafe-crystal-beach","/restaurants/camille's-sidewalk-cafe","Crystal Beach","crystal-beach","Crystal Beach | Scenic 98",,"{""subdivisions"":[{""code"":""FL"",""name"":""Florida"",""type"":""ADMINISTRATIVE_AREA_LEVEL_1""},{""code"":""Okaloosa County"",""name"":""Okaloosa County"",""type"":""ADMINISTRATIVE_AREA_LEVEL_2""},{""code"":""Destin"",""name"":""Destin"",""type"":""ADMINISTRATIVE_AREA_LEVEL_3""},{""code"":""US"",""name"":""United States"",""type"":""COUNTRY""}],""city"":""Destin"",""location"":{""latitude"":30.3829967,""longitude"":-86.4265666},""countryFullname"":""United States"",""streetAddress"":{""apt"":"""",""name"":""Scenic Highway 98"",""number"":""2931""},""formatted"":""2931 Scenic Hwy 98, Destin, FL 32541"",""country"":""US"",""postalCode"":""32541"",""subdivision"":""FL""}","(850) 337-8860","https://www.camillesatcrystalbeach.com/","$$","Camille's Sidewalk Cafe is a casual cafe in Crystal Beach | Scenic 98, useful for coffee, breakfast, or a quick daytime stop.","Mon: 7:00 AM – 9:00 PM; Tue: 7:00 AM – 9:00 PM; Wed: 7:00 AM – 9:00 PM; Thu: 7:00 AM – 9:00 PM; Fri: 7:00 AM – 10:00 PM; Sat: 7:00 AM – 10:00 PM; Sun: 7:00 AM – 9:00 PM","/restaurants1/",,,,"[""Casual Dining""]","[""American""]","[""Breakfast"",""Lunch""]","[""Coffee"",""Cafe"",""Sandwiches""]","ChIJ835A44BEkYgRIYbcE6ZjhQo","[""In Review""]","[""In Review""]","[""In Review""]","[""Yes""]","[""In Review""]","[""No""]","[""Coming Soon""]","https://www.facebook.com/CamillesCrystalBeach/","http://instagram.com/camillesatcrystalbeach/","[""Yes""]","[""Cafe / Coffee""]","Camille's Sidewalk Cafe Coffee Cafe Sandwiches American Casual Dining Crystal Beach Crystal Beach | Scenic 98","928c6fa0-8e5f-4aa0-8c39-e170e23b368a",2026-05-16T20:53:08Z,2026-05-16T20:53:08Z,"de29ed44-ed1b-41d4-b93d-94f3e3c2dc4d","No",2026-05-16T20:53:08Z,
"PUBLISHED","Jimmy John's Grand Boulevard","jimmy-john-s-grand-boulevard-grand-boulevard","/restaurants/jimmy-john's-grand-boulevard","Grand Boulevard","grand-boulevard","Grand Boulevard | Sandestin",,"{""subdivisions"":[{""code"":""FL"",""name"":""Florida"",""type"":""ADMINISTRATIVE_AREA_LEVEL_1""},{""code"":""Walton County"",""name"":""Walton County"",""type"":""ADMINISTRATIVE_AREA_LEVEL_2""},{""code"":""Miramar Beach"",""name"":""Miramar Beach"",""type"":""ADMINISTRATIVE_AREA_LEVEL_3""},{""code"":""US"",""name"":""United States"",""type"":""COUNTRY""}],""city"":""Miramar Beach"",""location"":{""latitude"":30.378007099999998,""longitude"":-86.31030059999999},""countryFullname"":""United States"",""streetAddress"":{""apt"":""#110"",""name"":""Grand Boulevard"",""number"":""780""},""formatted"":""780 Grand Blvd #110, Miramar Beach, FL 32550"",""country"":""US"",""postalCode"":""32550"",""subdivision"":""FL""}","(850) 460-8660","https://locations.jimmyjohns.com/fl/miramarbeach/sandwiches-3290.html?utm_source=google-my-business&utm_medium=organic&utm_campaign=website-link&y_source=1_MjAyNDA4NDU3OS03MTUtbG9jYXRpb24ud2Vic2l0ZQ%3D%3D","$","Jimmy John's Grand Boulevard is a fast-casual spot in Grand Boulevard | Sandestin, useful for sandwiches and an easy lunch or dinner.","Mon: 10:00 AM – 9:00 PM; Tue: 10:00 AM – 9:00 PM; Wed: 10:00 AM – 9:00 PM; Thu: 10:00 AM – 9:00 PM; Fri: 10:00 AM – 9:00 PM; Sat: 10:00 AM – 9:00 PM; Sun: 10:00 AM – 9:00 PM","/restaurants1/",,,,"[""Fast Casual""]","[""American""]","[""Lunch"",""Dinner""]","[""Sandwiches""]","ChIJzdipADRZkYgRG4-AdiAnHT4","[""In Review""]","[""In Review""]","[""In Review""]","[""In Review""]","[""In Review""]","[""No""]","[""Coming Soon""]","https://www.facebook.com/jimmyjohns/","https://www.instagram.com/jimmyjohns/","[""Yes""]","[""Restaurant""]","Jimmy John's Grand Boulevard Sandwiches American Fast Casual Grand Boulevard Grand Boulevard | Sandestin","9302483c-207b-4ee1-837e-352792bab573",2026-05-16T20:53:08Z,2026-05-16T20:53:08Z,"de29ed44-ed1b-41d4-b93d-94f3e3c2dc4d","No",2026-05-16T20:53:08Z,
"PUBLISHED","Carrabba's Italian Grill","carrabba-s-italian-grill-miramar-beach","/restaurants/carrabba's-italian-grill","Miramar Beach","miramar-beach","Miramar Beach | Silver Sands",,"{""subdivisions"":[{""code"":""FL"",""name"":""Florida"",""type"":""ADMINISTRATIVE_AREA_LEVEL_1""},{""code"":""Walton County"",""name"":""Walton County"",""type"":""ADMINISTRATIVE_AREA_LEVEL_2""},{""code"":""Miramar Beach"",""name"":""Miramar Beach"",""type"":""ADMINISTRATIVE_AREA_LEVEL_3""},{""code"":""US"",""name"":""United States"",""type"":""COUNTRY""}],""city"":""Miramar Beach"",""location"":{""latitude"":30.378309699999996,""longitude"":-86.3503209},""countryFullname"":""United States"",""streetAddress"":{""apt"":"""",""name"":""U.S. 98"",""number"":""10562""},""formatted"":""10562 US-98, Miramar Beach, FL 32550"",""country"":""US"",""postalCode"":""32550"",""subdivision"":""FL""}","(850) 837-1140","https://locations.carrabbas.com/florida/sandestin/10562-us-hwy-98-w?y_source=1_MTU1MDMwMDMtNzE1LWxvY2F0aW9uLndlYnNpdGU%3D","$$","Carrabba's Italian Grill is an Italian restaurant in Miramar Beach | Silver Sands, included as part of the Destin dining corridor draft for further verification.","Mon: 11:00 AM – 10:00 PM; Tue: 11:00 AM – 10:00 PM; Wed: 11:00 AM – 10:00 PM; Thu: 11:00 AM – 10:00 PM; Fri: 11:00 AM – 11:00 PM; Sat: 11:00 AM – 11:00 PM; Sun: 11:00 AM – 9:00 PM","/restaurants1/",,,,"[""Casual Dining""]","[""Italian""]","[""Lunch"",""Dinner""]","[""Pasta""]","ChIJL8b4PPFbkYgRDASvHmd_snI","[""In Review""]","[""In Review""]","[""In Review""]","[""No""]","[""In Review""]","[""Yes""]","[""Coming Soon""]","https://www.facebook.com/Carrabbas/","https://www.instagram.com/carrabbas/","[""Yes""]","[""Restaurant""]","Carrabba's Italian Grill Pasta Italian Casual Dining Miramar Beach Miramar Beach | Silver Sands","9327564d-978f-4423-af30-3455d10652b3",2026-05-16T20:53:08Z,2026-05-16T20:53:08Z,"de29ed44-ed1b-41d4-b93d-94f3e3c2dc4d","No",2026-05-16T20:53:08Z,
"PUBLISHED","Azul Mexican Fusion","azul-mexican-fusion-destin-harbor","/restaurants/azul-mexican-fusion","Destin Harbor","destin-harbor","HarborWalk Village | Destin",,"{""subdivisions"":[{""code"":""FL"",""name"":""Florida"",""type"":""ADMINISTRATIVE_AREA_LEVEL_1""},{""code"":""Okaloosa County"",""name"":""Okaloosa County"",""type"":""ADMINISTRATIVE_AREA_LEVEL_2""},{""code"":""Destin"",""name"":""Destin"",""type"":""ADMINISTRATIVE_AREA_LEVEL_3""},{""code"":""US"",""name"":""United States"",""type"":""COUNTRY""}],""city"":""Destin"",""location"":{""latitude"":30.394824000000003,""longitude"":-86.5132364},""countryFullname"":""United States"",""streetAddress"":{""apt"":"""",""name"":""Harbor Boulevard"",""number"":""2""},""formatted"":""2 Harbor Blvd, Destin, FL 32541"",""country"":""US"",""postalCode"":""32541"",""subdivision"":""FL""}","(850) 485-0953","https://azulmexicanfusion.com/","$$","Azul Mexican Fusion is a bar and restaurant in HarborWalk Village | Destin, good for drinks, casual food, and a relaxed meal with friends.","Mon: 11:00 AM – 9:00 PM; Tue: 11:00 AM – 9:00 PM; Wed: 11:00 AM – 9:00 PM; Thu: 11:00 AM – 9:00 PM; Fri: 11:00 AM – 10:00 PM; Sat: 11:00 AM – 10:00 PM; Sun: 10:00 AM – 9:00 PM","/restaurants1/",,,,"[""Casual Dining"",""Bar""]","[""Mexican""]","[""Lunch"",""Dinner""]","[""Tacos"",""Tapas""]","ChIJUXMFWwBBkYgR_LsyyLdqNeQ","[""Yes""]","[""In Review""]","[""In Review""]","[""Yes""]","[""In Review""]","[""In Review""]","[""Coming Soon""]","https://www.facebook.com/209658662227263/","https://www.instagram.com/azul.destin/","[""Yes""]","[""Bar & Restaurant""]","Azul Mexican Fusion Tacos Tapas Mexican Casual Dining Bar Destin Harbor HarborWalk Village | Destin","934fb661-f0db-49dd-8001-16462132aaf5",2026-05-16T20:53:08Z,2026-05-16T20:53:08Z,"de29ed44-ed1b-41d4-b93d-94f3e3c2dc4d","Yes",2026-05-16T20:53:08Z,
"PUBLISHED",,,"/restaurants/angelinas-pizzeria-pasta",,,,,,,,,,,"/restaurants1/",,,,,,,,,,,,,,,,,,,,,"93d06197-29aa-422a-87a6-418c6646d3be",2026-04-19T20:00:16Z,2026-05-16T20:53:54Z,"de29ed44-ed1b-41d4-b93d-94f3e3c2dc4d",,2026-04-19T20:00:16Z,
"PUBLISHED","Brotula's Seafood House & Steamer","brotula-s-seafood-house-and-steamer-destin-harbor","/restaurants/brotula's-seafood-house-%26-steamer","Destin Harbor","destin-harbor","Destin Harbor",,"{""subdivisions"":[{""code"":""FL"",""name"":""Florida"",""type"":""ADMINISTRATIVE_AREA_LEVEL_1""},{""code"":""Okaloosa County"",""name"":""Okaloosa County"",""type"":""ADMINISTRATIVE_AREA_LEVEL_2""},{""code"":""Destin"",""name"":""Destin"",""type"":""ADMINISTRATIVE_AREA_LEVEL_3""},{""code"":""US"",""name"":""United States"",""type"":""COUNTRY""}],""city"":""Destin"",""location"":{""latitude"":30.393453500000003,""longitude"":-86.5068817},""countryFullname"":""United States"",""streetAddress"":{""apt"":"""",""name"":""Harbor Boulevard"",""number"":""210D""},""formatted"":""210D Harbor Blvd, Destin, FL 32541"",""country"":""US"",""postalCode"":""32541"",""subdivision"":""FL""}","(850) 460-8900","https://www.brotulas.com/","$$","Brotula's Seafood House & Steamer is a casual bar and restaurant in Destin Harbor with seafood-focused dishes and a relaxed coastal atmosphere.","Mon: 11:00 AM – 9:00 PM; Tue: 11:00 AM – 9:00 PM; Wed: 11:00 AM – 9:00 PM; Thu: 11:00 AM – 9:00 PM; Fri: 11:00 AM – 9:00 PM; Sat: 10:00 AM – 9:00 PM; Sun: 10:00 AM – 9:00 PM","/restaurants1/",,,,"[""Casual Dining"",""Bar""]","[""Seafood"",""American""]","[""Lunch"",""Dinner""]","[""Seafood""]","ChIJXzY4yFNBkYgRsH2dgriyu6c","[""Yes""]","[""In Review""]","[""In Review""]","[""Yes""]","[""In Review""]","[""Yes""]","[""Coming Soon""]","http://www.facebook.com/2008/fbml/","http://www.instagram.com/brotulas/","[""Yes""]","[""Bar & Restaurant""]","Brotula's Seafood House & Steamer Seafood Seafood American Casual Dining Bar Destin Harbor Destin Harbor","943758c9-2ef5-4c13-9dbf-37609ff4ca4a",2026-05-16T20:53:08Z,2026-05-16T20:53:08Z,"de29ed44-ed1b-41d4-b93d-94f3e3c2dc4d","Yes",2026-05-16T20:53:08Z,
"PUBLISHED","Crackings","crackings-mid-destin","/restaurants/crackings","Mid-Destin","mid-destin","Destin | US 98",,"{""subdivisions"":[{""code"":""FL"",""name"":""Florida"",""type"":""ADMINISTRATIVE_AREA_LEVEL_1""},{""code"":""Okaloosa County"",""name"":""Okaloosa County"",""type"":""ADMINISTRATIVE_AREA_LEVEL_2""},{""code"":""Destin"",""name"":""Destin"",""type"":""ADMINISTRATIVE_AREA_LEVEL_3""},{""code"":""US"",""name"":""United States"",""type"":""COUNTRY""}],""city"":""Destin"",""location"":{""latitude"":30.389053299999993,""longitude"":-86.4786118},""countryFullname"":""United States"",""streetAddress"":{""apt"":"""",""name"":""U.S. 98"",""number"":""979""},""formatted"":""979 US-98, Destin, FL 32541"",""country"":""US"",""postalCode"":""32541"",""subdivision"":""FL""}","(850) 650-0499","https://www.crackingsfl.com/","$$","Crackings is a breakfast and lunch spot in Destin | US 98, good for a casual morning meal, brunch, or daytime bite.","Mon: Closed; Tue: 7:00 AM – 2:00 PM; Wed: 7:00 AM – 2:00 PM; Thu: 7:00 AM – 2:00 PM; Fri: 7:00 AM – 2:00 PM; Sat: 7:00 AM – 2:00 PM; Sun: 7:00 AM – 2:00 PM","/restaurants1/",,,,"[""Casual Dining""]","[""American""]","[""Breakfast"",""Lunch""]","[""Breakfast Spot""]","ChIJ78hQpYpDkYgRFbgEgw1JOUA","[""In Review""]","[""In Review""]","[""In Review""]","[""In Review""]","[""In Review""]","[""No""]","[""Coming Soon""]",,,"[""Yes""]","[""Restaurant""]","Crackings Breakfast Spot American Casual Dining Mid-Destin Destin | US 98","94baab07-003d-42d6-ad49-0f15621b3442",2026-05-16T20:53:08Z,2026-05-16T20:53:08Z,"de29ed44-ed1b-41d4-b93d-94f3e3c2dc4d","No",2026-05-16T20:53:08Z,
"PUBLISHED","Jersey Mike's Subs Destin","jersey-mike-s-subs-destin-mid-destin","/restaurants/jersey-mike's-subs-destin","Mid-Destin","mid-destin","Destin | US 98",,"{""subdivisions"":[{""code"":""FL"",""name"":""Florida"",""type"":""ADMINISTRATIVE_AREA_LEVEL_1""},{""code"":""Okaloosa County"",""name"":""Okaloosa County"",""type"":""ADMINISTRATIVE_AREA_LEVEL_2""},{""code"":""Destin"",""name"":""Destin"",""type"":""ADMINISTRATIVE_AREA_LEVEL_3""},{""code"":""US"",""name"":""United States"",""type"":""COUNTRY""}],""city"":""Destin"",""location"":{""latitude"":30.3881151,""longitude"":-86.47952579999999},""countryFullname"":""United States"",""streetAddress"":{""apt"":"""",""name"":""U.S. 98"",""number"":""866""},""formatted"":""866 US-98, Destin, FL 32541"",""country"":""US"",""postalCode"":""32541"",""subdivision"":""FL""}","(850) 679-2015","https://www.jerseymikes.com/13029/destin-fl?utm_source=google&utm_medium=organic&utm_campaign=listings","$","Jersey Mike's Subs Destin is a fast-casual spot in Destin | US 98, useful for sandwiches and an easy lunch or dinner.","Mon: 10:00 AM – 9:00 PM; Tue: 10:00 AM – 9:00 PM; Wed: 10:00 AM – 9:00 PM; Thu: 10:00 AM – 9:00 PM; Fri: 10:00 AM – 9:00 PM; Sat: 10:00 AM – 9:00 PM; Sun: 10:00 AM – 9:00 PM","/restaurants1/",,,,"[""Fast Casual""]","[""American""]","[""Lunch"",""Dinner""]","[""Sandwiches""]","ChIJf-C57vVDkYgR9xhb32_m-yo","[""In Review""]","[""In Review""]","[""In Review""]","[""No""]","[""In Review""]","[""No""]","[""Coming Soon""]","https://www.facebook.com/jerseymikes/","https://www.instagram.com/jerseymikes/","[""Yes""]","[""Restaurant""]","Jersey Mike's Subs Destin Sandwiches American Fast Casual Mid-Destin Destin | US 98","950085a0-49f3-4e82-8b55-f7d4055f7945",2026-05-16T20:53:08Z,2026-05-16T20:53:08Z,"de29ed44-ed1b-41d4-b93d-94f3e3c2dc4d","No",2026-05-16T20:53:08Z,
"PUBLISHED",,,"/restaurants/pescado-seafood-grill-%26-rooftop-bar",,,,,,,,,,,"/restaurants1/",,,,,,,,,,,,,,,,,,,,,"952f44b3-fe82-4f74-a3d9-48657f66fb1b",2026-04-19T20:00:16Z,2026-05-16T20:53:54Z,"de29ed44-ed1b-41d4-b93d-94f3e3c2dc4d",,2026-04-19T20:00:16Z,
"PUBLISHED","IHOP Miramar Beach","ihop-miramar-beach-miramar-beach","/restaurants/ihop-miramar-beach","Miramar Beach","miramar-beach","Miramar Beach | US 98",,"{""subdivisions"":[{""code"":""FL"",""name"":""Florida"",""type"":""ADMINISTRATIVE_AREA_LEVEL_1""},{""code"":""Broward County"",""name"":""Broward County"",""type"":""ADMINISTRATIVE_AREA_LEVEL_2""},{""code"":""Miramar"",""name"":""Miramar"",""type"":""ADMINISTRATIVE_AREA_LEVEL_3""},{""code"":""US"",""name"":""United States"",""type"":""COUNTRY""}],""city"":""Miramar"",""location"":{""latitude"":25.981098,""longitude"":-80.246528},""countryFullname"":""United States"",""streetAddress"":{""apt"":"""",""name"":""Miramar Parkway"",""number"":""7990""},""formatted"":""7990 Miramar Pkwy, Miramar, FL 33023"",""country"":""US"",""postalCode"":""33023"",""subdivision"":""FL""}","(954) 981-7489","https://restaurants.ihop.com/en-us/fl/miramar/breakfast-7990-miramar-parkway-360087?utm_source=google&utm_medium=organic&utm_campaign=google_my_business&utm_term=360087&utm_content=website","$","IHOP Miramar Beach is an American restaurant in Miramar Beach | US 98, included as part of the Destin dining corridor draft for further verification.","Mon: Open 24 hours; Tue: Open 24 hours; Wed: Open 24 hours; Thu: Open 24 hours; Fri: Open 24 hours; Sat: Open 24 hours; Sun: Open 24 hours","/restaurants1/",,,,"[""Casual Dining""]","[""American""]","[""Breakfast"",""Lunch"",""Dinner""]","[""Breakfast Spot""]","ChIJERj_Wjqv2YgRi1O8hnztp6U","[""In Review""]","[""In Review""]","[""In Review""]","[""No""]","[""In Review""]","[""No""]","[""Coming Soon""]",,,"[""Yes""]","[""Restaurant""]","IHOP Miramar Beach Breakfast Spot American Casual Dining Miramar Beach Miramar Beach | US 98","972f1cb5-3de8-47c0-821f-67b3f48fe1e3",2026-05-16T20:53:08Z,2026-05-16T20:53:08Z,"de29ed44-ed1b-41d4-b93d-94f3e3c2dc4d","No",2026-05-16T20:53:08Z,
"PUBLISHED","Acme Oyster House","acme-oyster-house-miramar-beach","/restaurants/acme-oyster-house","Miramar Beach","miramar-beach","Miramar Beach | Seascape",,"{""subdivisions"":[{""code"":""FL"",""name"":""Florida"",""type"":""ADMINISTRATIVE_AREA_LEVEL_1""},{""code"":""Walton County"",""name"":""Walton County"",""type"":""ADMINISTRATIVE_AREA_LEVEL_2""},{""code"":""Miramar Beach"",""name"":""Miramar Beach"",""type"":""ADMINISTRATIVE_AREA_LEVEL_3""},{""code"":""US"",""name"":""United States"",""type"":""COUNTRY""}],""city"":""Miramar Beach"",""location"":{""latitude"":30.3833944,""longitude"":-86.36710459999999},""countryFullname"":""United States"",""streetAddress"":{""apt"":"""",""name"":""Seascape Drive"",""number"":""90""},""formatted"":""90 Seascape Dr, Miramar Beach, FL 32550"",""country"":""US"",""postalCode"":""32550"",""subdivision"":""FL""}","(850) 460-7773","http://acmeoyster.com/","$$","Acme Oyster House is a casual bar and restaurant in Miramar Beach | Seascape with seafood-focused dishes and a relaxed coastal atmosphere.","Mon: 11:00 AM – 8:00 PM; Tue: 11:00 AM – 8:00 PM; Wed: 11:00 AM – 8:00 PM; Thu: 11:00 AM – 8:00 PM; Fri: 11:00 AM – 9:00 PM; Sat: 11:00 AM – 9:00 PM; Sun: 11:00 AM – 8:00 PM","/restaurants1/",,,,"[""Casual Dining"",""Bar""]","[""Seafood"",""Southern""]","[""Lunch"",""Dinner""]","[""Oyster Bar"",""Seafood""]","ChIJE5Eam4FbkYgRhHefqWmfZsU","[""Yes""]","[""In Review""]","[""In Review""]","[""Yes""]","[""In Review""]","[""No""]","[""Coming Soon""]","https://www.facebook.com/AcmeOysterHouse/","https://www.instagram.com/acmeoyster/","[""Yes""]","[""Bar & Restaurant""]","Acme Oyster House Oyster Bar Seafood Seafood Southern Casual Dining Bar Miramar Beach Miramar Beach | Seascape","99b79843-f075-4617-be6d-9874bec42cd5",2026-05-16T20:53:08Z,2026-05-16T20:53:08Z,"de29ed44-ed1b-41d4-b93d-94f3e3c2dc4d","No",2026-05-16T20:53:08Z,
"PUBLISHED","Another Broken Egg Cafe Grand Boulevard","another-broken-egg-cafe-grand-boulevard-grand-boulevard","/restaurants/another-broken-egg-cafe-grand-boulevard","Grand Boulevard","grand-boulevard","Grand Boulevard | Sandestin",,"{""subdivisions"":[{""code"":""FL"",""name"":""Florida"",""type"":""ADMINISTRATIVE_AREA_LEVEL_1""},{""code"":""Walton County"",""name"":""Walton County"",""type"":""ADMINISTRATIVE_AREA_LEVEL_2""},{""code"":""Miramar Beach"",""name"":""Miramar Beach"",""type"":""ADMINISTRATIVE_AREA_LEVEL_3""},{""code"":""US"",""name"":""United States"",""type"":""COUNTRY""}],""city"":""Miramar Beach"",""location"":{""latitude"":30.3793506,""longitude"":-86.3103697},""countryFullname"":""United States"",""streetAddress"":{""apt"":""Ste 107B"",""name"":""Grand Boulevard"",""number"":""755""},""formatted"":""755 Grand Blvd Ste 107B, Miramar Beach, FL 32550"",""country"":""US"",""postalCode"":""32550"",""subdivision"":""FL""}","(850) 424-3416","https://www.anotherbrokenegg.com/locations/miramar-beach-fl/","$$","Another Broken Egg Cafe Grand Boulevard is a breakfast and lunch spot in Grand Boulevard | Sandestin, good for a casual morning meal, brunch, or daytime bite.","Mon: 7:00 AM – 2:00 PM; Tue: 7:00 AM – 2:00 PM; Wed: 7:00 AM – 2:00 PM; Thu: 7:00 AM – 2:00 PM; Fri: 7:00 AM – 2:00 PM; Sat: 7:00 AM – 2:00 PM; Sun: 7:00 AM – 2:00 PM","/restaurants1/",,,,"[""Casual Dining""]","[""American""]","[""Breakfast"",""Lunch""]","[""Breakfast Spot""]","ChIJCZrEyDNZkYgRpSpWGxPnh-w","[""In Review""]","[""In Review""]","[""In Review""]","[""Yes""]","[""In Review""]","[""No""]","[""Coming Soon""]","https://www.facebook.com/AnotherBrokenEgg/","https://www.instagram.com/anotherbrokenegg/","[""Yes""]","[""Restaurant""]","Another Broken Egg Cafe Grand Boulevard Breakfast Spot American Casual Dining Grand Boulevard Grand Boulevard | Sandestin","99fe5223-540c-43fc-842c-d96f5cad9228",2026-05-16T20:53:08Z,2026-05-16T20:53:08Z,"de29ed44-ed1b-41d4-b93d-94f3e3c2dc4d","No",2026-05-16T20:53:08Z,
"PUBLISHED","Dewey Destin's Harborside","dewey-destin-s-harborside-destin-harbor","/restaurants/dewey-destin's-harborside","Destin Harbor","destin-harbor","Destin Harbor",,"{""subdivisions"":[{""code"":""FL"",""name"":""Florida"",""type"":""ADMINISTRATIVE_AREA_LEVEL_1""},{""code"":""Okaloosa County"",""name"":""Okaloosa County"",""type"":""ADMINISTRATIVE_AREA_LEVEL_2""},{""code"":""Destin"",""name"":""Destin"",""type"":""ADMINISTRATIVE_AREA_LEVEL_3""},{""code"":""US"",""name"":""United States"",""type"":""COUNTRY""}],""city"":""Destin"",""location"":{""latitude"":30.3936333,""longitude"":-86.50749440000001},""countryFullname"":""United States"",""streetAddress"":{""apt"":"""",""name"":""Harbor Boulevard"",""number"":""202""},""formatted"":""202 Harbor Blvd, Destin, FL 32541"",""country"":""US"",""postalCode"":""32541"",""subdivision"":""FL""}","(850) 837-7525","http://www.destinseafood.com/","$$","Dewey Destin's Harborside is a seafood restaurant in Destin Harbor, offering a coastal dining option for lunch or dinner.","Mon: 11:00 AM – 8:30 PM; Tue: 11:00 AM – 8:30 PM; Wed: 11:00 AM – 8:30 PM; Thu: 11:00 AM – 8:30 PM; Fri: 11:00 AM – 8:30 PM; Sat: 11:00 AM – 8:30 PM; Sun: 11:00 AM – 8:30 PM","/restaurants1/",,,,"[""Casual Dining""]","[""Seafood"",""American""]","[""Lunch"",""Dinner""]","[""Seafood""]","ChIJbSWbM1JBkYgRRUjq-KgKU00","[""In Review""]","[""In Review""]","[""In Review""]","[""Yes""]","[""In Review""]","[""No""]","[""Coming Soon""]",,,"[""Yes""]","[""Restaurant""]","Dewey Destin's Harborside Seafood Seafood American Casual Dining Destin Harbor Destin Harbor","9a0e7735-c840-4198-98cc-2eaa3972aa22",2026-05-16T20:53:08Z,2026-05-16T20:53:08Z,"de29ed44-ed1b-41d4-b93d-94f3e3c2dc4d","Yes",2026-05-16T20:53:08Z,
"PUBLISHED","Vin'tij Food & Wine","vin-tij-food-and-wine-grand-boulevard","/restaurants/vin'tij-food-%26-wine","Grand Boulevard","grand-boulevard","Grand Boulevard | Sandestin",,"{""subdivisions"":[{""code"":""FL"",""name"":""Florida"",""type"":""ADMINISTRATIVE_AREA_LEVEL_1""},{""code"":""Walton County"",""name"":""Walton County"",""type"":""ADMINISTRATIVE_AREA_LEVEL_2""},{""code"":""Miramar Beach"",""name"":""Miramar Beach"",""type"":""ADMINISTRATIVE_AREA_LEVEL_3""},{""code"":""US"",""name"":""United States"",""type"":""COUNTRY""}],""city"":""Miramar Beach"",""location"":{""latitude"":30.3790862,""longitude"":-86.3150434},""countryFullname"":""United States"",""streetAddress"":{""apt"":""100k"",""name"":""Grand Boulevard"",""number"":""500""},""formatted"":""500 Grand Blvd #100k, Miramar Beach, FL 32550"",""country"":""US"",""postalCode"":""32550"",""subdivision"":""FL""}","(850) 650-9820","http://www.vintij.com/","$$$","Vin'tij Food & Wine is an upscale restaurant and bar in Grand Boulevard | Sandestin, offering a more refined option for lunch, dinner, or drinks.","Mon: 11:00 AM – 9:00 PM; Tue: 11:00 AM – 9:00 PM; Wed: 11:00 AM – 9:00 PM; Thu: 11:00 AM – 9:00 PM; Fri: 11:00 AM – 9:00 PM; Sat: 11:00 AM – 9:00 PM; Sun: 11:00 AM – 2:00 PM","/restaurants1/",,,,"[""Upscale"",""Bar""]","[""American""]","[""Breakfast"",""Lunch"",""Dinner""]","[""Wine"",""Tapas""]","ChIJV8hOfvRbkYgRLW-SU4p-xCQ","[""Yes""]","[""Yes""]","[""In Review""]","[""In Review""]","[""In Review""]","[""Yes""]","[""Coming Soon""]","http://www.facebook.com/2008/fbml/","https://www.instagram.com/vintijfoodandwine/","[""Yes""]","[""Bar & Restaurant""]","Vin'tij Food & Wine Wine Tapas American Upscale Bar Grand Boulevard Grand Boulevard | Sandestin","9aa039ac-123e-42dc-bfea-b4a8d30107e2",2026-05-16T20:53:08Z,2026-05-16T20:53:08Z,"de29ed44-ed1b-41d4-b93d-94f3e3c2dc4d","No",2026-05-16T20:53:08Z,
"PUBLISHED","Thai 9 Cuisine","thai-9-cuisine-miramar-beach","/restaurants/thai-9-cuisine","Miramar Beach","miramar-beach","Miramar Beach | US 98",,"{""subdivisions"":[{""code"":""FL"",""name"":""Florida"",""type"":""ADMINISTRATIVE_AREA_LEVEL_1""},{""code"":""Walton County"",""name"":""Walton County"",""type"":""ADMINISTRATIVE_AREA_LEVEL_2""},{""code"":""Miramar Beach"",""name"":""Miramar Beach"",""type"":""ADMINISTRATIVE_AREA_LEVEL_3""},{""code"":""US"",""name"":""United States"",""type"":""COUNTRY""}],""city"":""Miramar Beach"",""location"":{""latitude"":30.3813143,""longitude"":-86.3558346},""countryFullname"":""United States"",""streetAddress"":{""apt"":"""",""name"":""U.S. 98"",""number"":""10916""},""formatted"":""10916 US-98, Miramar Beach, FL 32550"",""country"":""US"",""postalCode"":""32550"",""subdivision"":""FL""}","(850) 842-4686","https://www.thai9cuisine.com/#/","$$","Thai 9 Cuisine is an Asian restaurant in Miramar Beach | US 98, included as part of the Destin dining corridor draft for further verification.","Mon: Closed; Tue: 11:00 AM – 2:30 PM, 4:30 – 9:00 PM; Wed: 11:00 AM – 2:30 PM, 4:30 – 9:00 PM; Thu: 11:00 AM – 2:30 PM, 4:30 – 9:00 PM; Fri: 11:00 AM – 2:30 PM, 4:30 – 9:00 PM; Sat: 12:00 – 9:00 PM; Sun: 12:00 – 9:00 PM","/restaurants1/",,,,"[""Casual Dining""]","[""Asian""]","[""Lunch"",""Dinner""]","[""Noodles""]","ChIJWUQX8fRbkYgR0G9uCLRXe_o","[""In Review""]","[""In Review""]","[""In Review""]","[""In Review""]","[""In Review""]","[""In Review""]","[""Coming Soon""]",,,"[""Yes""]","[""Restaurant""]","Thai 9 Cuisine Noodles Asian Casual Dining Miramar Beach Miramar Beach | US 98","9ae55918-b725-4a00-9475-bb80b9a1e118",2026-05-16T20:53:08Z,2026-05-16T20:53:08Z,"de29ed44-ed1b-41d4-b93d-94f3e3c2dc4d","No",2026-05-16T20:53:08Z,
"PUBLISHED","Island Wing Company Destin","island-wing-company-destin-mid-destin","/restaurants/island-wing-company-destin","Mid-Destin","mid-destin","Destin | US 98",,"{""subdivisions"":[{""code"":""FL"",""name"":""Florida"",""type"":""ADMINISTRATIVE_AREA_LEVEL_1""},{""code"":""Okaloosa County"",""name"":""Okaloosa County"",""type"":""ADMINISTRATIVE_AREA_LEVEL_2""},{""code"":""Destin"",""name"":""Destin"",""type"":""ADMINISTRATIVE_AREA_LEVEL_3""},{""code"":""US"",""name"":""United States"",""type"":""COUNTRY""}],""city"":""Destin"",""location"":{""latitude"":30.3894551,""longitude"":-86.477357},""countryFullname"":""United States"",""streetAddress"":{""apt"":"""",""name"":""U.S. 98"",""number"":""""},""formatted"":""981 Palm Street, US-98, Destin, FL 32541"",""country"":""US"",""postalCode"":""32541"",""subdivision"":""FL""}","(850) 837-2999","https://www.islandwing.com/locations/destin-fl/","$$","Island Wing Company Destin is a bar and restaurant in Destin | US 98, good for drinks, casual food, and a relaxed meal with friends.","Mon: 11:00 AM – 10:00 PM; Tue: 11:00 AM – 10:00 PM; Wed: 11:00 AM – 10:00 PM; Thu: 11:00 AM – 10:00 PM; Fri: 11:00 AM – 10:00 PM; Sat: 11:00 AM – 10:00 PM; Sun: 11:00 AM – 10:00 PM","/restaurants1/",,,,"[""Casual Dining"",""Bar""]","[""American""]","[""Lunch"",""Dinner""]","[""Grill"",""Burgers""]","ChIJcZ6QjopDkYgR-lz6P5dp1fE","[""Yes""]","[""In Review""]","[""In Review""]","[""In Review""]","[""In Review""]","[""No""]","[""Coming Soon""]","https://www.facebook.com/islandwingtallahassee/","https://www.instagram.com/islandwingcompanydestin/","[""Yes""]","[""Bar & Restaurant""]","Island Wing Company Destin Grill Burgers American Casual Dining Bar Mid-Destin Destin | US 98","9b0e1435-4687-4f34-982e-3ca8587a6495",2026-05-16T20:53:08Z,2026-05-16T20:53:08Z,"de29ed44-ed1b-41d4-b93d-94f3e3c2dc4d","No",2026-05-16T20:53:08Z,
"PUBLISHED","Smoothie King Destin","smoothie-king-destin-mid-destin","/restaurants/smoothie-king-destin","Mid-Destin","mid-destin","Destin | US 98",,"{""subdivisions"":[{""code"":""FL"",""name"":""Florida"",""type"":""ADMINISTRATIVE_AREA_LEVEL_1""},{""code"":""Okaloosa County"",""name"":""Okaloosa County"",""type"":""ADMINISTRATIVE_AREA_LEVEL_2""},{""code"":""Destin"",""name"":""Destin"",""type"":""ADMINISTRATIVE_AREA_LEVEL_3""},{""code"":""US"",""name"":""United States"",""type"":""COUNTRY""}],""city"":""Destin"",""location"":{""latitude"":30.386204199999998,""longitude"":-86.46467439999999},""countryFullname"":""United States"",""streetAddress"":{""apt"":"""",""name"":""Airport Road"",""number"":""1255""},""formatted"":""1255 Airport Rd, Destin, FL 32541"",""country"":""US"",""postalCode"":""32541"",""subdivision"":""FL""}","(850) 654-7114","https://locations.smoothieking.com/ll/us/fl/destin/1255-airport-rd/?utm_source=google&utm_medium=organic&utm_content=SOCi","$","Smoothie King Destin offers smoothies, juices, and lighter cafe options in Destin | US 98. A convenient choice for a quick, casual meal.","Mon: 7:00 AM – 7:00 PM; Tue: 7:00 AM – 7:00 PM; Wed: 7:00 AM – 7:00 PM; Thu: 7:00 AM – 7:00 PM; Fri: 7:00 AM – 7:00 PM; Sat: 8:00 AM – 7:00 PM; Sun: 9:00 AM – 6:00 PM","/restaurants1/",,,,"[""Fast Casual""]","[""American""]","[""Breakfast"",""Lunch""]","[""Smoothies""]","ChIJty28sHhEkYgRk7mrf1mutKk","[""In Review""]","[""In Review""]","[""In Review""]","[""No""]","[""In Review""]","[""No""]","[""Coming Soon""]","https://www.facebook.com/822413454507043/",,"[""Yes""]","[""Cafe / Coffee""]","Smoothie King Destin Smoothies American Fast Casual Mid-Destin Destin | US 98","9b441c9e-bcd8-439b-9b4a-051238f6cb50",2026-05-16T20:53:08Z,2026-05-16T20:53:08Z,"de29ed44-ed1b-41d4-b93d-94f3e3c2dc4d","No",2026-05-16T20:53:08Z,
"PUBLISHED",,,"/restaurants/blue-mountain-bakery",,,,,,,,,,,"/restaurants1/",,,,,,,,,,,,,,,,,,,,,"9d38ef6e-1bca-4c92-aa62-311c18c2ff05",2026-04-19T20:00:16Z,2026-05-16T20:53:54Z,"de29ed44-ed1b-41d4-b93d-94f3e3c2dc4d",,2026-04-19T20:00:16Z,
"PUBLISHED",,,"/restaurants/salty-butcher",,,,,,,,,,,"/restaurants1/",,,,,,,,,,,,,,,,,,,,,"9d763317-6b38-43eb-9a65-e419da543ae7",2026-04-28T00:54:08Z,2026-05-16T20:53:54Z,"de29ed44-ed1b-41d4-b93d-94f3e3c2dc4d",,2026-04-28T00:48:06Z,
"PUBLISHED",,,"/restaurants/goatfeathers-seafood-restaurant",,,,,,,,,,,"/restaurants1/",,,,,,,,,,,,,,,,,,,,,"9ec676af-abdd-4d7b-bb2d-cbbb025eb36d",2026-04-19T20:00:16Z,2026-05-16T20:53:54Z,"de29ed44-ed1b-41d4-b93d-94f3e3c2dc4d",,2026-04-19T20:00:16Z,
"PUBLISHED","Slick Lips Seafood & Oyster House","slick-lips-seafood-and-oyster-house-sandestin","/restaurants/slick-lips-seafood-%26-oyster-house","Sandestin","sandestin","Baytowne Wharf | Sandestin",,"{""subdivisions"":[{""code"":""FL"",""name"":""Florida"",""type"":""ADMINISTRATIVE_AREA_LEVEL_1""},{""code"":""Walton County"",""name"":""Walton County"",""type"":""ADMINISTRATIVE_AREA_LEVEL_2""},{""code"":""Miramar Beach"",""name"":""Miramar Beach"",""type"":""ADMINISTRATIVE_AREA_LEVEL_3""},{""code"":""US"",""name"":""United States"",""type"":""COUNTRY""}],""city"":""Miramar Beach"",""location"":{""latitude"":30.389951300000003,""longitude"":-86.3255721},""countryFullname"":""United States"",""streetAddress"":{""apt"":"""",""name"":""Fisherman's Cove"",""number"":""140""},""formatted"":""140 Fisherman's Cove, Miramar Beach, FL 32550"",""country"":""US"",""postalCode"":""32550"",""subdivision"":""FL""}","(850) 347-5060","http://www.slicklipsseafood.com/","$$","Slick Lips Seafood & Oyster House is a casual bar and restaurant in Baytowne Wharf | Sandestin with seafood-focused dishes and a relaxed coastal atmosphere.","Mon: 11:00 AM – 9:00 PM; Tue: 11:00 AM – 9:00 PM; Wed: 11:00 AM – 9:00 PM; Thu: 11:00 AM – 9:00 PM; Fri: 11:00 AM – 10:00 PM; Sat: 11:00 AM – 10:00 PM; Sun: 11:00 AM – 9:00 PM","/restaurants1/",,,,"[""Casual Dining"",""Bar""]","[""Seafood"",""American""]","[""Lunch"",""Dinner""]","[""Seafood"",""Oyster Bar""]","ChIJbTeeSTtfkYgRP_R9iHEGE0g","[""Yes""]","[""In Review""]","[""In Review""]","[""Yes""]","[""In Review""]","[""In Review""]","[""Coming Soon""]",,,"[""Yes""]","[""Bar & Restaurant""]","Slick Lips Seafood & Oyster House Seafood Oyster Bar Seafood American Casual Dining Bar Sandestin Baytowne Wharf | Sandestin","9ef70118-1209-4d48-9c3c-34ea3cf5c9b8",2026-05-16T20:53:08Z,2026-05-16T20:53:08Z,"de29ed44-ed1b-41d4-b93d-94f3e3c2dc4d","Yes",2026-05-16T20:53:08Z,
"PUBLISHED","Uncle Buck's FishBowl & Grill","uncle-buck-s-fishbowl-and-grill-destin-commons","/restaurants/uncle-buck's-fishbowl-%26-grill","Destin Commons","destin-commons","Destin Commons",,"{""subdivisions"":[{""code"":""FL"",""name"":""Florida"",""type"":""ADMINISTRATIVE_AREA_LEVEL_1""},{""code"":""Okaloosa County"",""name"":""Okaloosa County"",""type"":""ADMINISTRATIVE_AREA_LEVEL_2""},{""code"":""Destin"",""name"":""Destin"",""type"":""ADMINISTRATIVE_AREA_LEVEL_3""},{""code"":""US"",""name"":""United States"",""type"":""COUNTRY""}],""city"":""Destin"",""location"":{""latitude"":30.3900199,""longitude"":-86.4256561},""countryFullname"":""United States"",""streetAddress"":{""apt"":"""",""name"":""Legendary Drive"",""number"":""4251""},""formatted"":""4251 Legendary Dr, Destin, FL 32541"",""country"":""US"",""postalCode"":""32541"",""subdivision"":""FL""}","(850) 269-6100","https://www.unclebucksfishbowlandgrill.com/","$$","Uncle Buck's FishBowl & Grill is a bar and restaurant in Destin Commons, good for drinks, casual food, and a relaxed meal with friends.","Mon: 11:00 AM – 9:00 PM; Tue: 11:00 AM – 9:00 PM; Wed: 11:00 AM – 9:00 PM; Thu: 11:00 AM – 9:00 PM; Fri: 10:00 AM – 10:00 PM; Sat: 10:00 AM – 10:00 PM; Sun: 10:00 AM – 8:00 PM","/restaurants1/",,,,"[""Casual Dining"",""Bar""]","[""American""]","[""Lunch"",""Dinner""]","[""Burgers"",""Grill""]","ChIJCS__4FZDkYgRQyg0dVWfCJ8","[""In Review""]","[""In Review""]","[""In Review""]","[""No""]","[""In Review""]","[""No""]","[""Coming Soon""]",,,"[""Yes""]","[""Bar & Restaurant""]","Uncle Buck's FishBowl & Grill Burgers Grill American Casual Dining Bar Destin Commons Destin Commons","9f55f4c3-0c4f-41a9-902c-82e762954de3",2026-05-16T20:53:08Z,2026-05-16T20:53:08Z,"de29ed44-ed1b-41d4-b93d-94f3e3c2dc4d","No",2026-05-16T20:53:08Z,
"PUBLISHED","El Jalisco Destin Commons","el-jalisco-destin-commons-destin-commons","/restaurants/el-jalisco-destin-commons","Destin Commons","destin-commons","Destin Commons",,"{""subdivisions"":[{""code"":""FL"",""name"":""Florida"",""type"":""ADMINISTRATIVE_AREA_LEVEL_1""},{""code"":""Okaloosa County"",""name"":""Okaloosa County"",""type"":""ADMINISTRATIVE_AREA_LEVEL_2""},{""code"":""Destin"",""name"":""Destin"",""type"":""ADMINISTRATIVE_AREA_LEVEL_3""},{""code"":""US"",""name"":""United States"",""type"":""COUNTRY""}],""city"":""Destin"",""location"":{""latitude"":30.390943699999998,""longitude"":-86.4225252},""countryFullname"":""United States"",""streetAddress"":{""apt"":""C110"",""name"":""Legendary Drive"",""number"":""4304""},""formatted"":""4304 Legendary Dr C110, Destin, FL 32541"",""country"":""US"",""postalCode"":""32541"",""subdivision"":""FL""}","(850) 460-8355","https://www.eljalisco.com/locations/destin/","$$","El Jalisco Destin Commons serves Mexican-inspired food in Destin Commons, with tacos and casual lunch or dinner options.","Mon: 11:00 AM – 9:30 PM; Tue: 11:00 AM – 9:30 PM; Wed: 11:00 AM – 9:30 PM; Thu: 11:00 AM – 9:30 PM; Fri: 11:00 AM – 10:30 PM; Sat: 11:00 AM – 10:30 PM; Sun: 11:00 AM – 9:00 PM","/restaurants1/",,,,"[""Casual Dining""]","[""Mexican""]","[""Lunch"",""Dinner""]","[""Tacos""]","ChIJh4LD11BDkYgRtJCLI-Fi4aI","[""Yes""]","[""In Review""]","[""In Review""]","[""Yes""]","[""In Review""]","[""No""]","[""Coming Soon""]","https://www.facebook.com/eljaliscodestin/","https://www.instagram.com/eljaliscodestin/","[""Yes""]","[""Restaurant""]","El Jalisco Destin Commons Tacos Mexican Casual Dining Destin Commons Destin Commons","9f7d6394-2479-4816-ab2a-029b3e4f5109",2026-05-16T20:53:08Z,2026-05-16T20:53:08Z,"de29ed44-ed1b-41d4-b93d-94f3e3c2dc4d","No",2026-05-16T20:53:08Z,
"PUBLISHED",,,"/restaurants/great-southern-cafe",,,,,,,,,,,"/restaurants1/",,,,,,,,,,,,,,,,,,,,,"9fe492ac-097d-4efb-81e1-71597fa4f9c9",2026-04-19T20:00:16Z,2026-05-16T20:53:54Z,"de29ed44-ed1b-41d4-b93d-94f3e3c2dc4d",,2026-04-19T20:00:16Z,
"PUBLISHED","Shades Bar & Grill","shades-bar-and-grill-grand-boulevard","/restaurants/shades-bar-%26-grill","Grand Boulevard","grand-boulevard","Grand Boulevard | Sandestin",,"{""subdivisions"":[{""code"":""FL"",""name"":""Florida"",""type"":""ADMINISTRATIVE_AREA_LEVEL_1""},{""code"":""Walton County"",""name"":""Walton County"",""type"":""ADMINISTRATIVE_AREA_LEVEL_2""},{""code"":""US"",""name"":""United States"",""type"":""COUNTRY""}],""city"":"""",""location"":{""latitude"":30.2785884,""longitude"":-86.0093933},""countryFullname"":""United States"",""streetAddress"":{""apt"":"""",""name"":""East County Highway 30A"",""number"":""10952""},""formatted"":""10952 E County Hwy 30A, Inlet Beach, FL 32413"",""country"":""US"",""postalCode"":""32413"",""subdivision"":""FL""}","(850) 231-9410","https://shades30a.com/","$$","Shades Bar & Grill is a bar and restaurant in Grand Boulevard | Sandestin, good for drinks, casual food, and a relaxed meal with friends.","Mon: 11:00 AM – 1:00 AM; Tue: 11:00 AM – 1:00 AM; Wed: 11:00 AM – 1:00 AM; Thu: 11:00 AM – 1:00 AM; Fri: 11:00 AM – 1:00 AM; Sat: 11:00 AM – 1:00 AM; Sun: 11:00 AM – 1:00 AM","/restaurants1/",,,,"[""Casual Dining"",""Bar""]","[""American""]","[""Lunch"",""Dinner""]","[""Burgers"",""Grill""]","ChIJP1dcdAHyk4gRUsu6TbNpmtg","[""Yes""]","[""In Review""]","[""In Review""]","[""In Review""]","[""In Review""]","[""No""]","[""Coming Soon""]","http://www.facebook.com/2008/fbml/","https://www.instagram.com/shades30a/","[""Yes""]","[""Bar & Restaurant""]","Shades Bar & Grill Burgers Grill American Casual Dining Bar Grand Boulevard Grand Boulevard | Sandestin","a0c4426d-01f0-4ea2-a374-eb083ece7d9d",2026-05-16T20:53:08Z,2026-05-16T20:53:08Z,"de29ed44-ed1b-41d4-b93d-94f3e3c2dc4d","No",2026-05-16T20:53:08Z,
"PUBLISHED","Boardwalk Fry Co.","boardwalk-fry-co-destin-harbor","/restaurants/boardwalk-fry-co.","Destin Harbor","destin-harbor","HarborWalk Village | Destin",,"{""subdivisions"":[{""code"":""FL"",""name"":""Florida"",""type"":""ADMINISTRATIVE_AREA_LEVEL_1""},{""code"":""Okaloosa County"",""name"":""Okaloosa County"",""type"":""ADMINISTRATIVE_AREA_LEVEL_2""},{""code"":""Destin"",""name"":""Destin"",""type"":""ADMINISTRATIVE_AREA_LEVEL_3""},{""code"":""US"",""name"":""United States"",""type"":""COUNTRY""}],""city"":""Destin"",""location"":{""latitude"":30.394059400000003,""longitude"":-86.5121123},""countryFullname"":""United States"",""streetAddress"":{""apt"":"""",""name"":""Harbor Boulevard"",""number"":""34""},""formatted"":""34 Harbor Blvd, Destin, FL 32541"",""country"":""US"",""postalCode"":""32541"",""subdivision"":""FL""}","(888) 965-7092","http://harborwalkvillage.com/?y_source=1_MjAwMjI0NDQ4NS03MTUtbG9jYXRpb24ud2Vic2l0ZQ%3D%3D","$","Boardwalk Fry Co. is a fast-casual restaurant in HarborWalk Village | Destin, convenient for a quick lunch, dinner, or takeout. Google matched this row to HarborWalk Village rather than a distinct restaurant listing. Verify before publishing.",,"/restaurants1/",,,,"[""Fast Casual""]","[""American""]","[""Lunch"",""Dinner""]","[""Grill"",""Dessert"",""Market""]","ChIJqQ1Avv5DkYgR19YWeQV8UiQ","[""In Review""]","[""In Review""]","[""In Review""]","[""Yes""]","[""In Review""]","[""No""]","[""Coming Soon""]","https://www.facebook.com/TheEG.Destin/","https://www.instagram.com/emerald_grande/","[""Yes""]","[""Restaurant""]","Boardwalk Fry Co. Grill Dessert Market American Fast Casual Destin Harbor HarborWalk Village | Destin","a14617ee-1736-4332-aef9-58e69e4239f8",2026-05-16T20:53:08Z,2026-05-16T20:53:08Z,"de29ed44-ed1b-41d4-b93d-94f3e3c2dc4d","Yes",2026-05-16T20:53:08Z,
"PUBLISHED","Black Bear Bread Co.","black-bear-bread-co-grand-boulevard","/restaurants/black-bear-bread-co.","Grand Boulevard","grand-boulevard","Grand Boulevard | Sandestin",,"{""subdivisions"":[{""code"":""FL"",""name"":""Florida"",""type"":""ADMINISTRATIVE_AREA_LEVEL_1""},{""code"":""Walton County"",""name"":""Walton County"",""type"":""ADMINISTRATIVE_AREA_LEVEL_2""},{""code"":""Miramar Beach"",""name"":""Miramar Beach"",""type"":""ADMINISTRATIVE_AREA_LEVEL_3""},{""code"":""US"",""name"":""United States"",""type"":""COUNTRY""}],""city"":""Miramar Beach"",""location"":{""latitude"":30.379976,""longitude"":-86.3179627},""countryFullname"":""United States"",""streetAddress"":{""apt"":""Suite 100"",""name"":""Grand Boulevard"",""number"":""325""},""formatted"":""325 Grand Blvd Suite 100, Miramar Beach, FL 32550"",""country"":""US"",""postalCode"":""32550"",""subdivision"":""FL""}","(850) 706-1300","http://www.blackbearbreadco.com/","$$","Black Bear Bread Co. is a bakery and coffee stop in Grand Boulevard | Sandestin, good for breakfast, pastries, and a casual daytime bite. Google currently lists this business as permanently closed; verify before publishing.",,"/restaurants1/",,,,"[""Casual Dining""]","[""American""]","[""Breakfast"",""Lunch""]","[""Bakery"",""Coffee"",""Cafe""]","ChIJq-CaG_FZkYgRd3bTLLGJV3E","[""No""]","[""No""]","[""In Review""]","[""Yes""]","[""In Review""]","[""No""]","[""Coming Soon""]","https://www.facebook.com/blackbearbreadco/","https://www.instagram.com/blackbearbreadco/","[""Yes""]","[""Cafe / Coffee""]","Black Bear Bread Co. Bakery Coffee Cafe American Casual Dining Grand Boulevard Grand Boulevard | Sandestin","a14bad85-027d-46f5-9fec-bdbe592984a1",2026-05-16T20:53:08Z,2026-05-16T20:53:08Z,"de29ed44-ed1b-41d4-b93d-94f3e3c2dc4d","No",2026-05-16T20:53:08Z,
"PUBLISHED","Cantina Laredo","cantina-laredo-grand-boulevard","/restaurants/cantina-laredo","Grand Boulevard","grand-boulevard","Grand Boulevard | Sandestin",,"{""subdivisions"":[{""code"":""FL"",""name"":""Florida"",""type"":""ADMINISTRATIVE_AREA_LEVEL_1""},{""code"":""Walton County"",""name"":""Walton County"",""type"":""ADMINISTRATIVE_AREA_LEVEL_2""},{""code"":""Miramar Beach"",""name"":""Miramar Beach"",""type"":""ADMINISTRATIVE_AREA_LEVEL_3""},{""code"":""US"",""name"":""United States"",""type"":""COUNTRY""}],""city"":""Miramar Beach"",""location"":{""latitude"":30.379040999999997,""longitude"":-86.31307269999999},""countryFullname"":""United States"",""streetAddress"":{""apt"":""N-106"",""name"":""Grand Boulevard"",""number"":""585""},""formatted"":""585 Grand Blvd N-106, Miramar Beach, FL 32550"",""country"":""US"",""postalCode"":""32550"",""subdivision"":""FL""}","(850) 654-5649","https://www.cantinalaredo.com/location/sandestin-florida/","$$","Cantina Laredo serves Mexican-inspired food in Grand Boulevard | Sandestin, with tacos and casual lunch or dinner options.","Mon: 11:00 AM – 9:00 PM; Tue: 11:00 AM – 9:00 PM; Wed: 11:00 AM – 9:00 PM; Thu: 11:00 AM – 9:00 PM; Fri: 11:00 AM – 10:00 PM; Sat: 11:00 AM – 10:00 PM; Sun: 11:00 AM – 9:00 PM","/restaurants1/",,,,"[""Casual Dining""]","[""Mexican""]","[""Lunch"",""Dinner""]","[""Tacos""]","ChIJi_pUPTRZkYgRNspgW69TUcg","[""Yes""]","[""Yes""]","[""In Review""]","[""Yes""]","[""In Review""]","[""Yes""]","[""Coming Soon""]","https://www.facebook.com/cantinalaredosandestin/","https://www.instagram.com/cantinalaredo/","[""Yes""]","[""Restaurant""]","Cantina Laredo Tacos Mexican Casual Dining Grand Boulevard Grand Boulevard | Sandestin","a241497c-eda2-4d7e-8105-10e0500c910f",2026-05-16T20:53:08Z,2026-05-16T20:53:08Z,"de29ed44-ed1b-41d4-b93d-94f3e3c2dc4d","No",2026-05-16T20:53:08Z,
"PUBLISHED",,,"/restaurants/goatfeathers-seafood-market-(east-location)",,,,,,,,,,,"/restaurants1/",,,,,,,,,,,,,,,,,,,,,"a25e949b-2555-443f-91b0-c05a0df59485",2026-04-19T20:00:16Z,2026-05-16T20:53:54Z,"de29ed44-ed1b-41d4-b93d-94f3e3c2dc4d",,2026-04-19T20:00:16Z,
"PUBLISHED","Pompano Joe's","pompano-joe-s-miramar-beach","/restaurants/pompano-joe's","Miramar Beach","miramar-beach","Miramar Beach | Scenic Gulf Drive",,"{""subdivisions"":[{""code"":""FL"",""name"":""Florida"",""type"":""ADMINISTRATIVE_AREA_LEVEL_1""},{""code"":""Walton County"",""name"":""Walton County"",""type"":""ADMINISTRATIVE_AREA_LEVEL_2""},{""code"":""Destin"",""name"":""Destin"",""type"":""ADMINISTRATIVE_AREA_LEVEL_3""},{""code"":""US"",""name"":""United States"",""type"":""COUNTRY""}],""city"":""Destin"",""location"":{""latitude"":30.377872199999995,""longitude"":-86.38517859999999},""countryFullname"":""United States"",""streetAddress"":{""apt"":"""",""name"":""Highway 2378"",""number"":""2237""},""formatted"":""2237 Hwy 2378, Destin, FL 32550"",""country"":""US"",""postalCode"":""32550"",""subdivision"":""FL""}","(850) 837-2224","http://www.pompano-joes.com/","$$","Pompano Joe's is a casual bar and restaurant in Miramar Beach | Scenic Gulf Drive with seafood-focused dishes and a relaxed coastal atmosphere.","Mon: 11:00 AM – 9:00 PM; Tue: 11:00 AM – 9:00 PM; Wed: 11:00 AM – 9:00 PM; Thu: 11:00 AM – 9:00 PM; Fri: 11:00 AM – 9:00 PM; Sat: 11:00 AM – 9:00 PM; Sun: 11:00 AM – 9:00 PM","/restaurants1/",,,,"[""Casual Dining"",""Bar""]","[""Seafood"",""American""]","[""Lunch"",""Dinner""]","[""Seafood""]","ChIJGQGEDINbkYgRKp4pQU9wYIA","[""Yes""]","[""In Review""]","[""In Review""]","[""Yes""]","[""In Review""]","[""No""]","[""Coming Soon""]","http://www.facebook.com/2008/fbml/",,"[""Yes""]","[""Bar & Restaurant""]","Pompano Joe's Seafood Seafood American Casual Dining Bar Miramar Beach Miramar Beach | Scenic Gulf Drive","a48be6b0-6236-42b3-8681-f721f2d727f0",2026-05-16T20:53:08Z,2026-05-16T20:53:08Z,"de29ed44-ed1b-41d4-b93d-94f3e3c2dc4d","Yes",2026-05-16T20:53:08Z,
"PUBLISHED",,,"/restaurants/modica-market",,,,,,,,,,,"/restaurants1/",,,,,,,,,,,,,,,,,,,,,"a4e884fd-873b-4180-93eb-c1dab4bada23",2026-04-19T20:00:16Z,2026-05-16T20:53:54Z,"de29ed44-ed1b-41d4-b93d-94f3e3c2dc4d",,2026-04-19T20:00:16Z,
"PUBLISHED","Cafe Cafe","cafe-cafe-destin-harbor","/restaurants/cafe-cafe","Destin Harbor","destin-harbor","HarborWalk Village | Destin",,"{""subdivisions"":[{""code"":""FL"",""name"":""Florida"",""type"":""ADMINISTRATIVE_AREA_LEVEL_1""},{""code"":""Okaloosa County"",""name"":""Okaloosa County"",""type"":""ADMINISTRATIVE_AREA_LEVEL_2""},{""code"":""Destin"",""name"":""Destin"",""type"":""ADMINISTRATIVE_AREA_LEVEL_3""},{""code"":""US"",""name"":""United States"",""type"":""COUNTRY""}],""city"":""Destin"",""location"":{""latitude"":30.3888748,""longitude"":-86.4767418},""countryFullname"":""United States"",""streetAddress"":{""apt"":""E"",""name"":""U.S. 98"",""number"":""985""},""formatted"":""985 US-98 E, Destin, FL 32541"",""country"":""US"",""postalCode"":""32541"",""subdivision"":""FL""}","(850) 424-6777","http://www.cafedestin.com/","$","Cafe Cafe is a casual cafe in HarborWalk Village | Destin, useful for coffee, breakfast, or a quick daytime stop.","Mon: 7:00 AM – 2:00 PM; Tue: 7:00 AM – 2:00 PM; Wed: 7:00 AM – 2:00 PM; Thu: 7:00 AM – 2:00 PM; Fri: 7:00 AM – 2:00 PM; Sat: 7:00 AM – 2:00 PM; Sun: 7:00 AM – 2:00 PM","/restaurants1/",,,,"[""Fast Casual""]","[""American""]","[""Breakfast"",""Lunch""]","[""Coffee"",""Breakfast Spot""]","ChIJm2X0V0FDkYgR089h4atdFq8","[""In Review""]","[""In Review""]","[""In Review""]","[""In Review""]","[""In Review""]","[""No""]","[""Coming Soon""]","https://www.facebook.com/cafedestin/",,"[""Yes""]","[""Cafe / Coffee""]","Cafe Cafe Coffee Breakfast Spot American Fast Casual Destin Harbor HarborWalk Village | Destin","a8531b70-d278-4291-9399-2144524f9517",2026-05-16T20:53:08Z,2026-05-16T20:53:08Z,"de29ed44-ed1b-41d4-b93d-94f3e3c2dc4d","Yes",2026-05-16T20:53:08Z,
"PUBLISHED",,,"/restaurants/lola-coastal-italian",,,,,,,,,,,"/restaurants1/",,,,,,,,,,,,,,,,,,,,,"a8ac09b7-86ad-4605-b07f-9f0dcd1da4e5",2026-04-19T20:00:16Z,2026-05-16T20:53:54Z,"de29ed44-ed1b-41d4-b93d-94f3e3c2dc4d",,2026-04-19T20:00:16Z,
"PUBLISHED","Marco's Pizza Miramar Beach","marco-s-pizza-miramar-beach-miramar-beach","/restaurants/marco's-pizza-miramar-beach","Miramar Beach","miramar-beach","Miramar Beach | Silver Sands",,"{""subdivisions"":[{""code"":""FL"",""name"":""Florida"",""type"":""ADMINISTRATIVE_AREA_LEVEL_1""},{""code"":""Walton County"",""name"":""Walton County"",""type"":""ADMINISTRATIVE_AREA_LEVEL_2""},{""code"":""Destin"",""name"":""Destin"",""type"":""ADMINISTRATIVE_AREA_LEVEL_3""},{""code"":""US"",""name"":""United States"",""type"":""COUNTRY""}],""city"":""Destin"",""location"":{""latitude"":30.377720299999996,""longitude"":-86.351874},""countryFullname"":""United States"",""streetAddress"":{""apt"":""Ste 2"",""name"":""Poinciana Boulevard"",""number"":""19""},""formatted"":""19 Poinciana Blvd Ste 2, Destin, FL 32550"",""country"":""US"",""postalCode"":""32550"",""subdivision"":""FL""}","(850) 460-2999","https://www.marcos.com/our-locations/restaurants/FL/Miramar-Beach/marcos-pizza-poinciana-blvd-miramar-beach-1","$","Marco's Pizza Miramar Beach is a quick pizza option in Miramar Beach | Silver Sands, convenient for casual meals, takeout, or family dining.","Mon: 11:00 AM – 11:00 PM; Tue: 11:00 AM – 11:00 PM; Wed: 11:00 AM – 11:00 PM; Thu: 11:00 AM – 11:00 PM; Fri: 11:00 AM – 11:00 PM; Sat: 11:00 AM – 11:00 PM; Sun: 11:00 AM – 11:00 PM","/restaurants1/",,,,"[""Fast Casual""]","[""Italian""]","[""Lunch"",""Dinner""]","[""Pizza""]","ChIJMYooxfNbkYgRGviehheNYdg","[""In Review""]","[""In Review""]","[""In Review""]","[""In Review""]","[""In Review""]","[""No""]","[""Coming Soon""]","https://www.facebook.com/MarcosPizza/","https://www.instagram.com/marcospizza/","[""Yes""]","[""Restaurant""]","Marco's Pizza Miramar Beach Pizza Italian Fast Casual Miramar Beach Miramar Beach | Silver Sands","a9068f94-1d66-42b6-912b-6d4115d61551",2026-05-16T20:53:08Z,2026-05-16T20:53:08Z,"de29ed44-ed1b-41d4-b93d-94f3e3c2dc4d","No",2026-05-16T20:53:08Z,
"PUBLISHED","Outcast Seafood","outcast-seafood-miramar-beach","/restaurants/outcast-seafood","Miramar Beach","miramar-beach","Miramar Beach | US 98",,"{""subdivisions"":[{""code"":""FL"",""name"":""Florida"",""type"":""ADMINISTRATIVE_AREA_LEVEL_1""},{""code"":""Walton County"",""name"":""Walton County"",""type"":""ADMINISTRATIVE_AREA_LEVEL_2""},{""code"":""Miramar Beach"",""name"":""Miramar Beach"",""type"":""ADMINISTRATIVE_AREA_LEVEL_3""},{""code"":""US"",""name"":""United States"",""type"":""COUNTRY""}],""city"":""Miramar Beach"",""location"":{""latitude"":30.3798085,""longitude"":-86.3557936},""countryFullname"":""United States"",""streetAddress"":{""apt"":""Suite 203/204"",""name"":""Emerald Coast Parkway West"",""number"":""10859""},""formatted"":""10859 Emerald Coast Pkwy W Suite 203/204, Miramar Beach, FL 32550"",""country"":""US"",""postalCode"":""32550"",""subdivision"":""FL""}","(850) 719-4212","https://www.outcastseafood.com/","$$","Outcast Seafood is a casual bar and restaurant in Miramar Beach | US 98 with seafood-focused dishes and a relaxed coastal atmosphere.","Mon: 11:00 AM – 9:00 PM; Tue: 11:00 AM – 9:00 PM; Wed: 11:00 AM – 9:00 PM; Thu: 11:00 AM – 9:00 PM; Fri: 11:00 AM – 10:00 PM; Sat: 11:00 AM – 10:00 PM; Sun: 11:00 AM – 9:00 PM","/restaurants1/",,,,"[""Casual Dining"",""Bar""]","[""Seafood"",""American""]","[""Lunch"",""Dinner""]","[""Seafood"",""Grill""]","ChIJ0yxqcY1bkYgRT8fk-kb7Tac","[""Yes""]","[""In Review""]","[""In Review""]","[""In Review""]","[""In Review""]","[""In Review""]","[""Coming Soon""]",,,"[""Yes""]","[""Bar & Restaurant""]","Outcast Seafood Seafood Grill Seafood American Casual Dining Bar Miramar Beach Miramar Beach | US 98","a965fd59-e9c1-4bb7-80fd-38610971bf43",2026-05-16T20:53:08Z,2026-05-16T20:53:08Z,"de29ed44-ed1b-41d4-b93d-94f3e3c2dc4d","No",2026-05-16T20:53:08Z,
"PUBLISHED","Barefoot's Beachside Bar & Grill","barefoot-s-beachside-bar-and-grill-sandestin","/restaurants/barefoot's-beachside-bar-%26-grill","Sandestin","sandestin","Sandestin | Hilton Sandestin",,"{""subdivisions"":[{""code"":""FL"",""name"":""Florida"",""type"":""ADMINISTRATIVE_AREA_LEVEL_1""},{""code"":""Walton County"",""name"":""Walton County"",""type"":""ADMINISTRATIVE_AREA_LEVEL_2""},{""code"":""Miramar Beach"",""name"":""Miramar Beach"",""type"":""ADMINISTRATIVE_AREA_LEVEL_3""},{""code"":""US"",""name"":""United States"",""type"":""COUNTRY""}],""city"":""Miramar Beach"",""location"":{""latitude"":30.3696045,""longitude"":-86.32789939999999},""countryFullname"":""United States"",""streetAddress"":{""apt"":"""",""name"":""South Sandestin Boulevard"",""number"":""4000""},""formatted"":""4000 S Sandestin Blvd, Miramar Beach, FL 32550"",""country"":""US"",""postalCode"":""32550"",""subdivision"":""FL""}","(850) 267-9500","https://hiltonsandestinbeach.com/destin-dining-barefoots?utm_source=google&utm_medium=listing&utm_campaign=hilton+sandestin+beach+golf+resort+and+spa+barefoots+bar+and+grille","$$","Barefoot's Beachside Bar & Grill is a casual bar and restaurant in Sandestin | Hilton Sandestin with seafood-focused dishes and a relaxed coastal atmosphere.","Mon: 11:00 AM – 6:00 PM; Tue: 11:00 AM – 6:00 PM; Wed: 11:00 AM – 6:00 PM; Thu: 11:00 AM – 6:00 PM; Fri: 11:00 AM – 6:00 PM; Sat: 11:00 AM – 6:00 PM; Sun: 11:00 AM – 6:00 PM","/restaurants1/",,,,"[""Casual Dining"",""Bar""]","[""American"",""Seafood""]","[""Lunch"",""Dinner""]","[""Seafood"",""Sandwiches""]","ChIJXYu-LkVZkYgRvsqNpmchzVk","[""Yes""]","[""In Review""]","[""In Review""]","[""Yes""]","[""In Review""]","[""No""]","[""Coming Soon""]",,,"[""Yes""]","[""Bar & Restaurant""]","Barefoot's Beachside Bar & Grill Seafood Sandwiches American Seafood Casual Dining Bar Sandestin Sandestin | Hilton Sandestin","aa358c62-d64a-48b1-897b-42364fdc0c88",2026-05-16T20:53:08Z,2026-05-16T20:53:08Z,"de29ed44-ed1b-41d4-b93d-94f3e3c2dc4d","Yes",2026-05-16T20:53:08Z,
"PUBLISHED","Pepito's Mexican Restaurant","pepito-s-mexican-restaurant-mid-destin","/restaurants/pepito's-mexican-restaurant","Mid-Destin","mid-destin","Destin | US 98",,"{""subdivisions"":[{""code"":""FL"",""name"":""Florida"",""type"":""ADMINISTRATIVE_AREA_LEVEL_1""},{""code"":""Okaloosa County"",""name"":""Okaloosa County"",""type"":""ADMINISTRATIVE_AREA_LEVEL_2""},{""code"":""Destin"",""name"":""Destin"",""type"":""ADMINISTRATIVE_AREA_LEVEL_3""},{""code"":""US"",""name"":""United States"",""type"":""COUNTRY""}],""city"":""Destin"",""location"":{""latitude"":30.387097699999998,""longitude"":-86.4089621},""countryFullname"":""United States"",""streetAddress"":{""apt"":"""",""name"":""Emerald Coast Parkway"",""number"":""36112""},""formatted"":""36112 Emerald Coast Pkwy, Destin, FL 32541"",""country"":""US"",""postalCode"":""32541"",""subdivision"":""FL""}","(850) 269-7788","https://mypepitos.com/destin-best-mexican-restaurant-margaritas/","$$","Pepito's Mexican Restaurant serves Mexican-inspired food in Destin | US 98, with tacos and casual lunch or dinner options.","Mon: 11:00 AM – 10:00 PM; Tue: 11:00 AM – 10:00 PM; Wed: 11:00 AM – 10:00 PM; Thu: 11:00 AM – 10:00 PM; Fri: 11:00 AM – 10:30 PM; Sat: 11:00 AM – 10:30 PM; Sun: 11:00 AM – 10:00 PM","/restaurants1/",,,,"[""Casual Dining""]","[""Mexican""]","[""Lunch"",""Dinner""]","[""Tacos""]","ChIJD44IDn1bkYgR3-uVcfYJXgs","[""Yes""]","[""In Review""]","[""In Review""]","[""In Review""]","[""In Review""]","[""No""]","[""Coming Soon""]",,,"[""Yes""]","[""Restaurant""]","Pepito's Mexican Restaurant Tacos Mexican Casual Dining Mid-Destin Destin | US 98","aab8cc21-ebfd-44b0-88b4-df58f4c3e521",2026-05-16T20:53:08Z,2026-05-16T20:53:08Z,"de29ed44-ed1b-41d4-b93d-94f3e3c2dc4d","No",2026-05-16T20:53:08Z,
"PUBLISHED","Hadashi Sushi Bar","hadashi-sushi-bar-sandestin","/restaurants/hadashi-sushi-bar","Sandestin","sandestin","Sandestin | Hilton Sandestin",,"{""subdivisions"":[{""code"":""FL"",""name"":""Florida"",""type"":""ADMINISTRATIVE_AREA_LEVEL_1""},{""code"":""Walton County"",""name"":""Walton County"",""type"":""ADMINISTRATIVE_AREA_LEVEL_2""},{""code"":""Miramar Beach"",""name"":""Miramar Beach"",""type"":""ADMINISTRATIVE_AREA_LEVEL_3""},{""code"":""US"",""name"":""United States"",""type"":""COUNTRY""}],""city"":""Miramar Beach"",""location"":{""latitude"":30.3699301,""longitude"":-86.3274672},""countryFullname"":""United States"",""streetAddress"":{""apt"":"""",""name"":""South Sandestin Boulevard"",""number"":""4000""},""formatted"":""4000 S Sandestin Blvd, Miramar Beach, FL 32550"",""country"":""US"",""postalCode"":""32550"",""subdivision"":""FL""}","(850) 267-9500","https://hiltonsandestinbeach.com/destin-restaurants-hadashi-sushi?utm_source=google&utm_medium=listing&utm_campaign=hilton+sandestin+beach+golf+resort+and+spa+hadashi","$$","Hadashi Sushi Bar serves sushi and Japanese-inspired dishes in Sandestin | Hilton Sandestin, good for lunch, dinner, or a casual night out.","Mon: 4:00 – 10:00 PM; Tue: 4:00 – 10:00 PM; Wed: 4:00 – 10:00 PM; Thu: 4:00 – 10:00 PM; Fri: 4:00 – 10:00 PM; Sat: 4:00 – 10:00 PM; Sun: 4:00 – 10:00 PM","/restaurants1/",,,,"[""Casual Dining""]","[""Japanese"",""Sushi""]","[""Lunch"",""Dinner""]","[""Sushi""]","ChIJa4GTs1pZkYgRAh7ApsuePOQ","[""In Review""]","[""In Review""]","[""In Review""]","[""No""]","[""In Review""]","[""Yes""]","[""Coming Soon""]",,,"[""Yes""]","[""Restaurant""]","Hadashi Sushi Bar Sushi Japanese Sushi Casual Dining Sandestin Sandestin | Hilton Sandestin","aabf2b97-56d8-4617-97aa-9acb1429f516",2026-05-16T20:53:08Z,2026-05-16T20:53:08Z,"de29ed44-ed1b-41d4-b93d-94f3e3c2dc4d","Yes",2026-05-16T20:53:08Z,
"PUBLISHED",,,"/restaurants/shaka-sushi-and-noodle-bar",,,,,,,,,,,"/restaurants1/",,,,,,,,,,,,,,,,,,,,,"ab5b3f81-05de-4330-b507-1b086d8afe71",2026-04-19T20:00:16Z,2026-05-16T20:53:54Z,"de29ed44-ed1b-41d4-b93d-94f3e3c2dc4d",,2026-04-19T20:00:16Z,
"PUBLISHED","Paris Banh Mi Miramar Beach","paris-banh-mi-miramar-beach-miramar-beach","/restaurants/paris-banh-mi-miramar-beach","Miramar Beach","miramar-beach","Miramar Beach | Silver Sands",,"{""subdivisions"":[{""code"":""FL"",""name"":""Florida"",""type"":""ADMINISTRATIVE_AREA_LEVEL_1""},{""code"":""Walton County"",""name"":""Walton County"",""type"":""ADMINISTRATIVE_AREA_LEVEL_2""},{""code"":""Miramar Beach"",""name"":""Miramar Beach"",""type"":""ADMINISTRATIVE_AREA_LEVEL_3""},{""code"":""US"",""name"":""United States"",""type"":""COUNTRY""}],""city"":""Miramar Beach"",""location"":{""latitude"":30.3799663,""longitude"":-86.3525916},""countryFullname"":""United States"",""streetAddress"":{""apt"":""Suite 146"",""name"":""Emerald Coast Parkway West"",""number"":""10676""},""formatted"":""10676 Emerald Coast Pkwy W Suite 146, Miramar Beach, FL 32550"",""country"":""US"",""postalCode"":""32550"",""subdivision"":""FL""}","(850) 866-5270","http://destinbanhmi.hrpos.heartland.us/","$","Paris Banh Mi Miramar Beach is a bakery and coffee stop in Miramar Beach | Silver Sands, good for breakfast, pastries, and a casual daytime bite.","Mon: 11:00 AM – 7:00 PM; Tue: 11:00 AM – 7:00 PM; Wed: 11:00 AM – 7:00 PM; Thu: 11:00 AM – 7:00 PM; Fri: 11:00 AM – 7:00 PM; Sat: 11:00 AM – 7:00 PM; Sun: 11:00 AM – 6:00 PM","/restaurants1/",,,,"[""Fast Casual""]","[""Asian"",""French""]","[""Breakfast"",""Lunch"",""Dinner""]","[""Sandwiches"",""Smoothies"",""Bakery""]","ChIJb8LNZjBbkYgRTGekbtZSITg","[""In Review""]","[""In Review""]","[""In Review""]","[""In Review""]","[""In Review""]","[""No""]","[""Coming Soon""]",,,"[""Yes""]","[""Cafe / Coffee""]","Paris Banh Mi Miramar Beach Sandwiches Smoothies Bakery Asian French Fast Casual Miramar Beach Miramar Beach | Silver Sands","ab97a386-91de-4aad-9dae-af00f1720034",2026-05-16T20:53:08Z,2026-05-16T20:53:08Z,"de29ed44-ed1b-41d4-b93d-94f3e3c2dc4d","No",2026-05-16T20:53:08Z,
"PUBLISHED","On the Rocks","on-the-rocks-destin-harbor","/restaurants/on-the-rocks","Destin Harbor","destin-harbor","HarborWalk Village | Destin",,"{""subdivisions"":[{""code"":""FL"",""name"":""Florida"",""type"":""ADMINISTRATIVE_AREA_LEVEL_1""},{""code"":""Okaloosa County"",""name"":""Okaloosa County"",""type"":""ADMINISTRATIVE_AREA_LEVEL_2""},{""code"":""Destin"",""name"":""Destin"",""type"":""ADMINISTRATIVE_AREA_LEVEL_3""},{""code"":""US"",""name"":""United States"",""type"":""COUNTRY""}],""city"":""Destin"",""location"":{""latitude"":30.394059400000003,""longitude"":-86.5121123},""countryFullname"":""United States"",""streetAddress"":{""apt"":"""",""name"":""Harbor Boulevard"",""number"":""34""},""formatted"":""34 Harbor Blvd, Destin, FL 32541"",""country"":""US"",""postalCode"":""32541"",""subdivision"":""FL""}","(888) 965-7092","http://harborwalkvillage.com/?y_source=1_MjAwMjI0NDQ4NS03MTUtbG9jYXRpb24ud2Vic2l0ZQ%3D%3D","$$","On the Rocks is an upscale restaurant and bar in HarborWalk Village | Destin, offering a more refined option for lunch, dinner, or drinks. Google matched this row to HarborWalk Village rather than a distinct restaurant listing. Verify before publishing.",,"/restaurants1/",,,,"[""Bar"",""Upscale""]","[""American""]","[""Dinner""]","[""Tapas""]","ChIJqQ1Avv5DkYgR19YWeQV8UiQ","[""Yes""]","[""In Review""]","[""In Review""]","[""No""]","[""In Review""]","[""In Review""]","[""Coming Soon""]","https://www.facebook.com/TheEG.Destin/","https://www.instagram.com/emerald_grande/","[""No""]","[""Bar & Restaurant""]","On the Rocks Tapas American Bar Upscale Destin Harbor HarborWalk Village | Destin","acad0b29-a21a-4257-9b41-389092b936bc",2026-05-16T20:53:08Z,2026-05-16T20:53:08Z,"de29ed44-ed1b-41d4-b93d-94f3e3c2dc4d","Yes",2026-05-16T20:53:08Z,
"PUBLISHED",,,"/restaurants/basmatis-asian-cuisine",,,,,,,,,,,"/restaurants1/",,,,,,,,,,,,,,,,,,,,,"acf99f28-bcab-4a89-82e3-f142cb9e1262",2026-04-19T20:00:16Z,2026-05-16T20:53:54Z,"de29ed44-ed1b-41d4-b93d-94f3e3c2dc4d",,2026-04-19T20:00:16Z,
"PUBLISHED",,,"/restaurants/village-market-cafe-bar",,,,,,,,,,,"/restaurants1/",,,,,,,,,,,,,,,,,,,,,"afb41ad8-9285-4690-8d67-9b40948c873c",2026-04-19T20:00:16Z,2026-05-16T20:53:54Z,"de29ed44-ed1b-41d4-b93d-94f3e3c2dc4d",,2026-04-19T20:00:16Z,
"PUBLISHED","Haagen-Dazs Silver Sands","haagen-dazs-silver-sands-miramar-beach","/restaurants/haagen-dazs-silver-sands","Miramar Beach","miramar-beach","Miramar Beach | Silver Sands",,"{""subdivisions"":[{""code"":""FL"",""name"":""Florida"",""type"":""ADMINISTRATIVE_AREA_LEVEL_1""},{""code"":""Walton County"",""name"":""Walton County"",""type"":""ADMINISTRATIVE_AREA_LEVEL_2""},{""code"":""Miramar Beach"",""name"":""Miramar Beach"",""type"":""ADMINISTRATIVE_AREA_LEVEL_3""},{""code"":""US"",""name"":""United States"",""type"":""COUNTRY""}],""city"":""Miramar Beach"",""location"":{""latitude"":30.378186600000003,""longitude"":-86.34818729999999},""countryFullname"":""United States"",""streetAddress"":{""apt"":""Ste 30"",""name"":""U.S. 98"",""number"":""10406""},""formatted"":""Silver Sands Premium Outlets, 10406 US-98 Ste 30, Miramar Beach, FL 32550"",""country"":""US"",""postalCode"":""32550"",""subdivision"":""FL""}","(850) 461-2704","https://www.icecream.com/","$","Haagen-Dazs Silver Sands is a dessert stop in Miramar Beach | Silver Sands known for ice cream and sweet treats. A good family-friendly option after the beach or dinner.","Mon: 10:00 AM – 10:00 PM; Tue: 10:00 AM – 10:00 PM; Wed: 10:00 AM – 10:00 PM; Thu: 10:00 AM – 10:00 PM; Fri: 10:00 AM – 10:00 PM; Sat: 10:00 AM – 10:00 PM; Sun: 11:00 AM – 9:00 PM","/restaurants1/",,,,"[""Fast Casual""]","[""American""]","[""Desserts""]","[""Ice Cream"",""Dessert""]","ChIJq8m74_RbkYgRDtUBIfZMRmg","[""In Review""]","[""In Review""]","[""In Review""]","[""No""]","[""In Review""]","[""No""]","[""Coming Soon""]","https://www.facebook.com/OREOUnitedStates/","https://www.instagram.com/outshinesnacks/","[""Yes""]","[""Dessert""]","Haagen-Dazs Silver Sands Ice Cream Dessert American Fast Casual Miramar Beach Miramar Beach | Silver Sands","b0765230-94c5-4daf-9e70-e92161874ecf",2026-05-16T20:53:08Z,2026-05-16T20:53:08Z,"de29ed44-ed1b-41d4-b93d-94f3e3c2dc4d","No",2026-05-16T20:53:08Z,
"PUBLISHED","2 Birds Coffee + Cafe","2-birds-coffee-cafe-miramar-beach","/restaurants/2-birds-coffee-%2B-cafe","Miramar Beach","miramar-beach","Miramar Beach",,"{""subdivisions"":[{""code"":""FL"",""name"":""Florida"",""type"":""ADMINISTRATIVE_AREA_LEVEL_1""},{""code"":""Walton County"",""name"":""Walton County"",""type"":""ADMINISTRATIVE_AREA_LEVEL_2""},{""code"":""Miramar Beach"",""name"":""Miramar Beach"",""type"":""ADMINISTRATIVE_AREA_LEVEL_3""},{""code"":""US"",""name"":""United States"",""type"":""COUNTRY""}],""city"":""Miramar Beach"",""location"":{""latitude"":30.383621899999998,""longitude"":-86.36778100000001},""countryFullname"":""United States"",""streetAddress"":{""apt"":"""",""name"":""Seascape Drive"",""number"":""80""},""formatted"":""80 Seascape Dr, Miramar Beach, FL 32550"",""country"":""US"",""postalCode"":""32550"",""subdivision"":""FL""}","(850) 279-3375","https://www.2birdscafe.com/","$$","2 Birds Coffee + Cafe is a casual cafe in Miramar Beach, useful for coffee, breakfast, or a quick daytime stop.","Mon: 7:00 AM – 2:00 PM; Tue: Closed; Wed: 7:00 AM – 2:00 PM; Thu: 7:00 AM – 2:00 PM; Fri: 7:00 AM – 2:00 PM; Sat: 7:00 AM – 2:00 PM; Sun: 8:00 AM – 2:00 PM","/restaurants1/",,,,"[""Casual Dining""]","[""American""]","[""Breakfast"",""Lunch""]","[""Coffee"",""Cafe""]","ChIJf2sv34dbkYgRn40n4an3lQo","[""In Review""]","[""In Review""]","[""In Review""]","[""In Review""]","[""In Review""]","[""No""]","[""Coming Soon""]","http://www.facebook.com/2008/fbml/","https://www.instagram.com/2_birds_cafe/","[""Yes""]","[""Cafe / Coffee""]","2 Birds Coffee + Cafe Coffee Cafe American Casual Dining Miramar Beach Miramar Beach","b1f3baaa-921b-4a66-96a5-6904f7b2b1a6",2026-05-16T20:53:08Z,2026-05-16T20:53:08Z,"de29ed44-ed1b-41d4-b93d-94f3e3c2dc4d","No",2026-05-16T20:53:08Z,
"PUBLISHED",,,"/restaurants/the-wine-bar",,,,,,,,,,,"/restaurants1/",,,,,,,,,,,,,,,,,,,,,"b26dba00-aa83-4477-8e3e-ff6979bdad95",2026-04-19T20:00:16Z,2026-05-16T20:53:54Z,"de29ed44-ed1b-41d4-b93d-94f3e3c2dc4d",,2026-04-19T20:00:16Z,
"PUBLISHED","The Green Panini","the-green-panini-sandestin","/restaurants/the-green-panini","Sandestin","sandestin","Baytowne Wharf | Sandestin",,"{""subdivisions"":[{""code"":""FL"",""name"":""Florida"",""type"":""ADMINISTRATIVE_AREA_LEVEL_1""},{""code"":""Walton County"",""name"":""Walton County"",""type"":""ADMINISTRATIVE_AREA_LEVEL_2""},{""code"":""Miramar Beach"",""name"":""Miramar Beach"",""type"":""ADMINISTRATIVE_AREA_LEVEL_3""},{""code"":""US"",""name"":""United States"",""type"":""COUNTRY""}],""city"":""Miramar Beach"",""location"":{""latitude"":30.390003699999994,""longitude"":-86.3243257},""countryFullname"":""United States"",""streetAddress"":{""apt"":""unit BB1"",""name"":""Baytowne Wharf Boulevard"",""number"":""9100""},""formatted"":""9100 Baytowne Wharf Blvd unit BB1, Miramar Beach, FL 32550"",""country"":""US"",""postalCode"":""32550"",""subdivision"":""FL""}","(850) 353-2392","https://green-panini.com/","$$","The Green Panini offers smoothies, juices, and lighter cafe options in Baytowne Wharf | Sandestin. A convenient choice for a quick, casual meal.","Mon: 7:00 AM – 7:00 PM; Tue: 7:00 AM – 7:00 PM; Wed: 7:00 AM – 7:00 PM; Thu: 7:00 AM – 7:00 PM; Fri: 7:00 AM – 7:00 PM; Sat: 7:00 AM – 7:00 PM; Sun: 7:00 AM – 7:00 PM","/restaurants1/",,,,"[""Fast Casual""]","[""American""]","[""Breakfast"",""Lunch"",""Dinner""]","[""Sandwiches"",""Juice & Bowls""]","ChIJ3wXRk3dfkYgRHQ47jAFU-Nc","[""In Review""]","[""In Review""]","[""In Review""]","[""In Review""]","[""In Review""]","[""No""]","[""Coming Soon""]",,,"[""Yes""]","[""Cafe / Coffee""]","The Green Panini Sandwiches Juice & Bowls American Fast Casual Sandestin Baytowne Wharf | Sandestin","b270e479-edfb-4ecd-bac5-5db3f7b26ea0",2026-05-16T20:53:08Z,2026-05-16T20:53:08Z,"de29ed44-ed1b-41d4-b93d-94f3e3c2dc4d","No",2026-05-16T20:53:08Z,
"PUBLISHED","Pino Gelato Cafe","pino-gelato-cafe-miramar-beach","/restaurants/pino-gelato-cafe","Miramar Beach","miramar-beach","Miramar Beach | Silver Sands",,"{""subdivisions"":[{""code"":""FL"",""name"":""Florida"",""type"":""ADMINISTRATIVE_AREA_LEVEL_1""},{""code"":""Okaloosa County"",""name"":""Okaloosa County"",""type"":""ADMINISTRATIVE_AREA_LEVEL_2""},{""code"":""Fort Walton Beach"",""name"":""Fort Walton Beach"",""type"":""ADMINISTRATIVE_AREA_LEVEL_3""},{""code"":""US"",""name"":""United States"",""type"":""COUNTRY""}],""city"":""Fort Walton Beach"",""location"":{""latitude"":30.3941075,""longitude"":-86.5909338},""countryFullname"":""United States"",""streetAddress"":{""apt"":""C"",""name"":""Miracle Strip Parkway Southeast"",""number"":""1450""},""formatted"":""1450 Miracle Strip Pkwy SE C, Fort Walton Beach, FL 32548"",""country"":""US"",""postalCode"":""32548"",""subdivision"":""FL""}","(850) 243-7835","https://pinogelato.com/","$","Pino Gelato Cafe is a dessert stop in Miramar Beach | Silver Sands known for ice cream and sweet treats. A good family-friendly option after the beach or dinner.","Mon: 10:00 AM – 9:00 PM; Tue: 10:00 AM – 9:00 PM; Wed: 10:00 AM – 9:00 PM; Thu: 10:00 AM – 9:00 PM; Fri: 10:00 AM – 9:00 PM; Sat: 10:00 AM – 9:00 PM; Sun: 10:00 AM – 9:00 PM","/restaurants1/",,,,"[""Fast Casual""]","[""Italian""]","[""Desserts""]","[""Ice Cream"",""Dessert""]","ChIJHarknU0_kYgRzYJcUqAbL7Q","[""In Review""]","[""In Review""]","[""In Review""]","[""In Review""]","[""In Review""]","[""No""]","[""Coming Soon""]",,,"[""Yes""]","[""Dessert""]","Pino Gelato Cafe Ice Cream Dessert Italian Fast Casual Miramar Beach Miramar Beach | Silver Sands","b28e0ca0-e023-43a2-9dc0-79d7047e529a",2026-05-16T20:53:08Z,2026-05-16T20:53:08Z,"de29ed44-ed1b-41d4-b93d-94f3e3c2dc4d","No",2026-05-16T20:53:08Z,
"PUBLISHED",,,"/restaurants/heavenly%E2%80%99s-shortcakes-%26-ice-cream",,,,,,,,,,,"/restaurants1/",,,,,,,,,,,,,,,,,,,,,"b2d7e354-db64-4953-be78-b4b2568d9369",2026-04-19T20:00:16Z,2026-05-16T20:53:54Z,"de29ed44-ed1b-41d4-b93d-94f3e3c2dc4d",,2026-04-19T20:00:16Z,
"PUBLISHED",,,"/restaurants/fish-out-of-water",,,,,,,,,,,"/restaurants1/",,,,,,,,,,,,,,,,,,,,,"b35771e3-1e49-49bb-985a-1f8ccd58210a",2026-04-19T20:00:16Z,2026-05-16T20:53:54Z,"de29ed44-ed1b-41d4-b93d-94f3e3c2dc4d",,2026-04-19T20:00:16Z,
"PUBLISHED","Dude & Meatball's","dude-and-meatball-s-sandestin","/restaurants/dude-%26-meatball's","Sandestin","sandestin","Baytowne Wharf | Sandestin",,"{""subdivisions"":[{""code"":""FL"",""name"":""Florida"",""type"":""ADMINISTRATIVE_AREA_LEVEL_1""},{""code"":""Walton County"",""name"":""Walton County"",""type"":""ADMINISTRATIVE_AREA_LEVEL_2""},{""code"":""Miramar Beach"",""name"":""Miramar Beach"",""type"":""ADMINISTRATIVE_AREA_LEVEL_3""},{""code"":""US"",""name"":""United States"",""type"":""COUNTRY""}],""city"":""Miramar Beach"",""location"":{""latitude"":30.3889177,""longitude"":-86.3241603},""countryFullname"":""United States"",""streetAddress"":{""apt"":"""",""name"":""Cannery Lane"",""number"":""117""},""formatted"":""117 Cannery Ln, Miramar Beach, FL 32550"",""country"":""US"",""postalCode"":""32550"",""subdivision"":""FL""}","(850) 424-7775","http://dudeandmeatball.com/","$$","Dude & Meatball's is a bar and restaurant in Baytowne Wharf | Sandestin, good for drinks, casual food, and a relaxed meal with friends.","Mon: 4:00 – 9:00 PM; Tue: 12:00 – 9:00 PM; Wed: 12:00 – 9:00 PM; Thu: 12:00 – 9:00 PM; Fri: 12:00 – 9:00 PM; Sat: 12:00 – 9:00 PM; Sun: 12:00 – 9:00 PM","/restaurants1/",,,,"[""Casual Dining"",""Bar""]","[""Italian""]","[""Lunch"",""Dinner""]","[""Pasta""]","ChIJsTvtvMVfkYgR-biCflcAENE","[""In Review""]","[""In Review""]","[""In Review""]","[""Yes""]","[""In Review""]","[""In Review""]","[""Coming Soon""]",,,"[""Yes""]","[""Bar & Restaurant""]","Dude & Meatball's Pasta Italian Casual Dining Bar Sandestin Baytowne Wharf | Sandestin","b5b6075e-a1c4-4e81-9757-83d4fc1aaf3b",2026-05-16T20:53:08Z,2026-05-16T20:53:08Z,"de29ed44-ed1b-41d4-b93d-94f3e3c2dc4d","No",2026-05-16T20:53:08Z,
"PUBLISHED","Fat Clemenza's","fat-clemenza-s-miramar-beach","/restaurants/fat-clemenza's","Miramar Beach","miramar-beach","Miramar Beach",,"{""subdivisions"":[{""code"":""FL"",""name"":""Florida"",""type"":""ADMINISTRATIVE_AREA_LEVEL_1""},{""code"":""Walton County"",""name"":""Walton County"",""type"":""ADMINISTRATIVE_AREA_LEVEL_2""},{""code"":""Miramar Beach"",""name"":""Miramar Beach"",""type"":""ADMINISTRATIVE_AREA_LEVEL_3""},{""code"":""US"",""name"":""United States"",""type"":""COUNTRY""}],""city"":""Miramar Beach"",""location"":{""latitude"":30.384303799999998,""longitude"":-86.3765422},""countryFullname"":""United States"",""streetAddress"":{""apt"":"""",""name"":""U.S. 98"",""number"":""12273""},""formatted"":""12273 US-98, Miramar Beach, FL 32550"",""country"":""US"",""postalCode"":""32550"",""subdivision"":""FL""}","(850) 650-5980","https://www.fatclemenzasmenu.com/?utm_source=gbp","$$","Fat Clemenza's is a casual pizza restaurant in Miramar Beach, useful for family meals, groups, or easy takeout.","Mon: 11:00 AM – 2:00 PM, 5:00 – 9:30 PM; Tue: 11:00 AM – 2:00 PM, 5:00 – 9:30 PM; Wed: 11:00 AM – 2:00 PM, 5:00 – 9:30 PM; Thu: 11:00 AM – 2:00 PM, 5:00 – 9:30 PM; Fri: 11:00 AM – 2:00 PM, 5:00 – 10:00 PM; Sat: 5:00 – 10:00 PM; Sun: Closed","/restaurants1/",,,,"[""Casual Dining""]","[""Italian""]","[""Lunch"",""Dinner""]","[""Pizza"",""Pasta""]","ChIJ4Yd1GIBbkYgR2PiJO1Ele6A","[""In Review""]","[""In Review""]","[""In Review""]","[""In Review""]","[""In Review""]","[""Yes""]","[""Coming Soon""]",,,"[""Yes""]","[""Restaurant""]","Fat Clemenza's Pizza Pasta Italian Casual Dining Miramar Beach Miramar Beach","b5d0a1ae-ba28-4934-9058-ad0557f48989",2026-05-16T20:53:08Z,2026-05-16T20:53:08Z,"de29ed44-ed1b-41d4-b93d-94f3e3c2dc4d","No",2026-05-16T20:53:08Z,
"PUBLISHED",,,"/restaurants/friends-30a-burger-bar",,,,,,,,,,,"/restaurants1/",,,,,,,,,,,,,,,,,,,,,"b6e80166-2141-4bc4-a57d-982413dc6a63",2026-04-19T20:00:16Z,2026-05-16T20:53:54Z,"de29ed44-ed1b-41d4-b93d-94f3e3c2dc4d",,2026-04-19T20:00:16Z,
"PUBLISHED","Tommy Bahama Restaurant & Bar","tommy-bahama-restaurant-and-bar-grand-boulevard","/restaurants/tommy-bahama-restaurant-%26-bar","Grand Boulevard","grand-boulevard","Grand Boulevard | Sandestin",,"{""subdivisions"":[{""code"":""FL"",""name"":""Florida"",""type"":""ADMINISTRATIVE_AREA_LEVEL_1""},{""code"":""Walton County"",""name"":""Walton County"",""type"":""ADMINISTRATIVE_AREA_LEVEL_2""},{""code"":""Miramar Beach"",""name"":""Miramar Beach"",""type"":""ADMINISTRATIVE_AREA_LEVEL_3""},{""code"":""US"",""name"":""United States"",""type"":""COUNTRY""}],""city"":""Miramar Beach"",""location"":{""latitude"":30.379252,""longitude"":-86.3141823},""countryFullname"":""United States"",""streetAddress"":{""apt"":""Ste. P-101"",""name"":""Grand Boulevard"",""number"":""525""},""formatted"":""525 Grand Blvd Ste. P-101, Sandestin, FL 32550"",""country"":""US"",""postalCode"":""32550"",""subdivision"":""FL""}","(850) 654-1743","https://www.tommybahama.com/restaurants-and-marlin-bars/locations/sandestin","$$$","Tommy Bahama Restaurant & Bar is an upscale restaurant and bar in Grand Boulevard | Sandestin, offering a more refined option for lunch, dinner, or drinks.","Mon: 11:00 AM – 9:00 PM; Tue: 11:00 AM – 9:00 PM; Wed: 11:00 AM – 9:00 PM; Thu: 11:00 AM – 9:00 PM; Fri: 11:00 AM – 9:30 PM; Sat: 11:00 AM – 9:30 PM; Sun: 11:00 AM – 9:00 PM","/restaurants1/",,,,"[""Upscale"",""Bar""]","[""American"",""Seafood""]","[""Lunch"",""Dinner""]","[""Seafood"",""Sandwiches""]","ChIJKafWwTVZkYgR1-ucsx626k0","[""Yes""]","[""Yes""]","[""In Review""]","[""Yes""]","[""In Review""]","[""Yes""]","[""Coming Soon""]","https://www.facebook.com/tommybahama/","https://www.instagram.com/tbahama/","[""Yes""]","[""Bar & Restaurant""]","Tommy Bahama Restaurant & Bar Seafood Sandwiches American Seafood Upscale Bar Grand Boulevard Grand Boulevard | Sandestin","b83d7758-5cc3-4a18-8c67-0c0d9bef111d",2026-05-16T20:53:08Z,2026-05-16T20:53:08Z,"de29ed44-ed1b-41d4-b93d-94f3e3c2dc4d","Yes",2026-05-16T20:53:08Z,
"PUBLISHED","Cabana Cafe","cabana-cafe-miramar-beach","/restaurants/cabana-cafe","Miramar Beach","miramar-beach","Miramar Beach | Seascape",,"{""subdivisions"":[{""code"":""FL"",""name"":""Florida"",""type"":""ADMINISTRATIVE_AREA_LEVEL_1""},{""code"":""Walton County"",""name"":""Walton County"",""type"":""ADMINISTRATIVE_AREA_LEVEL_2""},{""code"":""Miramar Beach"",""name"":""Miramar Beach"",""type"":""ADMINISTRATIVE_AREA_LEVEL_3""},{""code"":""US"",""name"":""United States"",""type"":""COUNTRY""}],""city"":""Miramar Beach"",""location"":{""latitude"":30.3776664,""longitude"":-86.36673259999999},""countryFullname"":""United States"",""streetAddress"":{""apt"":"""",""name"":""Seascape Drive"",""number"":""112""},""formatted"":""112 Seascape Dr, Miramar Beach, FL 32550"",""country"":""US"",""postalCode"":""32550"",""subdivision"":""FL""}","(850) 424-3574","https://www.cabanacafedestin.com/","$$","Cabana Cafe is a bar and restaurant in Miramar Beach | Seascape, good for drinks, casual food, and a relaxed meal with friends.","Mon: 11:00 AM – 12:00 AM; Tue: 11:00 AM – 12:00 AM; Wed: 11:00 AM – 12:00 AM; Thu: 11:00 AM – 12:00 AM; Fri: 11:00 AM – 12:00 AM; Sat: 11:00 AM – 12:00 AM; Sun: 11:00 AM – 12:00 AM","/restaurants1/",,,,"[""Casual Dining"",""Bar""]","[""American""]","[""Lunch"",""Dinner""]","[""Pizza"",""Sandwiches""]","ChIJk2ExEI9bkYgRs6uzpPnJrLM","[""Yes""]","[""In Review""]","[""Yes""]","[""In Review""]","[""In Review""]","[""No""]","[""Coming Soon""]","https://facebook.com/61570580894233/","https://instagram.com/cabana_cafe/","[""Yes""]","[""Bar & Restaurant""]","Cabana Cafe Pizza Sandwiches American Casual Dining Bar Miramar Beach Miramar Beach | Seascape","b8a208f7-edf1-4c5d-8eb8-e19a5e54aa1b",2026-05-16T20:53:08Z,2026-05-16T20:53:08Z,"de29ed44-ed1b-41d4-b93d-94f3e3c2dc4d","No",2026-05-16T20:53:08Z,
"PUBLISHED","Grande Vista Bar & Grill","grande-vista-bar-and-grill-destin-harbor","/restaurants/grande-vista-bar-%26-grill","Destin Harbor","destin-harbor","HarborWalk Village | Destin",,"{""subdivisions"":[{""code"":""FL"",""name"":""Florida"",""type"":""ADMINISTRATIVE_AREA_LEVEL_1""},{""code"":""Okaloosa County"",""name"":""Okaloosa County"",""type"":""ADMINISTRATIVE_AREA_LEVEL_2""},{""code"":""Destin"",""name"":""Destin"",""type"":""ADMINISTRATIVE_AREA_LEVEL_3""},{""code"":""US"",""name"":""United States"",""type"":""COUNTRY""}],""city"":""Destin"",""location"":{""latitude"":30.394694700000002,""longitude"":-86.51216},""countryFullname"":""United States"",""streetAddress"":{""apt"":"""",""name"":""Harbor Boulevard"",""number"":""10""},""formatted"":""10 Harbor Blvd, Destin, FL 32541"",""country"":""US"",""postalCode"":""32541"",""subdivision"":""FL""}","(850) 424-0621","https://www.emeraldgrande.com/emerald-grande/restaurants-destin-fl","$$","Grande Vista Bar & Grill is a casual bar and restaurant in HarborWalk Village | Destin with seafood-focused dishes and a relaxed coastal atmosphere.","Mon: 7:00 AM – 8:00 PM; Tue: 7:00 AM – 8:00 PM; Wed: 7:00 AM – 8:00 PM; Thu: 7:00 AM – 8:00 PM; Fri: 7:00 AM – 9:00 PM; Sat: 7:00 AM – 9:00 PM; Sun: 7:00 AM – 8:00 PM","/restaurants1/",,,,"[""Casual Dining"",""Bar""]","[""American"",""Seafood""]","[""Breakfast"",""Lunch"",""Dinner""]","[""Seafood"",""Breakfast Spot""]","ChIJ90UM2k1BkYgRY72KnsKZldg","[""In Review""]","[""In Review""]","[""In Review""]","[""Yes""]","[""In Review""]","[""Yes""]","[""Coming Soon""]","https://www.facebook.com/TheEG.Destin/","https://www.instagram.com/emerald_grande/","[""Yes""]","[""Bar & Restaurant""]","Grande Vista Bar & Grill Seafood Breakfast Spot American Seafood Casual Dining Bar Destin Harbor HarborWalk Village | Destin","ba76959e-8dff-4a8a-8cdd-f3232d719b0d",2026-05-16T20:53:08Z,2026-05-16T20:53:08Z,"de29ed44-ed1b-41d4-b93d-94f3e3c2dc4d","Yes",2026-05-16T20:53:08Z,
"PUBLISHED",,,"/restaurants/frost-bites",,,,,,,,,,,"/restaurants1/",,,,,,,,,,,,,,,,,,,,,"bd94c44d-f825-4f92-8d41-0f8bdb7f81d8",2026-04-19T20:00:16Z,2026-05-16T20:53:54Z,"de29ed44-ed1b-41d4-b93d-94f3e3c2dc4d",,2026-04-19T20:00:16Z,
"PUBLISHED","LongHorn Steakhouse Destin","longhorn-steakhouse-destin-mid-destin","/restaurants/longhorn-steakhouse-destin","Mid-Destin","mid-destin","Destin | US 98",,"{""subdivisions"":[{""code"":""FL"",""name"":""Florida"",""type"":""ADMINISTRATIVE_AREA_LEVEL_1""},{""code"":""Okaloosa County"",""name"":""Okaloosa County"",""type"":""ADMINISTRATIVE_AREA_LEVEL_2""},{""code"":""Destin"",""name"":""Destin"",""type"":""ADMINISTRATIVE_AREA_LEVEL_3""},{""code"":""US"",""name"":""United States"",""type"":""COUNTRY""}],""city"":""Destin"",""location"":{""latitude"":30.388459,""longitude"":-86.432277},""countryFullname"":""United States"",""streetAddress"":{""apt"":"""",""name"":""Emerald Coast Parkway"",""number"":""34863""},""formatted"":""34863 Emerald Coast Pkwy, Destin, FL 32541"",""country"":""US"",""postalCode"":""32541"",""subdivision"":""FL""}","(850) 654-9115","https://www.longhornsteakhouse.com/locations/fl/destin/destin/5082?cmpid=br:lh_ag:ie_ch:loc_ca:LHGMB_sn:gmb_gt:destin-fl-5082_pl:locurl_rd:1050","$$","LongHorn Steakhouse Destin is a steak-focused restaurant in Destin | US 98, suited for a hearty dinner or more traditional dining experience.","Mon: 11:00 AM – 10:00 PM; Tue: 11:00 AM – 10:00 PM; Wed: 11:00 AM – 10:00 PM; Thu: 11:00 AM – 10:00 PM; Fri: 11:00 AM – 11:00 PM; Sat: 11:00 AM – 11:00 PM; Sun: 11:00 AM – 10:00 PM","/restaurants1/",,,,"[""Casual Dining""]","[""American""]","[""Lunch"",""Dinner""]","[""Steak""]","ChIJ5c6Qk1hDkYgRd-8ruNaJzuw","[""In Review""]","[""In Review""]","[""In Review""]","[""No""]","[""In Review""]","[""No""]","[""Coming Soon""]",,,"[""Yes""]","[""Restaurant""]","LongHorn Steakhouse Destin Steak American Casual Dining Mid-Destin Destin | US 98","bdc58620-b11a-4175-b182-723cb733684d",2026-05-16T20:53:08Z,2026-05-16T20:53:08Z,"de29ed44-ed1b-41d4-b93d-94f3e3c2dc4d","No",2026-05-16T20:53:08Z,
"PUBLISHED","Mi Gente Mexican Restaurant & Cantina","mi-gente-mexican-restaurant-and-cantina-mid-destin","/restaurants/mi-gente-mexican-restaurant-%26-cantina","Mid-Destin","mid-destin","Destin | US 98",,"{""subdivisions"":[{""code"":""FL"",""name"":""Florida"",""type"":""ADMINISTRATIVE_AREA_LEVEL_1""},{""code"":""Okaloosa County"",""name"":""Okaloosa County"",""type"":""ADMINISTRATIVE_AREA_LEVEL_2""},{""code"":""Destin"",""name"":""Destin"",""type"":""ADMINISTRATIVE_AREA_LEVEL_3""},{""code"":""US"",""name"":""United States"",""type"":""COUNTRY""}],""city"":""Destin"",""location"":{""latitude"":30.3908371,""longitude"":-86.4878787},""countryFullname"":""United States"",""streetAddress"":{""apt"":"""",""name"":""Harbor Boulevard"",""number"":""733""},""formatted"":""733 Harbor Blvd, Destin, FL 32541"",""country"":""US"",""postalCode"":""32541"",""subdivision"":""FL""}","(850) 842-2992","https://migenterestaurantandcantina.com/","$","Mi Gente Mexican Restaurant & Cantina serves Mexican-inspired food in Destin | US 98, with tacos and casual lunch or dinner options.","Mon: 11:00 AM – 9:00 PM; Tue: 11:00 AM – 9:00 PM; Wed: 11:00 AM – 9:00 PM; Thu: 11:00 AM – 9:00 PM; Fri: 11:00 AM – 12:00 AM; Sat: 11:00 AM – 9:00 PM, 10:30 PM – 12:00 AM; Sun: 12:30 – 3:00 AM, 11:00 AM – 9:00 PM","/restaurants1/",,,,"[""Casual Dining""]","[""Mexican""]","[""Lunch"",""Dinner""]","[""Tacos""]","ChIJ36r8c7pDkYgRevLm0gbRBGQ","[""In Review""]","[""In Review""]","[""In Review""]","[""In Review""]","[""In Review""]","[""No""]","[""Coming Soon""]","https://www.facebook.com/taqueriamigentedestin/","https://www.instagram.com/migenterestaurantcantina/","[""Yes""]","[""Restaurant""]","Mi Gente Mexican Restaurant & Cantina Tacos Mexican Casual Dining Mid-Destin Destin | US 98","beb507d2-1d23-4eb7-bb41-056827894f19",2026-05-16T20:53:08Z,2026-05-16T20:53:08Z,"de29ed44-ed1b-41d4-b93d-94f3e3c2dc4d","No",2026-05-16T20:53:08Z,
"PUBLISHED","Horizons","horizons-crystal-beach","/restaurants/horizons","Crystal Beach","crystal-beach","Crystal Beach | Henderson Beach Resort",,"{""subdivisions"":[{""code"":""FL"",""name"":""Florida"",""type"":""ADMINISTRATIVE_AREA_LEVEL_1""},{""code"":""Okaloosa County"",""name"":""Okaloosa County"",""type"":""ADMINISTRATIVE_AREA_LEVEL_2""},{""code"":""Destin"",""name"":""Destin"",""type"":""ADMINISTRATIVE_AREA_LEVEL_3""},{""code"":""US"",""name"":""United States"",""type"":""COUNTRY""}],""city"":""Destin"",""location"":{""latitude"":30.3844642,""longitude"":-86.43149559999999},""countryFullname"":""United States"",""streetAddress"":{""apt"":"""",""name"":""Henderson Resort Way"",""number"":""200""},""formatted"":""200 Henderson Resort Way, Destin, FL 32541"",""country"":""US"",""postalCode"":""32541"",""subdivision"":""FL""}","(855) 702-3087","https://www.hendersonbeachresort.com/","$$$","Horizons is an upscale restaurant and bar in Crystal Beach | Henderson Beach Resort, offering a more refined option for lunch, dinner, or drinks.","Mon: Open 24 hours; Tue: Open 24 hours; Wed: Open 24 hours; Thu: Open 24 hours; Fri: Open 24 hours; Sat: Open 24 hours; Sun: Open 24 hours","/restaurants1/",,,,"[""Upscale"",""Bar""]","[""American""]","[""Lunch"",""Dinner""]","[""Tapas""]","ChIJvfxYKqdEkYgRRW1DN3Hy8qQ","[""Yes""]","[""In Review""]","[""In Review""]","[""Yes""]","[""In Review""]","[""In Review""]","[""Coming Soon""]","https://facebook.com/HendersonBeach/","https://www.instagram.com/thehendersonfl/","[""In Review""]","[""Bar & Restaurant""]","Horizons Tapas American Upscale Bar Crystal Beach Crystal Beach | Henderson Beach Resort","c07085da-163d-4f10-becd-438438d52668",2026-05-16T20:53:08Z,2026-05-16T20:53:08Z,"de29ed44-ed1b-41d4-b93d-94f3e3c2dc4d","Yes",2026-05-16T20:53:08Z,
"PUBLISHED","The Edge Seafood Restaurant & SkyBar","the-edge-seafood-restaurant-and-skybar-destin-harbor","/restaurants/the-edge-seafood-restaurant-%26-skybar","Destin Harbor","destin-harbor","Destin Harbor",,"{""subdivisions"":[{""code"":""FL"",""name"":""Florida"",""type"":""ADMINISTRATIVE_AREA_LEVEL_1""},{""code"":""Okaloosa County"",""name"":""Okaloosa County"",""type"":""ADMINISTRATIVE_AREA_LEVEL_2""},{""code"":""Destin"",""name"":""Destin"",""type"":""ADMINISTRATIVE_AREA_LEVEL_3""},{""code"":""US"",""name"":""United States"",""type"":""COUNTRY""}],""city"":""Destin"",""location"":{""latitude"":30.392852100000002,""longitude"":-86.50526169999999},""countryFullname"":""United States"",""streetAddress"":{""apt"":"""",""name"":""Harbor Boulevard"",""number"":""302""},""formatted"":""302 Harbor Blvd, Destin, FL 32541"",""country"":""US"",""postalCode"":""32541"",""subdivision"":""FL""}","(850) 659-3549","https://edgeseafood.com/","$$$","The Edge Seafood Restaurant & SkyBar is an upscale restaurant and bar in Destin Harbor, offering a more refined option for lunch, dinner, or drinks.","Mon: 11:00 AM – 10:00 PM; Tue: 11:00 AM – 10:00 PM; Wed: 11:00 AM – 10:00 PM; Thu: 11:00 AM – 10:00 PM; Fri: 11:00 AM – 11:00 PM; Sat: 11:00 AM – 11:00 PM; Sun: 11:00 AM – 10:00 PM","/restaurants1/",,,,"[""Upscale"",""Bar""]","[""Seafood"",""American""]","[""Lunch"",""Dinner""]","[""Seafood"",""Tapas""]","ChIJLTuXIcJBkYgRkjatW4ZAgr4","[""Yes""]","[""In Review""]","[""In Review""]","[""Yes""]","[""In Review""]","[""Yes""]","[""Coming Soon""]","https://www.facebook.com/skybardestin/events/","https://www.instagram.com/edgeseafood/","[""In Review""]","[""Bar & Restaurant""]","The Edge Seafood Restaurant & SkyBar Seafood Tapas Seafood American Upscale Bar Destin Harbor Destin Harbor","c11f883e-cda2-46c7-9867-c2468073da96",2026-05-16T20:53:08Z,2026-05-16T20:53:08Z,"de29ed44-ed1b-41d4-b93d-94f3e3c2dc4d","Yes",2026-05-16T20:53:08Z,
"PUBLISHED","Austons on 98","austons-on-98-miramar-beach","/restaurants/austons-on-98","Miramar Beach","miramar-beach","Miramar Beach | US 98",,"{""subdivisions"":[{""code"":""FL"",""name"":""Florida"",""type"":""ADMINISTRATIVE_AREA_LEVEL_1""},{""code"":""Walton County"",""name"":""Walton County"",""type"":""ADMINISTRATIVE_AREA_LEVEL_2""},{""code"":""Miramar Beach"",""name"":""Miramar Beach"",""type"":""ADMINISTRATIVE_AREA_LEVEL_3""},{""code"":""US"",""name"":""United States"",""type"":""COUNTRY""}],""city"":""Miramar Beach"",""location"":{""latitude"":30.376750699999995,""longitude"":-86.3528219},""countryFullname"":""United States"",""streetAddress"":{""apt"":"""",""name"":""Poinciana Boulevard"",""number"":""125""},""formatted"":""125 Poinciana Blvd, Miramar Beach, FL 32550"",""country"":""US"",""postalCode"":""32550"",""subdivision"":""FL""}","(850) 842-3200","http://www.austonson98.com/","$$","Austons on 98 is a casual bar and restaurant in Miramar Beach | US 98 with seafood-focused dishes and a relaxed coastal atmosphere.","Mon: 11:00 AM – 10:00 PM; Tue: 11:00 AM – 10:00 PM; Wed: 11:00 AM – 10:00 PM; Thu: 11:00 AM – 10:00 PM; Fri: 11:00 AM – 10:00 PM; Sat: 11:00 AM – 10:00 PM; Sun: 11:00 AM – 10:00 PM","/restaurants1/",,,,"[""Casual Dining"",""Bar""]","[""Seafood"",""American""]","[""Lunch"",""Dinner""]","[""Oyster Bar"",""Seafood""]","ChIJK9DArmNbkYgRPpDtusxErC4","[""Yes""]","[""In Review""]","[""In Review""]","[""In Review""]","[""In Review""]","[""In Review""]","[""Coming Soon""]","http://www.facebook.com/2008/fbml/","https://www.instagram.com/austonson98/","[""Yes""]","[""Bar & Restaurant""]","Austons on 98 Oyster Bar Seafood Seafood American Casual Dining Bar Miramar Beach Miramar Beach | US 98","c3db93d2-ad54-419e-8774-f6e512440970",2026-05-16T20:53:08Z,2026-05-16T20:53:08Z,"de29ed44-ed1b-41d4-b93d-94f3e3c2dc4d","No",2026-05-16T20:53:08Z,
"PUBLISHED",,,"/restaurants/cowgirl-kitchen",,,,,,,,,,,"/restaurants1/",,,,,,,,,,,,,,,,,,,,,"c3efd991-3e16-4f7e-809c-07d06b2c3e53",2026-04-19T20:00:16Z,2026-05-16T20:53:54Z,"de29ed44-ed1b-41d4-b93d-94f3e3c2dc4d",,2026-04-19T20:00:16Z,
"PUBLISHED","Wetzel's Pretzels","wetzel-s-pretzels-destin-commons","/restaurants/wetzel's-pretzels","Destin Commons","destin-commons","Destin Commons",,"{""subdivisions"":[{""code"":""FL"",""name"":""Florida"",""type"":""ADMINISTRATIVE_AREA_LEVEL_1""},{""code"":""Okaloosa County"",""name"":""Okaloosa County"",""type"":""ADMINISTRATIVE_AREA_LEVEL_2""},{""code"":""Destin"",""name"":""Destin"",""type"":""ADMINISTRATIVE_AREA_LEVEL_3""},{""code"":""US"",""name"":""United States"",""type"":""COUNTRY""}],""city"":""Destin"",""location"":{""latitude"":30.3925539,""longitude"":-86.4249808},""countryFullname"":""United States"",""streetAddress"":{""apt"":""Kiosk #A + F124"",""name"":""Legendary Drive"",""number"":""4100""},""formatted"":""4100 Legendary Dr Kiosk #A + F124, Destin, FL 32541"",""country"":""US"",""postalCode"":""32541"",""subdivision"":""FL""}","(347) 459-5854","https://www.wetzels.com/","$","Wetzel's Pretzels serves sweets and treats in Destin Commons. It is best suited for a quick dessert stop or a snack while exploring the area.",,"/restaurants1/",,,,"[""Fast Casual""]","[""American""]","[""Lunch"",""Desserts""]","[""Cookies & Sweets"",""Market""]","ChIJBXwwnfRDkYgRlJ209rjC9Ms","[""In Review""]","[""In Review""]","[""In Review""]","[""In Review""]","[""In Review""]","[""No""]","[""Coming Soon""]","https://www.facebook.com/WetzelsPretzels/","https://www.instagram.com/wetzelspretzels/","[""Yes""]","[""Dessert""]","Wetzel's Pretzels Cookies & Sweets Market American Fast Casual Destin Commons Destin Commons","c5006cc0-e887-447d-8d9f-849750537ced",2026-05-16T20:53:08Z,2026-05-16T20:53:08Z,"de29ed44-ed1b-41d4-b93d-94f3e3c2dc4d","No",2026-05-16T20:53:08Z,
"PUBLISHED","5 o'Clock Somewhere Bar & Grill","5-o-clock-somewhere-bar-and-grill-sandestin","/restaurants/5-o'clock-somewhere-bar-%26-grill","Sandestin","sandestin","Baytowne Wharf | Sandestin",,"{""subdivisions"":[{""code"":""FL"",""name"":""Florida"",""type"":""ADMINISTRATIVE_AREA_LEVEL_1""},{""code"":""Walton County"",""name"":""Walton County"",""type"":""ADMINISTRATIVE_AREA_LEVEL_2""},{""code"":""Miramar Beach"",""name"":""Miramar Beach"",""type"":""ADMINISTRATIVE_AREA_LEVEL_3""},{""code"":""US"",""name"":""United States"",""type"":""COUNTRY""}],""city"":""Miramar Beach"",""location"":{""latitude"":30.3900106,""longitude"":-86.32583149999999},""countryFullname"":""United States"",""streetAddress"":{""apt"":"""",""name"":""Cannery Lane"",""number"":""111""},""formatted"":""111 Cannery Ln, Miramar Beach, FL 32550"",""country"":""US"",""postalCode"":""32550"",""subdivision"":""FL""}","(850) 279-9470","https://www.5oclocksomewheremiramarbeach.com/","$$","5 o'Clock Somewhere Bar & Grill is a casual bar and restaurant in Baytowne Wharf | Sandestin with seafood-focused dishes and a relaxed coastal atmosphere.","Mon: 3:00 – 9:00 PM; Tue: 3:00 – 9:00 PM; Wed: 3:00 – 9:00 PM; Thu: 3:00 – 9:00 PM; Fri: 3:00 – 9:00 PM; Sat: 3:00 – 9:00 PM; Sun: 3:00 – 9:00 PM","/restaurants1/",,,,"[""Casual Dining"",""Bar""]","[""American""]","[""Lunch"",""Dinner""]","[""Burgers"",""Seafood""]","ChIJiSowdu1fkYgRqeZJnin29fs","[""Yes""]","[""In Review""]","[""Yes""]","[""Yes""]","[""In Review""]","[""In Review""]","[""Coming Soon""]","https://www.facebook.com/profile.php/","https://www.instagram.com/5oclockbarmiramarbeach/","[""Yes""]","[""Bar & Restaurant""]","5 o'Clock Somewhere Bar & Grill Burgers Seafood American Casual Dining Bar Sandestin Baytowne Wharf | Sandestin","c52b79e2-8389-4eb9-8528-db6a7afff107",2026-05-16T20:53:08Z,2026-05-16T20:53:08Z,"de29ed44-ed1b-41d4-b93d-94f3e3c2dc4d","Yes",2026-05-16T20:53:08Z,
"PUBLISHED",,,"/restaurants/scratch-biscuit-kitchen",,,,,,,,,,,"/restaurants1/",,,,,,,,,,,,,,,,,,,,,"c5322ba8-140a-4cb1-8608-034fd8952005",2026-04-19T20:00:16Z,2026-05-16T20:53:54Z,"de29ed44-ed1b-41d4-b93d-94f3e3c2dc4d",,2026-04-19T20:00:16Z,
"PUBLISHED","Clean Juice","clean-juice-sandestin","/restaurants/clean-juice","Sandestin","sandestin","The Market Shops | Sandestin",,"{""subdivisions"":[{""code"":""FL"",""name"":""Florida"",""type"":""ADMINISTRATIVE_AREA_LEVEL_1""},{""code"":""Walton County"",""name"":""Walton County"",""type"":""ADMINISTRATIVE_AREA_LEVEL_2""},{""code"":""Miramar Beach"",""name"":""Miramar Beach"",""type"":""ADMINISTRATIVE_AREA_LEVEL_3""},{""code"":""US"",""name"":""United States"",""type"":""COUNTRY""}],""city"":""Miramar Beach"",""location"":{""latitude"":30.377592699999997,""longitude"":-86.3314046},""countryFullname"":""United States"",""streetAddress"":{""apt"":""Suite 15B"",""name"":""Emerald Coast Parkway West"",""number"":""9375""},""formatted"":""9375 Emerald Coast Pkwy W Suite 15B, Miramar Beach, FL 32550"",""country"":""US"",""postalCode"":""32550"",""subdivision"":""FL""}","(850) 716-0647","https://locations.cleanjuice.com/ll/us/fl/miramar-beach/9375-emerald-coast-pkwy/","$$","Clean Juice offers smoothies, juices, and lighter cafe options in The Market Shops | Sandestin. A convenient choice for a quick, casual meal.","Mon: 7:00 AM – 6:00 PM; Tue: 7:00 AM – 6:00 PM; Wed: 7:00 AM – 6:00 PM; Thu: 7:00 AM – 6:00 PM; Fri: 7:00 AM – 6:00 PM; Sat: 8:00 AM – 6:00 PM; Sun: 9:00 AM – 6:00 PM","/restaurants1/",,,,"[""Fast Casual""]","[""American""]","[""Breakfast"",""Lunch""]","[""Juice & Bowls"",""Smoothies""]","ChIJKX3wHrZZkYgRX7tqjeKpf2s","[""In Review""]","[""In Review""]","[""In Review""]","[""In Review""]","[""In Review""]","[""No""]","[""Coming Soon""]","https://www.facebook.com/cleanjuice/","https://www.instagram.com/cleanjuice/","[""Yes""]","[""Cafe / Coffee""]","Clean Juice Juice & Bowls Smoothies American Fast Casual Sandestin The Market Shops | Sandestin","c5cab8de-cac7-45f3-b026-97304a302ec0",2026-05-16T20:53:08Z,2026-05-16T20:53:08Z,"de29ed44-ed1b-41d4-b93d-94f3e3c2dc4d","No",2026-05-16T20:53:08Z,
"PUBLISHED",,,"/restaurants/borago",,,,,,,,,,,"/restaurants1/",,,,,,,,,,,,,,,,,,,,,"c6d7aebb-5716-485f-a11c-bc76c5d1b2a6",2026-04-19T20:00:16Z,2026-05-16T20:53:54Z,"de29ed44-ed1b-41d4-b93d-94f3e3c2dc4d",,2026-04-19T20:00:16Z,
"PUBLISHED","First Watch Destin","first-watch-destin-destin-commons","/restaurants/first-watch-destin","Destin Commons","destin-commons","Commons Drive | Destin",,"{""subdivisions"":[{""code"":""FL"",""name"":""Florida"",""type"":""ADMINISTRATIVE_AREA_LEVEL_1""},{""code"":""Okaloosa County"",""name"":""Okaloosa County"",""type"":""ADMINISTRATIVE_AREA_LEVEL_2""},{""code"":""Destin"",""name"":""Destin"",""type"":""ADMINISTRATIVE_AREA_LEVEL_3""},{""code"":""US"",""name"":""United States"",""type"":""COUNTRY""}],""city"":""Destin"",""location"":{""latitude"":30.390962,""longitude"":-86.430081},""countryFullname"":""United States"",""streetAddress"":{""apt"":"""",""name"":""Commons Drive East"",""number"":""4427""},""formatted"":""4427 Commons Dr E, Destin, FL 32541"",""country"":""US"",""postalCode"":""32541"",""subdivision"":""FL""}","(850) 424-4323","http://www.firstwatch.com/locations/destin/?utm_source=gbp-listing&utm_medium=organic&utm_campaign=gbp-listing&utm_content=destin","$$","First Watch Destin is a breakfast and lunch spot in Commons Drive | Destin, good for a casual morning meal, brunch, or daytime bite.","Mon: 7:00 AM – 2:30 PM; Tue: 7:00 AM – 2:30 PM; Wed: 7:00 AM – 2:30 PM; Thu: 7:00 AM – 2:30 PM; Fri: 7:00 AM – 2:30 PM; Sat: 7:00 AM – 2:30 PM; Sun: 7:00 AM – 2:30 PM","/restaurants1/",,,,"[""Casual Dining""]","[""American""]","[""Breakfast"",""Lunch""]","[""Breakfast Spot""]","ChIJRQh5uFlDkYgR65ypgQVNi18","[""In Review""]","[""In Review""]","[""In Review""]","[""In Review""]","[""In Review""]","[""No""]","[""Coming Soon""]","https://www.facebook.com/FirstWatch/","https://www.instagram.com/firstwatch/","[""Yes""]","[""Restaurant""]","First Watch Destin Breakfast Spot American Casual Dining Destin Commons Commons Drive | Destin","c7d6628b-f799-4463-8c34-76e4cd45b905",2026-05-16T20:53:08Z,2026-05-16T20:53:08Z,"de29ed44-ed1b-41d4-b93d-94f3e3c2dc4d","No",2026-05-16T20:53:08Z,
"PUBLISHED","La Paz Restaurante & Cantina","la-paz-restaurante-and-cantina-destin-harbor","/restaurants/la-paz-restaurante-%26-cantina","Destin Harbor","destin-harbor","Destin Harbor | Holiday Isle",,"{""subdivisions"":[{""code"":""FL"",""name"":""Florida"",""type"":""ADMINISTRATIVE_AREA_LEVEL_1""},{""code"":""Okaloosa County"",""name"":""Okaloosa County"",""type"":""ADMINISTRATIVE_AREA_LEVEL_2""},{""code"":""Destin"",""name"":""Destin"",""type"":""ADMINISTRATIVE_AREA_LEVEL_3""},{""code"":""US"",""name"":""United States"",""type"":""COUNTRY""}],""city"":""Destin"",""location"":{""latitude"":30.38635,""longitude"":-86.48058329999999},""countryFullname"":""United States"",""streetAddress"":{""apt"":"""",""name"":""Gulf Shore Drive"",""number"":""950""},""formatted"":""950 Gulf Shore Dr, Destin, FL 32541"",""country"":""US"",""postalCode"":""32541"",""subdivision"":""FL""}","(850) 837-2247","https://www.lapazdestin.com/","$$","La Paz Restaurante & Cantina is a casual bar and restaurant in Destin Harbor | Holiday Isle with seafood-focused dishes and a relaxed coastal atmosphere.","Mon: 4:00 – 9:00 PM; Tue: 4:00 – 9:00 PM; Wed: 4:00 – 9:00 PM; Thu: 4:00 – 9:00 PM; Fri: 4:00 – 9:00 PM; Sat: 4:00 – 9:00 PM; Sun: 4:00 – 9:00 PM","/restaurants1/",,,,"[""Casual Dining"",""Bar""]","[""Mexican"",""Seafood""]","[""Lunch"",""Dinner""]","[""Tacos"",""Seafood""]","ChIJMTxS3QpEkYgR--YbFrLt8Vk","[""Yes""]","[""In Review""]","[""In Review""]","[""Yes""]","[""In Review""]","[""Yes""]","[""Coming Soon""]","https://www.facebook.com/Lapazdestin/","https://www.instagram.com/lapazdestin/","[""Yes""]","[""Bar & Restaurant""]","La Paz Restaurante & Cantina Tacos Seafood Mexican Seafood Casual Dining Bar Destin Harbor Destin Harbor | Holiday Isle","c81b6e52-12c1-4659-817a-3660f2bc0bac",2026-05-16T20:53:08Z,2026-05-16T20:53:08Z,"de29ed44-ed1b-41d4-b93d-94f3e3c2dc4d","Yes",2026-05-16T20:53:08Z,
"PUBLISHED","Kilwins Grand Boulevard","kilwins-grand-boulevard-grand-boulevard","/restaurants/kilwins-grand-boulevard","Grand Boulevard","grand-boulevard","Grand Boulevard | Sandestin",,"{""subdivisions"":[{""code"":""FL"",""name"":""Florida"",""type"":""ADMINISTRATIVE_AREA_LEVEL_1""},{""code"":""Walton County"",""name"":""Walton County"",""type"":""ADMINISTRATIVE_AREA_LEVEL_2""},{""code"":""Miramar Beach"",""name"":""Miramar Beach"",""type"":""ADMINISTRATIVE_AREA_LEVEL_3""},{""code"":""US"",""name"":""United States"",""type"":""COUNTRY""}],""city"":""Miramar Beach"",""location"":{""latitude"":30.378694399999997,""longitude"":-86.31220650000002},""countryFullname"":""United States"",""streetAddress"":{""apt"":""102"",""name"":""Grand Boulevard"",""number"":""625""},""formatted"":""625 Grand Blvd #102, Sandestin, FL 32550"",""country"":""US"",""postalCode"":""32550"",""subdivision"":""FL""}","(850) 608-2028","https://www.kilwins.com/pages/stores-near-me-sandestin-fl-32550-0081","$","Kilwins Grand Boulevard is a dessert stop in Grand Boulevard | Sandestin known for ice cream and sweet treats. A good family-friendly option after the beach or dinner.","Mon: 11:00 AM – 10:00 PM; Tue: 11:00 AM – 10:00 PM; Wed: 11:00 AM – 10:00 PM; Thu: 11:00 AM – 10:00 PM; Fri: 11:00 AM – 10:00 PM; Sat: 11:00 AM – 10:00 PM; Sun: 11:00 AM – 10:00 PM","/restaurants1/",,,,"[""Fast Casual""]","[""American""]","[""Desserts""]","[""Ice Cream"",""Cookies & Sweets""]","ChIJYcMs-DNZkYgRp88r0aQxV20","[""No""]","[""No""]","[""In Review""]","[""No""]","[""In Review""]","[""No""]","[""Coming Soon""]","https://www.facebook.com/Kilwins/","https://www.instagram.com/kilwinsgrandblvd/","[""Yes""]","[""Dessert""]","Kilwins Grand Boulevard Ice Cream Cookies & Sweets American Fast Casual Grand Boulevard Grand Boulevard | Sandestin","c9288502-8e18-41e1-8c82-0ce992655eb2",2026-05-16T20:53:08Z,2026-05-16T20:53:08Z,"de29ed44-ed1b-41d4-b93d-94f3e3c2dc4d","No",2026-05-16T20:53:08Z,
"PUBLISHED","The Crepe Hut","the-crepe-hut-destin-commons","/restaurants/the-crepe-hut","Destin Commons","destin-commons","Destin Commons",,"{""subdivisions"":[{""code"":""FL"",""name"":""Florida"",""type"":""ADMINISTRATIVE_AREA_LEVEL_1""},{""code"":""Okaloosa County"",""name"":""Okaloosa County"",""type"":""ADMINISTRATIVE_AREA_LEVEL_2""},{""code"":""Destin"",""name"":""Destin"",""type"":""ADMINISTRATIVE_AREA_LEVEL_3""},{""code"":""US"",""name"":""United States"",""type"":""COUNTRY""}],""city"":""Destin"",""location"":{""latitude"":30.3925539,""longitude"":-86.4249808},""countryFullname"":""United States"",""streetAddress"":{""apt"":""kiosk b"",""name"":""Legendary Drive"",""number"":""4100""},""formatted"":""4100 Legendary Dr kiosk b, Destin, FL 32541"",""country"":""US"",""postalCode"":""32541"",""subdivision"":""FL""}","(347) 459-5854","https://destincommons.com/dining/restaurants/","$","The Crepe Hut is a dessert-focused stop in Destin Commons, offering quick sweets and snacks for visitors and families.",,"/restaurants1/",,,,"[""Fast Casual""]","[""French""]","[""Breakfast"",""Lunch"",""Desserts""]","[""Crepes"",""Dessert""]","ChIJsRwrK4dDkYgRgY5L7RG_xsM","[""In Review""]","[""In Review""]","[""In Review""]","[""In Review""]","[""In Review""]","[""No""]","[""Coming Soon""]","https://www.facebook.com/DestinCommons/","https://www.instagram.com/thedestincommons/","[""Yes""]","[""Dessert""]","The Crepe Hut Crepes Dessert French Fast Casual Destin Commons Destin Commons","c95b852d-a30c-4a13-a47e-8ae01e2d9719",2026-05-16T20:53:08Z,2026-05-16T20:53:08Z,"de29ed44-ed1b-41d4-b93d-94f3e3c2dc4d","No",2026-05-16T20:53:08Z,
"PUBLISHED","Shake's Frozen Custard","shake-s-frozen-custard-mid-destin","/restaurants/shake's-frozen-custard","Mid-Destin","mid-destin","Destin | US 98",,"{""subdivisions"":[{""code"":""FL"",""name"":""Florida"",""type"":""ADMINISTRATIVE_AREA_LEVEL_1""},{""code"":""Okaloosa County"",""name"":""Okaloosa County"",""type"":""ADMINISTRATIVE_AREA_LEVEL_2""},{""code"":""Destin"",""name"":""Destin"",""type"":""ADMINISTRATIVE_AREA_LEVEL_3""},{""code"":""US"",""name"":""United States"",""type"":""COUNTRY""}],""city"":""Destin"",""location"":{""latitude"":30.387165899999996,""longitude"":-86.4683676},""countryFullname"":""United States"",""streetAddress"":{""apt"":""E"",""name"":""U.S. 98"",""number"":""1065""},""formatted"":""1065 US-98 E, Destin, FL 32541"",""country"":""US"",""postalCode"":""32541"",""subdivision"":""FL""}","(850) 269-1111","http://shakesholdingcompany.com/","$","Shake's Frozen Custard is a dessert stop in Destin | US 98 known for ice cream and sweet treats. A good family-friendly option after the beach or dinner.","Mon: 11:00 AM – 10:00 PM; Tue: 11:00 AM – 10:00 PM; Wed: 11:00 AM – 10:00 PM; Thu: 11:00 AM – 10:00 PM; Fri: 11:00 AM – 10:00 PM; Sat: 11:00 AM – 10:00 PM; Sun: 11:00 AM – 10:00 PM","/restaurants1/",,,,"[""Fast Casual""]","[""American""]","[""Desserts""]","[""Ice Cream"",""Dessert""]","ChIJM2OLFnhEkYgRMK9puEx8R64","[""In Review""]","[""In Review""]","[""In Review""]","[""Yes""]","[""In Review""]","[""No""]","[""Coming Soon""]",,,"[""Yes""]","[""Dessert""]","Shake's Frozen Custard Ice Cream Dessert American Fast Casual Mid-Destin Destin | US 98","c9d2a84d-966e-44e2-88a8-5411083ed58e",2026-05-16T20:53:08Z,2026-05-16T20:53:08Z,"de29ed44-ed1b-41d4-b93d-94f3e3c2dc4d","No",2026-05-16T20:53:08Z,
"PUBLISHED","Gilligan's Seafood","gilligan-s-seafood-destin-harbor","/restaurants/gilligan's-seafood","Destin Harbor","destin-harbor","Destin Harbor",,"{""subdivisions"":[{""code"":""FL"",""name"":""Florida"",""type"":""ADMINISTRATIVE_AREA_LEVEL_1""},{""code"":""Okaloosa County"",""name"":""Okaloosa County"",""type"":""ADMINISTRATIVE_AREA_LEVEL_2""},{""code"":""Destin"",""name"":""Destin"",""type"":""ADMINISTRATIVE_AREA_LEVEL_3""},{""code"":""US"",""name"":""United States"",""type"":""COUNTRY""}],""city"":""Destin"",""location"":{""latitude"":30.392332000000003,""longitude"":-86.4978103},""countryFullname"":""United States"",""streetAddress"":{""apt"":"""",""name"":""Harbor Boulevard"",""number"":""530""},""formatted"":""530 Harbor Blvd, Destin, FL 32541"",""country"":""US"",""postalCode"":""32541"",""subdivision"":""FL""}","(850) 650-4400","https://gilligansdestin.com/","$$","Gilligan's Seafood is a casual bar and restaurant in Destin Harbor with seafood-focused dishes and a relaxed coastal atmosphere. Google currently lists this business as permanently closed; verify before publishing.",,"/restaurants1/",,,,"[""Casual Dining"",""Bar""]","[""Seafood"",""American""]","[""Lunch"",""Dinner""]","[""Seafood""]","ChIJAdo1Uv5DkYgRmnJMlKSTm0s","[""In Review""]","[""In Review""]","[""In Review""]","[""Yes""]","[""In Review""]","[""No""]","[""Coming Soon""]",,,"[""Yes""]","[""Bar & Restaurant""]","Gilligan's Seafood Seafood Seafood American Casual Dining Bar Destin Harbor Destin Harbor","cbf38587-acbb-4694-8e6a-b164d51b522c",2026-05-16T20:53:08Z,2026-05-16T20:53:08Z,"de29ed44-ed1b-41d4-b93d-94f3e3c2dc4d","Yes",2026-05-16T20:53:08Z,
"PUBLISHED",,,"/restaurants/mi-casita-mexican-grill",,,,,,,,,,,"/restaurants1/",,,,,,,,,,,,,,,,,,,,,"cc0177e7-21b4-4bad-a76d-b9b95fd9d1cd",2026-04-19T20:00:16Z,2026-05-16T20:53:54Z,"de29ed44-ed1b-41d4-b93d-94f3e3c2dc4d",,2026-04-19T20:00:16Z,
"PUBLISHED","Panera Bread Miramar Beach","panera-bread-miramar-beach-miramar-beach","/restaurants/panera-bread-miramar-beach","Miramar Beach","miramar-beach","Miramar Beach | Silver Sands",,"{""subdivisions"":[{""code"":""FL"",""name"":""Florida"",""type"":""ADMINISTRATIVE_AREA_LEVEL_1""},{""code"":""Okaloosa County"",""name"":""Okaloosa County"",""type"":""ADMINISTRATIVE_AREA_LEVEL_2""},{""code"":""Destin"",""name"":""Destin"",""type"":""ADMINISTRATIVE_AREA_LEVEL_3""},{""code"":""US"",""name"":""United States"",""type"":""COUNTRY""}],""city"":""Destin"",""location"":{""latitude"":30.389012299999997,""longitude"":-86.42951040000001},""countryFullname"":""United States"",""streetAddress"":{""apt"":"""",""name"":""Emerald Coast Parkway"",""number"":""34885""},""formatted"":""34885 Emerald Coast Pkwy, Destin, FL 32541"",""country"":""US"",""postalCode"":""32541"",""subdivision"":""FL""}","(850) 837-2486","https://www.panerabread.com/en-us/cafe/locations/fl/destin/34885-emerald-coast-pkwy?utm_medium=local&utm_source=google&utm_campaign=dpm-dist&utm_term=600902&utm_content=main","$","Panera Bread Miramar Beach is a casual cafe in Miramar Beach | Silver Sands, useful for coffee, breakfast, or a quick daytime stop.","Mon: 7:00 AM – 9:00 PM; Tue: 7:00 AM – 9:00 PM; Wed: 7:00 AM – 9:00 PM; Thu: 7:00 AM – 9:00 PM; Fri: 7:00 AM – 9:00 PM; Sat: 7:00 AM – 9:00 PM; Sun: 7:00 AM – 9:00 PM","/restaurants1/",,,,"[""Fast Casual""]","[""American""]","[""Breakfast"",""Lunch"",""Dinner""]","[""Sandwiches"",""Cafe""]","ChIJAXZY4FZDkYgRtNRZg23VnTI","[""In Review""]","[""In Review""]","[""In Review""]","[""Yes""]","[""In Review""]","[""No""]","[""Coming Soon""]",,,"[""Yes""]","[""Cafe / Coffee""]","Panera Bread Miramar Beach Sandwiches Cafe American Fast Casual Miramar Beach Miramar Beach | Silver Sands","cd4792cf-5c0e-4965-a3c9-e0549a84364e",2026-05-16T20:53:08Z,2026-05-16T20:53:08Z,"de29ed44-ed1b-41d4-b93d-94f3e3c2dc4d","No",2026-05-16T20:53:08Z,
"PUBLISHED",,,"/restaurants/wild-nectar",,,,,,,,,,,"/restaurants1/",,,,,,,,,,,,,,,,,,,,,"ce8eb366-7cc6-4a92-be8d-fe858b274c98",2026-04-19T20:00:16Z,2026-05-16T20:53:54Z,"de29ed44-ed1b-41d4-b93d-94f3e3c2dc4d",,2026-04-19T20:00:16Z,
"PUBLISHED","John Wehner's Village Door Restaurant","john-wehner-s-village-door-restaurant-sandestin","/restaurants/john-wehner's-village-door-restaurant","Sandestin","sandestin","Baytowne Wharf | Sandestin",,"{""subdivisions"":[{""code"":""FL"",""name"":""Florida"",""type"":""ADMINISTRATIVE_AREA_LEVEL_1""},{""code"":""Walton County"",""name"":""Walton County"",""type"":""ADMINISTRATIVE_AREA_LEVEL_2""},{""code"":""Destin"",""name"":""Destin"",""type"":""ADMINISTRATIVE_AREA_LEVEL_3""},{""code"":""US"",""name"":""United States"",""type"":""COUNTRY""}],""city"":""Destin"",""location"":{""latitude"":30.389690199999997,""longitude"":-86.3260497},""countryFullname"":""United States"",""streetAddress"":{""apt"":"""",""name"":""Fisherman's Cove"",""number"":""136""},""formatted"":""136 Fisherman's Cove, Destin, FL 32550"",""country"":""US"",""postalCode"":""32550"",""subdivision"":""FL""}","(850) 601-5959","http://thevillagedoor.com/","$$","John Wehner's Village Door Restaurant is a casual bar and restaurant in Baytowne Wharf | Sandestin with seafood-focused dishes and a relaxed coastal atmosphere.","Mon: 11:00 AM – 10:00 PM; Tue: 11:00 AM – 10:00 PM; Wed: 11:00 AM – 10:00 PM; Thu: 11:00 AM – 10:00 PM; Fri: 11:00 AM – 2:00 AM; Sat: 11:00 AM – 2:00 AM; Sun: 11:00 AM – 10:00 PM","/restaurants1/",,,,"[""Casual Dining"",""Bar""]","[""American"",""BBQ""]","[""Lunch"",""Dinner""]","[""Grill"",""Seafood""]","ChIJuQEAAPxbkYgRNLn_UrtcbJo","[""Yes""]","[""In Review""]","[""Yes""]","[""Yes""]","[""In Review""]","[""In Review""]","[""Coming Soon""]","https://www.facebook.com/1377730799116038/","https://www.instagram.com/thevillagedoorrestaurant/","[""Yes""]","[""Bar & Restaurant""]","John Wehner's Village Door Restaurant Grill Seafood American BBQ Casual Dining Bar Sandestin Baytowne Wharf | Sandestin","ced09148-e775-4c58-82fc-c860217535b0",2026-05-16T20:53:08Z,2026-05-16T20:53:08Z,"de29ed44-ed1b-41d4-b93d-94f3e3c2dc4d","No",2026-05-16T20:53:08Z,
"PUBLISHED","The Wine Bar Grand Boulevard","the-wine-bar-grand-boulevard-grand-boulevard","/restaurants/the-wine-bar-grand-boulevard","Grand Boulevard","grand-boulevard","Grand Boulevard | Sandestin",,"{""subdivisions"":[{""code"":""FL"",""name"":""Florida"",""type"":""ADMINISTRATIVE_AREA_LEVEL_1""},{""code"":""Walton County"",""name"":""Walton County"",""type"":""ADMINISTRATIVE_AREA_LEVEL_2""},{""code"":""Miramar Beach"",""name"":""Miramar Beach"",""type"":""ADMINISTRATIVE_AREA_LEVEL_3""},{""code"":""US"",""name"":""United States"",""type"":""COUNTRY""}],""city"":""Miramar Beach"",""location"":{""latitude"":30.3793734,""longitude"":-86.3117951},""countryFullname"":""United States"",""streetAddress"":{""apt"":""101"",""name"":""Grand Boulevard"",""number"":""655""},""formatted"":""655 Grand Blvd #101, Miramar Beach, FL 32550"",""country"":""US"",""postalCode"":""32550"",""subdivision"":""FL""}","(850) 622-0804","http://www.thewinebarfl.com/","$$","The Wine Bar Grand Boulevard is a bar and restaurant in Grand Boulevard | Sandestin, good for drinks, casual food, and a relaxed meal with friends.","Mon: 11:00 AM – 9:00 PM; Tue: 11:00 AM – 9:00 PM; Wed: 11:00 AM – 9:00 PM; Thu: 11:00 AM – 9:00 PM; Fri: 11:00 AM – 9:00 PM; Sat: 11:00 AM – 9:00 PM; Sun: Closed","/restaurants1/",,,,"[""Casual Dining"",""Bar""]","[""American""]","[""Lunch"",""Dinner""]","[""Tapas"",""Wine""]","ChIJG4G0uzNZkYgRryY-AitqEsg","[""Yes""]","[""Yes""]","[""In Review""]","[""Yes""]","[""In Review""]","[""Yes""]","[""Coming Soon""]","http://www.facebook.com/2008/fbml/","http://instagram.com/thewinebarfl/","[""In Review""]","[""Bar & Restaurant""]","The Wine Bar Grand Boulevard Tapas Wine American Casual Dining Bar Grand Boulevard Grand Boulevard | Sandestin","cf254441-6d09-4ca9-86a9-26a161c15f58",2026-05-16T20:53:08Z,2026-05-16T20:53:08Z,"de29ed44-ed1b-41d4-b93d-94f3e3c2dc4d","No",2026-05-16T20:53:08Z,
"PUBLISHED","Sandcastles Restaurant","sandcastles-restaurant-sandestin","/restaurants/sandcastles-restaurant","Sandestin","sandestin","Sandestin | Hilton Sandestin",,"{""subdivisions"":[{""code"":""FL"",""name"":""Florida"",""type"":""ADMINISTRATIVE_AREA_LEVEL_1""},{""code"":""Walton County"",""name"":""Walton County"",""type"":""ADMINISTRATIVE_AREA_LEVEL_2""},{""code"":""Miramar Beach"",""name"":""Miramar Beach"",""type"":""ADMINISTRATIVE_AREA_LEVEL_3""},{""code"":""US"",""name"":""United States"",""type"":""COUNTRY""}],""city"":""Miramar Beach"",""location"":{""latitude"":30.369930600000004,""longitude"":-86.3276056},""countryFullname"":""United States"",""streetAddress"":{""apt"":"""",""name"":""South Sandestin Boulevard"",""number"":""4000""},""formatted"":""4000 S Sandestin Blvd, Miramar Beach, FL 32550"",""country"":""US"",""postalCode"":""32550"",""subdivision"":""FL""}","(850) 267-9500","https://hiltonsandestinbeach.com/sandestin-restaurants-sandcastles?utm_source=google&utm_medium=listing&utm_campaign=hilton+sandestin+beach+golf+resort+and+spa+sandcastles","$$","Sandcastles Restaurant is a seafood restaurant in Sandestin | Hilton Sandestin, offering a coastal dining option for lunch or dinner.","Mon: 7:00 AM – 11:00 PM; Tue: 7:00 AM – 11:00 PM; Wed: 7:00 AM – 11:00 PM; Thu: 7:00 AM – 11:00 PM; Fri: 7:00 AM – 11:00 PM; Sat: 7:00 AM – 10:00 PM; Sun: 7:00 AM – 10:00 PM","/restaurants1/",,,,"[""Casual Dining""]","[""American""]","[""Breakfast"",""Lunch"",""Dinner""]","[""Breakfast Spot"",""Seafood""]","ChIJH5AM-FBZkYgRzDw2yIjd4tc","[""In Review""]","[""In Review""]","[""In Review""]","[""In Review""]","[""In Review""]","[""Yes""]","[""Coming Soon""]",,,"[""Yes""]","[""Restaurant""]","Sandcastles Restaurant Breakfast Spot Seafood American Casual Dining Sandestin Sandestin | Hilton Sandestin","d019a0b7-2ded-4ae5-b469-ce17483ea1a3",2026-05-16T20:53:08Z,2026-05-16T20:53:08Z,"de29ed44-ed1b-41d4-b93d-94f3e3c2dc4d","Yes",2026-05-16T20:53:08Z,
"PUBLISHED","Tailfins Waterfront Grill","tailfins-waterfront-grill-destin-harbor","/restaurants/tailfins-waterfront-grill","Destin Harbor","destin-harbor","Destin Harbor",,"{""subdivisions"":[{""code"":""FL"",""name"":""Florida"",""type"":""ADMINISTRATIVE_AREA_LEVEL_1""},{""code"":""Okaloosa County"",""name"":""Okaloosa County"",""type"":""ADMINISTRATIVE_AREA_LEVEL_2""},{""code"":""Destin"",""name"":""Destin"",""type"":""ADMINISTRATIVE_AREA_LEVEL_3""},{""code"":""US"",""name"":""United States"",""type"":""COUNTRY""}],""city"":""Destin"",""location"":{""latitude"":30.393399,""longitude"":-86.50809679999999},""countryFullname"":""United States"",""streetAddress"":{""apt"":"""",""name"":""Harbor Boulevard"",""number"":""172""},""formatted"":""Main Level-Top Deck, 172 Harbor Blvd, Destin, FL 32541"",""country"":""US"",""postalCode"":""32541"",""subdivision"":""FL""}","(850) 650-1200","https://tailfinsdestin.com/","$$","Tailfins Waterfront Grill is a casual bar and restaurant in Destin Harbor with seafood-focused dishes and a relaxed coastal atmosphere.","Mon: 8:00 AM – 10:30 PM; Tue: 8:00 AM – 10:30 PM; Wed: 8:00 AM – 10:30 PM; Thu: 8:00 AM – 10:30 PM; Fri: 8:00 AM – 10:30 PM; Sat: 8:00 AM – 10:30 PM; Sun: 8:00 AM – 10:30 PM","/restaurants1/",,,,"[""Casual Dining"",""Bar""]","[""Seafood"",""American""]","[""Breakfast"",""Lunch"",""Dinner""]","[""Seafood"",""Breakfast Spot""]","ChIJl8lcIVJBkYgRWFBy1-pDO3E","[""Yes""]","[""In Review""]","[""Yes""]","[""Yes""]","[""In Review""]","[""No""]","[""Coming Soon""]","https://www.facebook.com/840381182675697/","https://www.instagram.com/tailfinsdestin/","[""Yes""]","[""Bar & Restaurant""]","Tailfins Waterfront Grill Seafood Breakfast Spot Seafood American Casual Dining Bar Destin Harbor Destin Harbor","d044712d-2dee-4a5b-a623-9c2795e100e6",2026-05-16T20:53:08Z,2026-05-16T20:53:08Z,"de29ed44-ed1b-41d4-b93d-94f3e3c2dc4d","Yes",2026-05-16T20:53:08Z,
"PUBLISHED","Holi Indian Kitchen","holi-indian-kitchen-miramar-beach","/restaurants/holi-indian-kitchen","Miramar Beach","miramar-beach","Miramar Beach | US 98",,"{""subdivisions"":[{""code"":""FL"",""name"":""Florida"",""type"":""ADMINISTRATIVE_AREA_LEVEL_1""},{""code"":""Walton County"",""name"":""Walton County"",""type"":""ADMINISTRATIVE_AREA_LEVEL_2""},{""code"":""Miramar Beach"",""name"":""Miramar Beach"",""type"":""ADMINISTRATIVE_AREA_LEVEL_3""},{""code"":""US"",""name"":""United States"",""type"":""COUNTRY""}],""city"":""Miramar Beach"",""location"":{""latitude"":30.3794216,""longitude"":-86.35507},""countryFullname"":""United States"",""streetAddress"":{""apt"":""Suite 103"",""name"":""Emerald Coast Parkway West"",""number"":""10859""},""formatted"":""10859 Emerald Coast Pkwy W Suite 103, Miramar Beach, FL 32550"",""country"":""US"",""postalCode"":""32550"",""subdivision"":""FL""}","(850) 353-2630","https://holirestaurants.com/","$$","Holi Indian Kitchen is an Asian restaurant in Miramar Beach | US 98, included as part of the Destin dining corridor draft for further verification.","Mon: 11:00 AM – 2:30 PM, 5:00 – 10:00 PM; Tue: 11:00 AM – 2:30 PM, 5:00 – 10:00 PM; Wed: 11:00 AM – 2:30 PM, 5:00 – 10:00 PM; Thu: 11:00 AM – 2:30 PM, 5:00 – 10:00 PM; Fri: 11:00 AM – 2:30 PM, 5:00 – 10:00 PM; Sat: 11:00 AM – 2:30 PM, 5:00 – 10:00 PM; Sun: 11:00 AM – 3:00 PM, 5:00 – 9:00 PM","/restaurants1/",,,,"[""Casual Dining""]","[""Asian""]","[""Lunch"",""Dinner""]","[""Noodles""]","ChIJmQyMCOlbkYgR3nrYRkpcgo4","[""In Review""]","[""In Review""]","[""In Review""]","[""In Review""]","[""In Review""]","[""In Review""]","[""Coming Soon""]",,,"[""Yes""]","[""Restaurant""]","Holi Indian Kitchen Noodles Asian Casual Dining Miramar Beach Miramar Beach | US 98","d1492a1f-fe94-4bdd-9e53-9ab78aca7470",2026-05-16T20:53:08Z,2026-05-16T20:53:08Z,"de29ed44-ed1b-41d4-b93d-94f3e3c2dc4d","No",2026-05-16T20:53:08Z,
"PUBLISHED",,,"/restaurants/the-donut-hole",,,,,,,,,,,"/restaurants1/",,,,,,,,,,,,,,,,,,,,,"d1824dc9-2a36-4801-997f-e7fb5e402f47",2026-04-19T20:00:16Z,2026-05-16T20:53:54Z,"de29ed44-ed1b-41d4-b93d-94f3e3c2dc4d",,2026-04-19T20:00:16Z,
"PUBLISHED",,,"/restaurants/local-cantina",,,,,,,,,,,"/restaurants1/",,,,,,,,,,,,,,,,,,,,,"d1a9559f-522e-488c-b27a-8b14968fcf61",2026-04-28T00:48:17Z,2026-05-16T20:53:54Z,"de29ed44-ed1b-41d4-b93d-94f3e3c2dc4d",,2026-04-28T00:48:06Z,
"PUBLISHED",,,"/restaurants/edward%E2%80%99s-fine-food-%26-wine",,,,,,,,,,,"/restaurants1/",,,,,,,,,,,,,,,,,,,,,"d2928d2f-6983-43e7-ba65-2e79d4bc6330",2026-04-19T20:00:16Z,2026-05-16T20:53:54Z,"de29ed44-ed1b-41d4-b93d-94f3e3c2dc4d",,2026-04-19T20:00:16Z,
"PUBLISHED","Aegean Greek Restaurant","aegean-greek-restaurant-miramar-beach","/restaurants/aegean-greek-restaurant","Miramar Beach","miramar-beach","Miramar Beach | US 98",,"{""subdivisions"":[{""code"":""FL"",""name"":""Florida"",""type"":""ADMINISTRATIVE_AREA_LEVEL_1""},{""code"":""Walton County"",""name"":""Walton County"",""type"":""ADMINISTRATIVE_AREA_LEVEL_2""},{""code"":""Miramar Beach"",""name"":""Miramar Beach"",""type"":""ADMINISTRATIVE_AREA_LEVEL_3""},{""code"":""US"",""name"":""United States"",""type"":""COUNTRY""}],""city"":""Miramar Beach"",""location"":{""latitude"":30.3840282,""longitude"":-86.3870038},""countryFullname"":""United States"",""streetAddress"":{""apt"":"""",""name"":""U.S. 98"",""number"":""12889""},""formatted"":""12889 US-98, Miramar Beach, FL 32550"",""country"":""US"",""postalCode"":""32550"",""subdivision"":""FL""}","(850) 460-2728","http://www.aegeanfl.com/","$$","Aegean Greek Restaurant is a seafood restaurant in Miramar Beach | US 98, offering a coastal dining option for lunch or dinner.","Mon: 8:00 AM – 9:00 PM; Tue: 8:00 AM – 9:00 PM; Wed: 8:00 AM – 9:00 PM; Thu: 8:00 AM – 9:00 PM; Fri: 8:00 AM – 9:00 PM; Sat: 8:00 AM – 9:00 PM; Sun: 8:00 AM – 9:00 PM","/restaurants1/",,,,"[""Casual Dining""]","[""Mediterranean""]","[""Lunch"",""Dinner""]","[""Gyros"",""Seafood""]","ChIJy6FV-YpbkYgR0AzKa1RUF8Q","[""In Review""]","[""In Review""]","[""In Review""]","[""In Review""]","[""In Review""]","[""Yes""]","[""Coming Soon""]","https://www.facebook.com/AegeanGreekRestaurant/","https://www.instagram.com/aegeanfl/","[""Yes""]","[""Restaurant""]","Aegean Greek Restaurant Gyros Seafood Mediterranean Casual Dining Miramar Beach Miramar Beach | US 98","d2c00915-61c3-4d06-b63f-e16dc873ab3e",2026-05-16T20:53:08Z,2026-05-16T20:53:08Z,"de29ed44-ed1b-41d4-b93d-94f3e3c2dc4d","No",2026-05-16T20:53:08Z,
"PUBLISHED",,,"/restaurants/crabby-steves",,,,,,,,,,,"/restaurants1/",,,,,,,,,,,,,,,,,,,,,"d442b19f-b0cd-4649-b233-1fb3fee61b4f",2026-04-19T20:00:16Z,2026-05-16T20:53:54Z,"de29ed44-ed1b-41d4-b93d-94f3e3c2dc4d",,2026-04-19T20:00:16Z,
"PUBLISHED","Roberto's Pizzeria","roberto-s-pizzeria-sandestin","/restaurants/roberto's-pizzeria","Sandestin","sandestin","Baytowne Wharf | Sandestin",,"{""subdivisions"":[{""code"":""FL"",""name"":""Florida"",""type"":""ADMINISTRATIVE_AREA_LEVEL_1""},{""code"":""Walton County"",""name"":""Walton County"",""type"":""ADMINISTRATIVE_AREA_LEVEL_2""},{""code"":""Destin"",""name"":""Destin"",""type"":""ADMINISTRATIVE_AREA_LEVEL_3""},{""code"":""US"",""name"":""United States"",""type"":""COUNTRY""}],""city"":""Destin"",""location"":{""latitude"":30.389651399999998,""longitude"":-86.3257163},""countryFullname"":""United States"",""streetAddress"":{""apt"":"""",""name"":""Cannery Lane"",""number"":""110""},""formatted"":""110 Cannery Ln, Destin, FL 32550"",""country"":""US"",""postalCode"":""32550"",""subdivision"":""FL""}","(850) 351-1998","http://www.robertositalianpizzeria.com/","$$","Roberto's Pizzeria is a casual pizza restaurant in Baytowne Wharf | Sandestin, useful for family meals, groups, or easy takeout.","Mon: 11:00 AM – 10:00 PM; Tue: 11:00 AM – 10:00 PM; Wed: 11:00 AM – 10:00 PM; Thu: 11:00 AM – 10:00 PM; Fri: 11:00 AM – 10:00 PM; Sat: 11:00 AM – 10:00 PM; Sun: 11:00 AM – 10:00 PM","/restaurants1/",,,,"[""Casual Dining""]","[""Italian""]","[""Lunch"",""Dinner""]","[""Pizza""]","ChIJ1bDjO1dbkYgRXI4ey5aJAcs","[""In Review""]","[""In Review""]","[""In Review""]","[""Yes""]","[""In Review""]","[""No""]","[""Coming Soon""]","https://www.facebook.com/RobertosPizzeria/",,"[""Yes""]","[""Restaurant""]","Roberto's Pizzeria Pizza Italian Casual Dining Sandestin Baytowne Wharf | Sandestin","d4d8e40a-916f-44af-8c3b-c53ebb8e142b",2026-05-16T20:53:08Z,2026-05-16T20:53:08Z,"de29ed44-ed1b-41d4-b93d-94f3e3c2dc4d","No",2026-05-16T20:53:08Z,
"PUBLISHED",,,"/restaurants/cafe-thirty-a",,,,,,,,,,,"/restaurants1/",,,,,,,,,,,,,,,,,,,,,"d6f23258-f27c-4250-8608-ca45b98ece7f",2026-04-19T20:00:16Z,2026-05-16T20:53:54Z,"de29ed44-ed1b-41d4-b93d-94f3e3c2dc4d",,2026-04-19T20:00:16Z,
"PUBLISHED",,,"/restaurants/cuvee-30a",,,,,,,,,,,"/restaurants1/",,,,,,,,,,,,,,,,,,,,,"d7c5cff1-0242-469e-b6b2-d66562515a50",2026-04-19T20:00:16Z,2026-05-16T20:53:54Z,"de29ed44-ed1b-41d4-b93d-94f3e3c2dc4d",,2026-04-19T20:00:16Z,
"PUBLISHED",,,"/restaurants/charlies-cafe",,,,,,,,,,,"/restaurants1/",,,,,,,,,,,,,,,,,,,,,"d865c455-50af-489d-8d6b-9812dfa2de28",2026-04-19T20:00:16Z,2026-05-16T20:53:54Z,"de29ed44-ed1b-41d4-b93d-94f3e3c2dc4d",,2026-04-19T20:00:16Z,
"PUBLISHED","BrickTop's","bricktop-s-grand-boulevard","/restaurants/bricktop's","Grand Boulevard","grand-boulevard","Grand Boulevard | Sandestin",,"{""subdivisions"":[{""code"":""FL"",""name"":""Florida"",""type"":""ADMINISTRATIVE_AREA_LEVEL_1""},{""code"":""Walton County"",""name"":""Walton County"",""type"":""ADMINISTRATIVE_AREA_LEVEL_2""},{""code"":""Miramar Beach"",""name"":""Miramar Beach"",""type"":""ADMINISTRATIVE_AREA_LEVEL_3""},{""code"":""US"",""name"":""United States"",""type"":""COUNTRY""}],""city"":""Miramar Beach"",""location"":{""latitude"":30.3787606,""longitude"":-86.3102725},""countryFullname"":""United States"",""streetAddress"":{""apt"":"""",""name"":""Grand Boulevard"",""number"":""765""},""formatted"":""765 Grand Blvd, Miramar Beach, FL 32550"",""country"":""US"",""postalCode"":""32550"",""subdivision"":""FL""}","(850) 659-7155","http://www.bricktops.com/","$$$","BrickTop's is an upscale restaurant and bar in Grand Boulevard | Sandestin, offering a more refined option for lunch, dinner, or drinks.","Mon: 11:00 AM – 9:00 PM; Tue: 11:00 AM – 9:00 PM; Wed: 11:00 AM – 9:00 PM; Thu: 11:00 AM – 9:00 PM; Fri: 11:00 AM – 10:00 PM; Sat: 11:00 AM – 10:00 PM; Sun: 10:00 AM – 9:00 PM","/restaurants1/",,,,"[""Upscale"",""Bar""]","[""American""]","[""Lunch"",""Dinner""]","[""Steak"",""Seafood""]","ChIJo2kb_DNZkYgRKlXsgsW0L7c","[""In Review""]","[""In Review""]","[""In Review""]","[""In Review""]","[""In Review""]","[""Yes""]","[""Coming Soon""]","http://www.facebook.com/2008/fbml/",,"[""Yes""]","[""Bar & Restaurant""]","BrickTop's Steak Seafood American Upscale Bar Grand Boulevard Grand Boulevard | Sandestin","dafc60b2-cf14-4eb4-8de5-6744f10a45e2",2026-05-16T20:53:08Z,2026-05-16T20:53:08Z,"de29ed44-ed1b-41d4-b93d-94f3e3c2dc4d","No",2026-05-16T20:53:08Z,
"PUBLISHED",,,"/restaurants/hurricane-oyster-bar",,,,,,,,,,,"/restaurants1/",,,,,,,,,,,,,,,,,,,,,"dc8b1f17-cf6d-4fb2-a610-e3c21269219a",2026-04-19T20:00:16Z,2026-05-16T20:53:54Z,"de29ed44-ed1b-41d4-b93d-94f3e3c2dc4d",,2026-04-19T20:00:16Z,
"PUBLISHED","Starbucks Destin Commons","starbucks-destin-commons-destin-commons","/restaurants/starbucks-destin-commons","Destin Commons","destin-commons","Destin Commons",,"{""subdivisions"":[{""code"":""FL"",""name"":""Florida"",""type"":""ADMINISTRATIVE_AREA_LEVEL_1""},{""code"":""Okaloosa County"",""name"":""Okaloosa County"",""type"":""ADMINISTRATIVE_AREA_LEVEL_2""},{""code"":""Destin"",""name"":""Destin"",""type"":""ADMINISTRATIVE_AREA_LEVEL_3""},{""code"":""US"",""name"":""United States"",""type"":""COUNTRY""}],""city"":""Destin"",""location"":{""latitude"":30.3918547,""longitude"":-86.4248889},""countryFullname"":""United States"",""streetAddress"":{""apt"":"""",""name"":""Legendary Drive"",""number"":""4100""},""formatted"":""4100 Legendary Dr, Destin, FL 32541"",""country"":""US"",""postalCode"":""32541"",""subdivision"":""FL""}","(850) 337-8700","http://www.destincommons.com/","$","Starbucks Destin Commons is a casual cafe in Destin Commons, useful for coffee, breakfast, or a quick daytime stop.","Mon: 10:00 AM – 9:00 PM; Tue: 10:00 AM – 9:00 PM; Wed: 10:00 AM – 9:00 PM; Thu: 10:00 AM – 9:00 PM; Fri: 10:00 AM – 9:00 PM; Sat: 10:00 AM – 9:00 PM; Sun: 11:00 AM – 7:00 PM","/restaurants1/",,,,"[""Fast Casual""]","[""American""]","[""Breakfast"",""Lunch""]","[""Coffee"",""Cafe""]","ChIJsyfeGFRDkYgR_vzvB8JKZoE","[""In Review""]","[""In Review""]","[""In Review""]","[""In Review""]","[""In Review""]","[""No""]","[""Coming Soon""]","https://www.facebook.com/DestinCommons/","https://www.instagram.com/thedestincommons/","[""Yes""]","[""Cafe / Coffee""]","Starbucks Destin Commons Coffee Cafe American Fast Casual Destin Commons Destin Commons","dd9421f3-afa1-46f2-8b7b-715e8abb3a5a",2026-05-16T20:53:08Z,2026-05-16T20:53:08Z,"de29ed44-ed1b-41d4-b93d-94f3e3c2dc4d","No",2026-05-16T20:53:08Z,
"PUBLISHED","Tiki Time","tiki-time-destin-harbor","/restaurants/tiki-time","Destin Harbor","destin-harbor","HarborWalk Village | Destin",,"{""subdivisions"":[{""code"":""FL"",""name"":""Florida"",""type"":""ADMINISTRATIVE_AREA_LEVEL_1""},{""code"":""Okaloosa County"",""name"":""Okaloosa County"",""type"":""ADMINISTRATIVE_AREA_LEVEL_2""},{""code"":""Destin"",""name"":""Destin"",""type"":""ADMINISTRATIVE_AREA_LEVEL_3""},{""code"":""US"",""name"":""United States"",""type"":""COUNTRY""}],""city"":""Destin"",""location"":{""latitude"":30.393928899999995,""longitude"":-86.5119347},""countryFullname"":""United States"",""streetAddress"":{""apt"":""Unit I"",""name"":""Harbor Boulevard"",""number"":""60""},""formatted"":""60 Harbor Blvd Unit I, Destin, FL 32541"",""country"":""US"",""postalCode"":""32541"",""subdivision"":""FL""}","(850) 347-6121","https://www.emeraldgrande.com/harborwalk-village/harborwalk-village-restaurants/","$","Tiki Time is a dessert stop in HarborWalk Village | Destin known for ice cream and sweet treats. A good family-friendly option after the beach or dinner.",,"/restaurants1/",,,,"[""Fast Casual""]","[""American""]","[""Desserts""]","[""Ice Cream"",""Juice & Bowls""]","ChIJf1JS_StBkYgRN4OOQxNzoPw","[""In Review""]","[""In Review""]","[""In Review""]","[""Yes""]","[""In Review""]","[""No""]","[""Coming Soon""]","https://www.facebook.com/TheEG.Destin/","https://www.instagram.com/emerald_grande/","[""Yes""]","[""Dessert""]","Tiki Time Ice Cream Juice & Bowls American Fast Casual Destin Harbor HarborWalk Village | Destin","ddda9879-6989-4c22-b3c1-e40929d10224",2026-05-16T20:53:08Z,2026-05-16T20:53:08Z,"de29ed44-ed1b-41d4-b93d-94f3e3c2dc4d","Yes",2026-05-16T20:53:08Z,
"PUBLISHED",,,"/restaurants/local-catch-bar-%26-grill",,,,,,,,,,,"/restaurants1/",,,,,,,,,,,,,,,,,,,,,"de250072-4c66-4b5c-b283-bb5e088c0ac6",2026-04-19T20:00:16Z,2026-05-16T20:53:54Z,"de29ed44-ed1b-41d4-b93d-94f3e3c2dc4d",,2026-04-19T20:00:16Z,
"PUBLISHED","Five Guys Miramar Beach","five-guys-miramar-beach-miramar-beach","/restaurants/five-guys-miramar-beach","Miramar Beach","miramar-beach","Miramar Beach | Silver Sands",,"{""subdivisions"":[{""code"":""FL"",""name"":""Florida"",""type"":""ADMINISTRATIVE_AREA_LEVEL_1""},{""code"":""Walton County"",""name"":""Walton County"",""type"":""ADMINISTRATIVE_AREA_LEVEL_2""},{""code"":""Miramar Beach"",""name"":""Miramar Beach"",""type"":""ADMINISTRATIVE_AREA_LEVEL_3""},{""code"":""US"",""name"":""United States"",""type"":""COUNTRY""}],""city"":""Miramar Beach"",""location"":{""latitude"":30.377772,""longitude"":-86.351849},""countryFullname"":""United States"",""streetAddress"":{""apt"":"""",""name"":""Poinciana Boulevard"",""number"":""17""},""formatted"":""17 Poinciana Blvd, Miramar Beach, FL 32550"",""country"":""US"",""postalCode"":""32550"",""subdivision"":""FL""}","(850) 424-3471","https://restaurants.fiveguys.com/17-poinciana-boulevard","$","Five Guys Miramar Beach is a fast-casual restaurant in Miramar Beach | Silver Sands, convenient for a quick lunch, dinner, or takeout.","Mon: 11:00 AM – 10:00 PM; Tue: 11:00 AM – 10:00 PM; Wed: 11:00 AM – 10:00 PM; Thu: 11:00 AM – 10:00 PM; Fri: 11:00 AM – 10:00 PM; Sat: 11:00 AM – 10:00 PM; Sun: 11:00 AM – 10:00 PM","/restaurants1/",,,,"[""Fast Casual""]","[""American""]","[""Lunch"",""Dinner""]","[""Burgers"",""Grill""]","ChIJGUj_WPFbkYgRjZbUNrCPmUE","[""In Review""]","[""In Review""]","[""In Review""]","[""No""]","[""In Review""]","[""No""]","[""Coming Soon""]",,,"[""Yes""]","[""Restaurant""]","Five Guys Miramar Beach Burgers Grill American Fast Casual Miramar Beach Miramar Beach | Silver Sands","ded46a07-dd6a-4925-b6b2-62d65973af89",2026-05-16T20:53:08Z,2026-05-16T20:53:08Z,"de29ed44-ed1b-41d4-b93d-94f3e3c2dc4d","No",2026-05-16T20:53:08Z,
"PUBLISHED",,,"/restaurants/steamboat-grill-30a",,,,,,,,,,,"/restaurants1/",,,,,,,,,,,,,,,,,,,,,"df58f81e-7103-42d2-b354-46e1c41919e6",2026-04-19T20:00:16Z,2026-05-16T20:53:54Z,"de29ed44-ed1b-41d4-b93d-94f3e3c2dc4d",,2026-04-19T20:00:16Z,
"PUBLISHED",,,"/restaurants/papa-surf-burger-bar",,,,,,,,,,,"/restaurants1/",,,,,,,,,,,,,,,,,,,,,"dfabe37d-a5d0-4859-9b37-ea108a5da8c0",2026-04-19T20:00:16Z,2026-05-16T20:53:54Z,"de29ed44-ed1b-41d4-b93d-94f3e3c2dc4d",,2026-04-19T20:00:16Z,
"PUBLISHED","It'sugar Destin Commons","it-sugar-destin-commons-destin-commons","/restaurants/it'sugar-destin-commons","Destin Commons","destin-commons","Destin Commons",,"{""subdivisions"":[{""code"":""FL"",""name"":""Florida"",""type"":""ADMINISTRATIVE_AREA_LEVEL_1""},{""code"":""Okaloosa County"",""name"":""Okaloosa County"",""type"":""ADMINISTRATIVE_AREA_LEVEL_2""},{""code"":""Destin"",""name"":""Destin"",""type"":""ADMINISTRATIVE_AREA_LEVEL_3""},{""code"":""US"",""name"":""United States"",""type"":""COUNTRY""}],""city"":""Destin"",""location"":{""latitude"":30.391671599999995,""longitude"":-86.423599},""countryFullname"":""United States"",""streetAddress"":{""apt"":""B114"",""name"":""Legendary Drive"",""number"":""4341""},""formatted"":""4341 Legendary Dr B114, Destin, FL 32541"",""country"":""US"",""postalCode"":""32541"",""subdivision"":""FL""}","(850) 517-3773","http://www.itsugar.com/","$","It'sugar Destin Commons serves sweets and treats in Destin Commons. It is best suited for a quick dessert stop or a snack while exploring the area.","Mon: 10:00 AM – 9:00 PM; Tue: 10:00 AM – 9:00 PM; Wed: 10:00 AM – 9:00 PM; Thu: 10:00 AM – 9:00 PM; Fri: 10:00 AM – 9:00 PM; Sat: 10:00 AM – 9:00 PM; Sun: 11:00 AM – 7:00 PM","/restaurants1/",,,,"[""Fast Casual""]","[""American""]","[""Desserts""]","[""Cookies & Sweets"",""Dessert""]","ChIJV_xdlFZDkYgRQqq0Dy_ZCvY","[""In Review""]","[""In Review""]","[""In Review""]","[""No""]","[""In Review""]","[""No""]","[""Coming Soon""]","https://www.facebook.com/itsugar/","https://www.instagram.com/itsugar/","[""Yes""]","[""Dessert""]","It'sugar Destin Commons Cookies & Sweets Dessert American Fast Casual Destin Commons Destin Commons","e1ce142b-eb53-4969-bc57-4503ac4619e2",2026-05-16T20:53:08Z,2026-05-16T20:53:08Z,"de29ed44-ed1b-41d4-b93d-94f3e3c2dc4d","No",2026-05-16T20:53:08Z,
"PUBLISHED","Chick-fil-A Miramar Beach","chick-fil-a-miramar-beach-miramar-beach","/restaurants/chick-fil-a-miramar-beach","Miramar Beach","miramar-beach","Miramar Beach | Silver Sands",,"{""subdivisions"":[{""code"":""FL"",""name"":""Florida"",""type"":""ADMINISTRATIVE_AREA_LEVEL_1""},{""code"":""Walton County"",""name"":""Walton County"",""type"":""ADMINISTRATIVE_AREA_LEVEL_2""},{""code"":""Miramar Beach"",""name"":""Miramar Beach"",""type"":""ADMINISTRATIVE_AREA_LEVEL_3""},{""code"":""US"",""name"":""United States"",""type"":""COUNTRY""}],""city"":""Miramar Beach"",""location"":{""latitude"":30.3765245,""longitude"":-86.3497544},""countryFullname"":""United States"",""streetAddress"":{""apt"":"""",""name"":""Scenic Gulf Drive"",""number"":""52""},""formatted"":""52 Scenic Gulf Dr, Miramar Beach, FL 32550"",""country"":""US"",""postalCode"":""32550"",""subdivision"":""FL""}","(850) 846-6246","https://www.chick-fil-a.com/locations/fl/south-walton?utm_source=google&utm_medium=gmb","$","Chick-fil-A Miramar Beach is a fast-casual spot in Miramar Beach | Silver Sands, useful for sandwiches and an easy lunch or dinner.","Mon: 6:30 AM – 10:00 PM; Tue: 6:30 AM – 10:00 PM; Wed: 6:30 AM – 10:00 PM; Thu: 6:30 AM – 10:00 PM; Fri: 6:30 AM – 10:00 PM; Sat: 6:30 AM – 10:00 PM; Sun: Closed","/restaurants1/",,,,"[""Fast Casual""]","[""American""]","[""Breakfast"",""Lunch"",""Dinner""]","[""Sandwiches"",""Grill""]","ChIJq7UXovFbkYgRr-Lm90sfpC0","[""In Review""]","[""In Review""]","[""In Review""]","[""No""]","[""In Review""]","[""No""]","[""Coming Soon""]",,,"[""Yes""]","[""Restaurant""]","Chick-fil-A Miramar Beach Sandwiches Grill American Fast Casual Miramar Beach Miramar Beach | Silver Sands","e31f980d-7c4d-4ec3-b029-c092469fea22",2026-05-16T20:53:08Z,2026-05-16T20:53:08Z,"de29ed44-ed1b-41d4-b93d-94f3e3c2dc4d","No",2026-05-16T20:53:08Z,
"PUBLISHED","Starbucks Grand Boulevard","starbucks-grand-boulevard-grand-boulevard","/restaurants/starbucks-grand-boulevard","Grand Boulevard","grand-boulevard","Grand Boulevard | Sandestin",,"{""subdivisions"":[{""code"":""FL"",""name"":""Florida"",""type"":""ADMINISTRATIVE_AREA_LEVEL_1""},{""code"":""Walton County"",""name"":""Walton County"",""type"":""ADMINISTRATIVE_AREA_LEVEL_2""},{""code"":""Miramar Beach"",""name"":""Miramar Beach"",""type"":""ADMINISTRATIVE_AREA_LEVEL_3""},{""code"":""US"",""name"":""United States"",""type"":""COUNTRY""}],""city"":""Miramar Beach"",""location"":{""latitude"":30.378030000000003,""longitude"":-86.31020000000001},""countryFullname"":""United States"",""streetAddress"":{""apt"":"""",""name"":""Grand Boulevard"",""number"":""780""},""formatted"":""780 Grand Blvd, Miramar Beach, FL 32550"",""country"":""US"",""postalCode"":""32550"",""subdivision"":""FL""}","(850) 622-0215","https://www.starbucks.com/store-locator/store/1008741/","$","Starbucks Grand Boulevard is a casual cafe in Grand Boulevard | Sandestin, useful for coffee, breakfast, or a quick daytime stop.","Mon: 4:30 AM – 9:00 PM; Tue: 4:30 AM – 9:00 PM; Wed: 4:30 AM – 9:00 PM; Thu: 4:30 AM – 9:00 PM; Fri: 4:30 AM – 9:00 PM; Sat: 5:00 AM – 9:00 PM; Sun: 5:00 AM – 9:00 PM","/restaurants1/",,,,"[""Fast Casual""]","[""American""]","[""Breakfast"",""Lunch""]","[""Coffee"",""Cafe""]","ChIJt6KW6TNZkYgRCBfu1utQLE8","[""No""]","[""No""]","[""In Review""]","[""Yes""]","[""In Review""]","[""No""]","[""Coming Soon""]",,,"[""Yes""]","[""Cafe / Coffee""]","Starbucks Grand Boulevard Coffee Cafe American Fast Casual Grand Boulevard Grand Boulevard | Sandestin","e45a66c1-1454-42e5-afe2-8d8403f78966",2026-05-16T20:53:08Z,2026-05-16T20:53:08Z,"de29ed44-ed1b-41d4-b93d-94f3e3c2dc4d","No",2026-05-16T20:53:08Z,
"PUBLISHED","Sweetbay Coffee","sweetbay-coffee-sandestin","/restaurants/sweetbay-coffee","Sandestin","sandestin","Sandestin | Hotel Effie",,"{""subdivisions"":[{""code"":""FL"",""name"":""Florida"",""type"":""ADMINISTRATIVE_AREA_LEVEL_1""},{""code"":""Walton County"",""name"":""Walton County"",""type"":""ADMINISTRATIVE_AREA_LEVEL_2""},{""code"":""Miramar Beach"",""name"":""Miramar Beach"",""type"":""ADMINISTRATIVE_AREA_LEVEL_3""},{""code"":""US"",""name"":""United States"",""type"":""COUNTRY""}],""city"":""Miramar Beach"",""location"":{""latitude"":30.391585399999997,""longitude"":-86.3248835},""countryFullname"":""United States"",""streetAddress"":{""apt"":"""",""name"":""Grand Sandestin Boulevard"",""number"":""1""},""formatted"":""1 Grand Sandestin Blvd, Miramar Beach, FL 32550"",""country"":""US"",""postalCode"":""32550"",""subdivision"":""FL""}","(850) 351-3031","https://www.hoteleffie.com/sweetbay-coffee","$","Sweetbay Coffee is a casual cafe in Sandestin | Hotel Effie, useful for coffee, breakfast, or a quick daytime stop.","Mon: 6:30 – 11:00 AM; Tue: 6:30 – 11:00 AM; Wed: 6:30 – 11:00 AM; Thu: 6:30 – 11:00 AM; Fri: 6:30 – 11:00 AM; Sat: 6:30 – 11:00 AM; Sun: 6:30 – 11:00 AM","/restaurants1/",,,,"[""Fast Casual""]","[""American""]","[""Breakfast"",""Lunch""]","[""Coffee"",""Cafe""]","ChIJvzHyJAZfkYgRMZQuX20dwS4","[""No""]","[""No""]","[""In Review""]","[""In Review""]","[""In Review""]","[""No""]","[""Coming Soon""]",,,"[""Yes""]","[""Cafe / Coffee""]","Sweetbay Coffee Coffee Cafe American Fast Casual Sandestin Sandestin | Hotel Effie","e8b81f23-26a0-403d-b786-d03330904877",2026-05-16T20:53:08Z,2026-05-16T20:53:08Z,"de29ed44-ed1b-41d4-b93d-94f3e3c2dc4d","No",2026-05-16T20:53:08Z,
"PUBLISHED",,,"/restaurants/pecan-jacks",,,,,,,,,,,"/restaurants1/",,,,,,,,,,,,,,,,,,,,,"e950f905-3dbe-40b2-b8de-948e20236df3",2026-04-19T20:00:16Z,2026-05-16T20:53:54Z,"de29ed44-ed1b-41d4-b93d-94f3e3c2dc4d",,2026-04-19T20:00:16Z,
"PUBLISHED","The Whale's Tail","the-whale-s-tail-miramar-beach","/restaurants/the-whale's-tail","Miramar Beach","miramar-beach","Miramar Beach | Scenic Gulf Drive",,"{""subdivisions"":[{""code"":""FL"",""name"":""Florida"",""type"":""ADMINISTRATIVE_AREA_LEVEL_1""},{""code"":""Walton County"",""name"":""Walton County"",""type"":""ADMINISTRATIVE_AREA_LEVEL_2""},{""code"":""Miramar Beach"",""name"":""Miramar Beach"",""type"":""ADMINISTRATIVE_AREA_LEVEL_3""},{""code"":""US"",""name"":""United States"",""type"":""COUNTRY""}],""city"":""Miramar Beach"",""location"":{""latitude"":30.3758948,""longitude"":-86.3715623},""countryFullname"":""United States"",""streetAddress"":{""apt"":"""",""name"":""Highway 2378"",""number"":""1373""},""formatted"":""1373 Hwy 2378, Miramar Beach, FL 32550"",""country"":""US"",""postalCode"":""32550"",""subdivision"":""FL""}","(850) 650-4377","https://www.whalestailbeachrestaurant.com/","$$","The Whale's Tail is a casual bar and restaurant in Miramar Beach | Scenic Gulf Drive with seafood-focused dishes and a relaxed coastal atmosphere.","Mon: 7:00 AM – 9:00 PM; Tue: 7:00 AM – 9:00 PM; Wed: 7:00 AM – 9:00 PM; Thu: 7:00 AM – 9:00 PM; Fri: 7:00 AM – 10:00 PM; Sat: 7:00 AM – 10:00 PM; Sun: 7:00 AM – 9:00 PM","/restaurants1/",,,,"[""Casual Dining"",""Bar""]","[""Seafood"",""American""]","[""Breakfast"",""Lunch"",""Dinner""]","[""Seafood"",""Breakfast Spot""]","ChIJS9riv49bkYgRAi47KF4bXaY","[""Yes""]","[""In Review""]","[""In Review""]","[""Yes""]","[""In Review""]","[""No""]","[""Coming Soon""]",,,"[""Yes""]","[""Bar & Restaurant""]","The Whale's Tail Seafood Breakfast Spot Seafood American Casual Dining Bar Miramar Beach Miramar Beach | Scenic Gulf Drive","e9a193d2-3950-4d85-bced-085c44d25dfa",2026-05-16T20:53:08Z,2026-05-16T20:53:08Z,"de29ed44-ed1b-41d4-b93d-94f3e3c2dc4d","Yes",2026-05-16T20:53:08Z,
"PUBLISHED",,,"/restaurants/the-big-chill",,,,,,,,,,,"/restaurants1/",,,,,,,,,,,,,,,,,,,,,"ea954898-6a53-4479-aafb-36eec5ba3172",2026-04-19T20:00:16Z,2026-05-16T20:53:54Z,"de29ed44-ed1b-41d4-b93d-94f3e3c2dc4d",,2026-04-19T20:00:16Z,
"PUBLISHED",,,"/restaurants/black-bear-bread-co.",,,,,,,,,,,"/restaurants1/",,,,,,,,,,,,,,,,,,,,,"ead9e0e7-1911-476f-9ed5-1979f517df13",2026-04-19T20:00:16Z,2026-05-16T20:53:54Z,"de29ed44-ed1b-41d4-b93d-94f3e3c2dc4d",,2026-04-19T20:00:16Z,
"PUBLISHED",,,"/restaurants/canopy-road-cafe",,,,,,,,,,,"/restaurants1/",,,,,,,,,,,,,,,,,,,,,"eb2ccdf5-ddb9-4e08-89ef-91819afdd35a",2026-04-19T20:00:16Z,2026-05-16T20:53:54Z,"de29ed44-ed1b-41d4-b93d-94f3e3c2dc4d",,2026-04-19T20:00:16Z,
"PUBLISHED","Pazzo Italiano","pazzo-italiano-mid-destin","/restaurants/pazzo-italiano","Mid-Destin","mid-destin","Destin | US 98",,"{""subdivisions"":[{""code"":""FL"",""name"":""Florida"",""type"":""ADMINISTRATIVE_AREA_LEVEL_1""},{""code"":""Okaloosa County"",""name"":""Okaloosa County"",""type"":""ADMINISTRATIVE_AREA_LEVEL_2""},{""code"":""Destin"",""name"":""Destin"",""type"":""ADMINISTRATIVE_AREA_LEVEL_3""},{""code"":""US"",""name"":""United States"",""type"":""COUNTRY""}],""city"":""Destin"",""location"":{""latitude"":30.3872516,""longitude"":-86.42805659999999},""countryFullname"":""United States"",""streetAddress"":{""apt"":""114"",""name"":""Emerald Coast Parkway"",""number"":""34904""},""formatted"":""34904 Emerald Coast Pkwy #114, Destin, FL 32541"",""country"":""US"",""postalCode"":""32541"",""subdivision"":""FL""}","(850) 974-5484","http://www.pazzodestin.com/","$$","Pazzo Italiano is a casual pizza restaurant in Destin | US 98, useful for family meals, groups, or easy takeout.","Mon: 11:00 AM – 9:00 PM; Tue: 11:00 AM – 9:00 PM; Wed: 11:00 AM – 9:00 PM; Thu: 11:00 AM – 9:00 PM; Fri: 11:00 AM – 9:00 PM; Sat: 4:00 – 9:00 PM; Sun: 4:00 – 9:00 PM","/restaurants1/",,,,"[""Casual Dining""]","[""Italian""]","[""Lunch"",""Dinner""]","[""Pizza"",""Pasta""]","ChIJ72M-4FdDkYgRn3BIT3FJYO0","[""In Review""]","[""In Review""]","[""In Review""]","[""Yes""]","[""In Review""]","[""Yes""]","[""Coming Soon""]","https://www.facebook.com/pazzoitalianodestin/","https://www.instagram.com/pazzodestin/","[""Yes""]","[""Restaurant""]","Pazzo Italiano Pizza Pasta Italian Casual Dining Mid-Destin Destin | US 98","eb359979-7cca-4e66-9454-3df556220bff",2026-05-16T20:53:08Z,2026-05-16T20:53:08Z,"de29ed44-ed1b-41d4-b93d-94f3e3c2dc4d","No",2026-05-16T20:53:08Z,
"PUBLISHED",,,"/restaurants/mimmos-30a",,,,,,,,,,,"/restaurants1/",,,,,,,,,,,,,,,,,,,,,"eb462f82-19f3-44d8-9269-e0b52d90d815",2026-04-19T20:00:16Z,2026-05-16T20:53:54Z,"de29ed44-ed1b-41d4-b93d-94f3e3c2dc4d",,2026-04-19T20:00:16Z,
"PUBLISHED","Marina Bar & Grill","marina-bar-and-grill-sandestin","/restaurants/marina-bar-%26-grill","Sandestin","sandestin","Sandestin | Baytowne Marina",,"{""subdivisions"":[{""code"":""FL"",""name"":""Florida"",""type"":""ADMINISTRATIVE_AREA_LEVEL_1""},{""code"":""Walton County"",""name"":""Walton County"",""type"":""ADMINISTRATIVE_AREA_LEVEL_2""},{""code"":""Miramar Beach"",""name"":""Miramar Beach"",""type"":""ADMINISTRATIVE_AREA_LEVEL_3""},{""code"":""US"",""name"":""United States"",""type"":""COUNTRY""}],""city"":""Miramar Beach"",""location"":{""latitude"":30.387651899999998,""longitude"":-86.325957},""countryFullname"":""United States"",""streetAddress"":{""apt"":"""",""name"":""Mike Hayes Drive"",""number"":""8330""},""formatted"":""8330 Mike Hayes Dr, Miramar Beach, FL 32550"",""country"":""US"",""postalCode"":""32550"",""subdivision"":""FL""}","(850) 267-7778","https://www.sandestin.com/dine/marina-bar-grill?utm_source=google-gbp&utm_medium=organic&utm_campaign=gbp","$$","Marina Bar & Grill is a casual bar and restaurant in Sandestin | Baytowne Marina with seafood-focused dishes and a relaxed coastal atmosphere.","Mon: 11:00 AM – 10:00 PM; Tue: 11:00 AM – 10:00 PM; Wed: 11:00 AM – 10:00 PM; Thu: 11:00 AM – 10:00 PM; Fri: 11:00 AM – 11:00 PM; Sat: 8:00 AM – 11:00 PM; Sun: 8:00 AM – 10:00 PM","/restaurants1/",,,,"[""Casual Dining"",""Bar""]","[""American"",""Seafood""]","[""Lunch"",""Dinner""]","[""Seafood"",""Burgers""]","ChIJxRcYy1NZkYgRfBwXqknPu0s","[""Yes""]","[""In Review""]","[""In Review""]","[""Yes""]","[""In Review""]","[""No""]","[""Coming Soon""]",,,"[""Yes""]","[""Bar & Restaurant""]","Marina Bar & Grill Seafood Burgers American Seafood Casual Dining Bar Sandestin Sandestin | Baytowne Marina","ec11eb6f-84c8-495e-83c4-1046f39d2caf",2026-05-16T20:53:08Z,2026-05-16T20:53:08Z,"de29ed44-ed1b-41d4-b93d-94f3e3c2dc4d","Yes",2026-05-16T20:53:08Z,
"PUBLISHED","Jackacuda's Seafood & Sushi","jackacuda-s-seafood-and-sushi-destin-harbor","/restaurants/jackacuda's-seafood-%26-sushi","Destin Harbor","destin-harbor","Destin Harbor",,"{""subdivisions"":[{""code"":""FL"",""name"":""Florida"",""type"":""ADMINISTRATIVE_AREA_LEVEL_1""},{""code"":""Okaloosa County"",""name"":""Okaloosa County"",""type"":""ADMINISTRATIVE_AREA_LEVEL_2""},{""code"":""Destin"",""name"":""Destin"",""type"":""ADMINISTRATIVE_AREA_LEVEL_3""},{""code"":""US"",""name"":""United States"",""type"":""COUNTRY""}],""city"":""Destin"",""location"":{""latitude"":30.3869904,""longitude"":-86.4083292},""countryFullname"":""United States"",""streetAddress"":{""apt"":"""",""name"":""Emerald Coast Parkway"",""number"":""36120""},""formatted"":""36120 Emerald Coast Pkwy, Destin, FL 32541"",""country"":""US"",""postalCode"":""32541"",""subdivision"":""FL""}","(850) 460-2909","http://jackacudas.com/","$$","Jackacuda's Seafood & Sushi is a casual bar and restaurant in Destin Harbor with seafood-focused dishes and a relaxed coastal atmosphere.","Mon: 11:30 AM – 9:00 PM; Tue: 11:30 AM – 9:00 PM; Wed: 11:30 AM – 9:00 PM; Thu: 11:30 AM – 9:00 PM; Fri: 11:30 AM – 9:00 PM; Sat: 11:30 AM – 9:00 PM; Sun: 11:30 AM – 9:00 PM","/restaurants1/",,,,"[""Casual Dining"",""Bar""]","[""Seafood"",""Japanese"",""Sushi""]","[""Lunch"",""Dinner""]","[""Seafood"",""Sushi""]","ChIJ_yNKCk5BkYgR3brTLDvdE14","[""Yes""]","[""In Review""]","[""In Review""]","[""Yes""]","[""In Review""]","[""Yes""]","[""Coming Soon""]","http://www.facebook.com/2008/fbml/","http://www.instagram.com/jackacudas/","[""Yes""]","[""Bar & Restaurant""]","Jackacuda's Seafood & Sushi Seafood Sushi Seafood Japanese Sushi Casual Dining Bar Destin Harbor Destin Harbor","ec63270f-9224-4e86-910d-a6e7109fed08",2026-05-16T20:53:08Z,2026-05-16T20:53:08Z,"de29ed44-ed1b-41d4-b93d-94f3e3c2dc4d","Yes",2026-05-16T20:53:08Z,
"PUBLISHED",,,"/restaurants/brozinni-pizzeria",,,,,,,,,,,"/restaurants1/",,,,,,,,,,,,,,,,,,,,,"ed99c8d7-fb8f-446c-bc9b-0541824b3dfe",2026-04-19T20:00:16Z,2026-05-16T20:53:54Z,"de29ed44-ed1b-41d4-b93d-94f3e3c2dc4d",,2026-04-19T20:00:16Z,
"PUBLISHED","Chipotle Mexican Grill Destin Commons","chipotle-mexican-grill-destin-commons-destin-commons","/restaurants/chipotle-mexican-grill-destin-commons","Destin Commons","destin-commons","Destin Commons",,"{""subdivisions"":[{""code"":""FL"",""name"":""Florida"",""type"":""ADMINISTRATIVE_AREA_LEVEL_1""},{""code"":""Okaloosa County"",""name"":""Okaloosa County"",""type"":""ADMINISTRATIVE_AREA_LEVEL_2""},{""code"":""Destin"",""name"":""Destin"",""type"":""ADMINISTRATIVE_AREA_LEVEL_3""},{""code"":""US"",""name"":""United States"",""type"":""COUNTRY""}],""city"":""Destin"",""location"":{""latitude"":30.3901346,""longitude"":-86.4248425},""countryFullname"":""United States"",""streetAddress"":{""apt"":"""",""name"":""Legendary Drive"",""number"":""4281""},""formatted"":""4281 Legendary Dr, Destin, FL 32541"",""country"":""US"",""postalCode"":""32541"",""subdivision"":""FL""}","(850) 269-0187","https://locations.chipotle.com/fl/destin/4281-legendary-dr?utm_source=google&utm_medium=yext&utm_campaign=yext_listings?restaurant=2265","$","Chipotle Mexican Grill Destin Commons is a fast-casual restaurant in Destin Commons, convenient for a quick lunch, dinner, or takeout.","Mon: 10:45 AM – 10:00 PM; Tue: 10:45 AM – 10:00 PM; Wed: 10:45 AM – 10:00 PM; Thu: 10:45 AM – 10:00 PM; Fri: 10:45 AM – 10:00 PM; Sat: 10:45 AM – 10:00 PM; Sun: 10:45 AM – 10:00 PM","/restaurants1/",,,,"[""Fast Casual""]","[""Mexican""]","[""Lunch"",""Dinner""]","[""Tacos"",""Grill""]","ChIJf3vHJ1FDkYgRwCLlCxXc8-Y","[""In Review""]","[""In Review""]","[""In Review""]","[""Yes""]","[""In Review""]","[""No""]","[""Coming Soon""]",,,"[""Yes""]","[""Restaurant""]","Chipotle Mexican Grill Destin Commons Tacos Grill Mexican Fast Casual Destin Commons Destin Commons","edcba777-6b0a-4fb1-aac8-d26b9dec3a82",2026-05-16T20:53:08Z,2026-05-16T20:53:08Z,"de29ed44-ed1b-41d4-b93d-94f3e3c2dc4d","No",2026-05-16T20:53:08Z,
"PUBLISHED","The Craft Bar","the-craft-bar-grand-boulevard","/restaurants/the-craft-bar","Grand Boulevard","grand-boulevard","Grand Boulevard | Sandestin",,"{""subdivisions"":[{""code"":""FL"",""name"":""Florida"",""type"":""ADMINISTRATIVE_AREA_LEVEL_1""},{""code"":""Walton County"",""name"":""Walton County"",""type"":""ADMINISTRATIVE_AREA_LEVEL_2""},{""code"":""Miramar Beach"",""name"":""Miramar Beach"",""type"":""ADMINISTRATIVE_AREA_LEVEL_3""},{""code"":""US"",""name"":""United States"",""type"":""COUNTRY""}],""city"":""Miramar Beach"",""location"":{""latitude"":30.379334,""longitude"":-86.311894},""countryFullname"":""United States"",""streetAddress"":{""apt"":"""",""name"":""Grand Boulevard"",""number"":""655""},""formatted"":""655 Grand Blvd, Miramar Beach, FL 32550"",""country"":""US"",""postalCode"":""32550"",""subdivision"":""FL""}","(850) 608-6226","http://thecraftbarfl.com/","$$","The Craft Bar is a bar and restaurant in Grand Boulevard | Sandestin, good for drinks, casual food, and a relaxed meal with friends.","Mon: 11:00 AM – 9:00 PM; Tue: 11:00 AM – 9:00 PM; Wed: 11:00 AM – 9:00 PM; Thu: 11:00 AM – 9:00 PM; Fri: 11:00 AM – 10:00 PM; Sat: 11:00 AM – 10:00 PM; Sun: 11:00 AM – 9:00 PM","/restaurants1/",,,,"[""Casual Dining"",""Bar""]","[""American""]","[""Lunch"",""Dinner""]","[""Burgers"",""Grill""]","ChIJne2x8zNZkYgRlUEt1SCJp7E","[""Yes""]","[""Yes""]","[""In Review""]","[""Yes""]","[""In Review""]","[""No""]","[""Coming Soon""]","http://www.facebook.com/2008/fbml/","http://instagram.com/thecraftbarfl/","[""Yes""]","[""Bar & Restaurant""]","The Craft Bar Burgers Grill American Casual Dining Bar Grand Boulevard Grand Boulevard | Sandestin","ef3171ed-7007-49b2-a831-98cce6232494",2026-05-16T20:53:08Z,2026-05-16T20:53:08Z,"de29ed44-ed1b-41d4-b93d-94f3e3c2dc4d","No",2026-05-16T20:53:08Z,
"PUBLISHED","New Dragon Chinese Buffet & Mongolian Grill","new-dragon-chinese-buffet-and-mongolian-grill-mid-destin","/restaurants/new-dragon-chinese-buffet-%26-mongolian-grill","Mid-Destin","mid-destin","Destin | US 98",,"{""subdivisions"":[{""code"":""FL"",""name"":""Florida"",""type"":""ADMINISTRATIVE_AREA_LEVEL_1""},{""code"":""Okaloosa County"",""name"":""Okaloosa County"",""type"":""ADMINISTRATIVE_AREA_LEVEL_2""},{""code"":""Destin"",""name"":""Destin"",""type"":""ADMINISTRATIVE_AREA_LEVEL_3""},{""code"":""US"",""name"":""United States"",""type"":""COUNTRY""}],""city"":""Destin"",""location"":{""latitude"":30.387183999999998,""longitude"":-86.42843500000001},""countryFullname"":""United States"",""streetAddress"":{""apt"":""102"",""name"":""Emerald Coast Parkway"",""number"":""34904""},""formatted"":""34904 Emerald Coast Pkwy #102, Destin, FL 32541"",""country"":""US"",""postalCode"":""32541"",""subdivision"":""FL""}","(850) 650-1288","https://www.newdragondestin.com/","$$","New Dragon Chinese Buffet & Mongolian Grill is an Asian restaurant in Destin | US 98, included as part of the Destin dining corridor draft for further verification. Google currently lists this business as permanently closed; verify before publishing.",,"/restaurants1/",,,,"[""Casual Dining""]","[""Asian""]","[""Lunch"",""Dinner""]","[""Grill""]","ChIJ2Wmt3VdDkYgRUXLKCzJICrU","[""In Review""]","[""In Review""]","[""In Review""]","[""No""]","[""In Review""]","[""No""]","[""Coming Soon""]",,,"[""Yes""]","[""Restaurant""]","New Dragon Chinese Buffet & Mongolian Grill Grill Asian Casual Dining Mid-Destin Destin | US 98","f0e239a5-532c-493d-9d51-0b1bbaf678cf",2026-05-16T20:53:08Z,2026-05-16T20:53:08Z,"de29ed44-ed1b-41d4-b93d-94f3e3c2dc4d","No",2026-05-16T20:53:08Z,
"PUBLISHED",,,"/restaurants/renaissance-french-restaurant",,,,,,,,,,,"/restaurants1/",,,,,,,,,,,,,,,,,,,,,"f1602fdd-079d-431a-9880-814d6fbde547",2026-04-19T20:00:16Z,2026-05-16T20:53:54Z,"de29ed44-ed1b-41d4-b93d-94f3e3c2dc4d",,2026-04-19T20:00:16Z,
"PUBLISHED","Bad Ass Coffee of Hawaii","bad-ass-coffee-of-hawaii-miramar-beach","/restaurants/bad-ass-coffee-of-hawaii","Miramar Beach","miramar-beach","Miramar Beach | US 98",,"{""subdivisions"":[{""code"":""FL"",""name"":""Florida"",""type"":""ADMINISTRATIVE_AREA_LEVEL_1""},{""code"":""Walton County"",""name"":""Walton County"",""type"":""ADMINISTRATIVE_AREA_LEVEL_2""},{""code"":""Miramar Beach"",""name"":""Miramar Beach"",""type"":""ADMINISTRATIVE_AREA_LEVEL_3""},{""code"":""US"",""name"":""United States"",""type"":""COUNTRY""}],""city"":""Miramar Beach"",""location"":{""latitude"":30.377236800000002,""longitude"":-86.3766168},""countryFullname"":""United States"",""streetAddress"":{""apt"":""Ste. A"",""name"":""Scenic Gulf Drive"",""number"":""1708""},""formatted"":""1708 Scenic Gulf Dr Ste. A, Miramar Beach, FL 32550"",""country"":""US"",""postalCode"":""32550"",""subdivision"":""FL""}","(850) 424-7804","https://badasscoffee.orderexperience.net/66f71b43f66b1f8f790a96ce/menu","$","Bad Ass Coffee of Hawaii is a casual cafe in Miramar Beach | US 98, useful for coffee, breakfast, or a quick daytime stop.","Mon: 6:00 AM – 5:00 PM; Tue: 6:00 AM – 5:00 PM; Wed: 6:00 AM – 5:00 PM; Thu: 6:00 AM – 5:00 PM; Fri: 6:00 AM – 5:00 PM; Sat: 6:00 AM – 5:00 PM; Sun: 6:00 AM – 5:00 PM","/restaurants1/",,,,"[""Fast Casual""]","[""American""]","[""Breakfast"",""Lunch""]","[""Coffee"",""Cafe""]","ChIJWRTHWIJbkYgRmodmqAE_Egs","[""In Review""]","[""In Review""]","[""In Review""]","[""In Review""]","[""In Review""]","[""No""]","[""Coming Soon""]",,,"[""Yes""]","[""Cafe / Coffee""]","Bad Ass Coffee of Hawaii Coffee Cafe American Fast Casual Miramar Beach Miramar Beach | US 98","f1826381-92b5-4417-ab2c-70a9e5f1052a",2026-05-16T20:53:08Z,2026-05-16T20:53:08Z,"de29ed44-ed1b-41d4-b93d-94f3e3c2dc4d","No",2026-05-16T20:53:08Z,
"PUBLISHED","Tony Larue's New Orleans Snoballs","tony-larue-s-new-orleans-snoballs-sandestin","/restaurants/tony-larue's-new-orleans-snoballs","Sandestin","sandestin","Baytowne Wharf | Sandestin",,"{""subdivisions"":[{""code"":""FL"",""name"":""Florida"",""type"":""ADMINISTRATIVE_AREA_LEVEL_1""},{""code"":""Walton County"",""name"":""Walton County"",""type"":""ADMINISTRATIVE_AREA_LEVEL_2""},{""code"":""Miramar Beach"",""name"":""Miramar Beach"",""type"":""ADMINISTRATIVE_AREA_LEVEL_3""},{""code"":""US"",""name"":""United States"",""type"":""COUNTRY""}],""city"":""Miramar Beach"",""location"":{""latitude"":30.389211300000003,""longitude"":-86.324984},""countryFullname"":""United States"",""streetAddress"":{""apt"":"""",""name"":""Cannery Lane"",""number"":""115""},""formatted"":""115 Cannery Ln, Miramar Beach, FL 32550"",""country"":""US"",""postalCode"":""32550"",""subdivision"":""FL""}","(850) 424-6934","https://www.baytownewharf.com/where_to_go.php?type=39","$","Tony Larue's New Orleans Snoballs is a dessert-focused stop in Baytowne Wharf | Sandestin, offering quick sweets and snacks for visitors and families. Google currently lists this business as permanently closed; verify before publishing.",,"/restaurants1/",,,,"[""Fast Casual""]","[""American""]","[""Desserts""]","[""Snowcones"",""Market""]","ChIJ65RJzbNekYgRd4kb1x80Ojk","[""In Review""]","[""In Review""]","[""In Review""]","[""In Review""]","[""In Review""]","[""No""]","[""Coming Soon""]","https://www.facebook.com/baytownewharf/","https://instagram.com/baytownewharf/","[""Yes""]","[""Dessert""]","Tony Larue's New Orleans Snoballs Snowcones Market American Fast Casual Sandestin Baytowne Wharf | Sandestin","f433d6d9-d88d-4d0b-b7ef-2d836ea82dce",2026-05-16T20:53:08Z,2026-05-16T20:53:08Z,"de29ed44-ed1b-41d4-b93d-94f3e3c2dc4d","No",2026-05-16T20:53:08Z,
"PUBLISHED","The Beef Jerky Outlet","the-beef-jerky-outlet-destin-commons","/restaurants/the-beef-jerky-outlet","Destin Commons","destin-commons","Destin Commons",,"{""subdivisions"":[{""code"":""FL"",""name"":""Florida"",""type"":""ADMINISTRATIVE_AREA_LEVEL_1""},{""code"":""Okaloosa County"",""name"":""Okaloosa County"",""type"":""ADMINISTRATIVE_AREA_LEVEL_2""},{""code"":""Destin"",""name"":""Destin"",""type"":""ADMINISTRATIVE_AREA_LEVEL_3""},{""code"":""US"",""name"":""United States"",""type"":""COUNTRY""}],""city"":""Destin"",""location"":{""latitude"":30.390727,""longitude"":-86.4231533},""countryFullname"":""United States"",""streetAddress"":{""apt"":"""",""name"":""Legendary Drive"",""number"":""4311""},""formatted"":""4311 Legendary Dr, Destin, FL 32541"",""country"":""US"",""postalCode"":""32541"",""subdivision"":""FL""}","(850) 460-2336","http://destinbeefjerky.com/","$","The Beef Jerky Outlet is a fast-casual restaurant in Destin Commons, convenient for a quick lunch, dinner, or takeout.","Mon: 10:00 AM – 8:00 PM; Tue: 10:00 AM – 8:00 PM; Wed: 10:00 AM – 8:00 PM; Thu: 10:00 AM – 8:00 PM; Fri: 10:00 AM – 9:00 PM; Sat: 10:00 AM – 9:00 PM; Sun: 11:00 AM – 7:00 PM","/restaurants1/",,,,"[""Fast Casual""]","[""American""]","[""Lunch""]","[""Market""]","ChIJg78h7VVDkYgRWr8TY6lszgc","[""In Review""]","[""In Review""]","[""In Review""]","[""No""]","[""In Review""]","[""No""]","[""Coming Soon""]",,,"[""Yes""]","[""Restaurant""]","The Beef Jerky Outlet Market American Fast Casual Destin Commons Destin Commons","f4b56e78-2845-482f-afc2-911eb3657b76",2026-05-16T20:53:08Z,2026-05-16T20:53:08Z,"de29ed44-ed1b-41d4-b93d-94f3e3c2dc4d","No",2026-05-16T20:53:08Z,
"PUBLISHED",,,"/restaurants/idyll-hounds-proper",,,,,,,,,,,"/restaurants1/",,,,,,,,,,,,,,,,,,,,,"f5cd2b0d-01b6-4dd7-a951-3c4284096300",2026-04-19T20:00:16Z,2026-05-16T20:53:54Z,"de29ed44-ed1b-41d4-b93d-94f3e3c2dc4d",,2026-04-19T20:00:16Z,
"PUBLISHED","Pepito's Mexican Restaurant Destin East","pepito-s-mexican-restaurant-destin-east-mid-destin","/restaurants/pepito's-mexican-restaurant-destin-east","Mid-Destin","mid-destin","Destin | US 98",,"{""subdivisions"":[{""code"":""FL"",""name"":""Florida"",""type"":""ADMINISTRATIVE_AREA_LEVEL_1""},{""code"":""Okaloosa County"",""name"":""Okaloosa County"",""type"":""ADMINISTRATIVE_AREA_LEVEL_2""},{""code"":""Destin"",""name"":""Destin"",""type"":""ADMINISTRATIVE_AREA_LEVEL_3""},{""code"":""US"",""name"":""United States"",""type"":""COUNTRY""}],""city"":""Destin"",""location"":{""latitude"":30.387097699999998,""longitude"":-86.4089621},""countryFullname"":""United States"",""streetAddress"":{""apt"":"""",""name"":""Emerald Coast Parkway"",""number"":""36112""},""formatted"":""36112 Emerald Coast Pkwy, Destin, FL 32541"",""country"":""US"",""postalCode"":""32541"",""subdivision"":""FL""}","(850) 269-7788","https://mypepitos.com/destin-best-mexican-restaurant-margaritas/","$$","Pepito's Mexican Restaurant Destin East serves Mexican-inspired food in Destin | US 98, with tacos and casual lunch or dinner options.","Mon: 11:00 AM – 10:00 PM; Tue: 11:00 AM – 10:00 PM; Wed: 11:00 AM – 10:00 PM; Thu: 11:00 AM – 10:00 PM; Fri: 11:00 AM – 10:30 PM; Sat: 11:00 AM – 10:30 PM; Sun: 11:00 AM – 10:00 PM","/restaurants1/",,,,"[""Casual Dining""]","[""Mexican""]","[""Lunch"",""Dinner""]","[""Tacos""]","ChIJD44IDn1bkYgR3-uVcfYJXgs","[""Yes""]","[""In Review""]","[""In Review""]","[""In Review""]","[""In Review""]","[""No""]","[""Coming Soon""]","https://www.facebook.com/Pepitosfortwaltonbeach/","https://www.instagram.com/pepitosdestineast/","[""Yes""]","[""Restaurant""]","Pepito's Mexican Restaurant Destin East Tacos Mexican Casual Dining Mid-Destin Destin | US 98","f5cedd87-f4d6-4565-ba34-009613c3b68c",2026-05-16T20:53:08Z,2026-05-16T20:53:08Z,"de29ed44-ed1b-41d4-b93d-94f3e3c2dc4d","No",2026-05-16T20:53:08Z,
"PUBLISHED",,,"/restaurants/chiringo",,,,,,,,,,,"/restaurants1/",,,,,,,,,,,,,,,,,,,,,"f8289c1a-3b5a-4110-bd27-1e1bb102998d",2026-04-19T20:00:16Z,2026-05-16T20:53:54Z,"de29ed44-ed1b-41d4-b93d-94f3e3c2dc4d",,2026-04-19T20:00:16Z,
"PUBLISHED",,,"/restaurants/barefoot-bbq",,,,,,,,,,,"/restaurants1/",,,,,,,,,,,,,,,,,,,,,"f8714d46-c20e-4ae6-b443-2f0330a9f105",2026-04-19T20:00:16Z,2026-05-16T20:53:54Z,"de29ed44-ed1b-41d4-b93d-94f3e3c2dc4d",,2026-04-19T20:00:16Z,
"PUBLISHED","Boathouse Oyster Bar","boathouse-oyster-bar-destin-harbor","/restaurants/boathouse-oyster-bar","Destin Harbor","destin-harbor","Destin Harbor",,"{""subdivisions"":[{""code"":""FL"",""name"":""Florida"",""type"":""ADMINISTRATIVE_AREA_LEVEL_1""},{""code"":""Okaloosa County"",""name"":""Okaloosa County"",""type"":""ADMINISTRATIVE_AREA_LEVEL_2""},{""code"":""Destin"",""name"":""Destin"",""type"":""ADMINISTRATIVE_AREA_LEVEL_3""},{""code"":""US"",""name"":""United States"",""type"":""COUNTRY""}],""city"":""Destin"",""location"":{""latitude"":30.392822999999996,""longitude"":-86.505696},""countryFullname"":""United States"",""streetAddress"":{""apt"":"""",""name"":""Harbor Boulevard"",""number"":""288""},""formatted"":""288 Harbor Blvd, Destin, FL 32541"",""country"":""US"",""postalCode"":""32541"",""subdivision"":""FL""}","(850) 837-3645","http://www.boathouseoysterbardestin.com/","$$","Boathouse Oyster Bar is a casual bar and restaurant in Destin Harbor with seafood-focused dishes and a relaxed coastal atmosphere.","Mon: 11:00 AM – 12:00 AM; Tue: 11:00 AM – 12:00 AM; Wed: 11:00 AM – 12:00 AM; Thu: 11:00 AM – 12:00 AM; Fri: 11:00 AM – 12:00 AM; Sat: 11:00 AM – 12:00 AM; Sun: 11:00 AM – 12:00 AM","/restaurants1/",,,,"[""Casual Dining"",""Bar""]","[""Seafood"",""American""]","[""Lunch"",""Dinner""]","[""Oyster Bar"",""Seafood""]","ChIJK67d9lNBkYgRWNqmmUSHXjI","[""Yes""]","[""In Review""]","[""Yes""]","[""Yes""]","[""In Review""]","[""No""]","[""Coming Soon""]","https://www.facebook.com/BoathouseOystersDestin/","https://www.instagram.com/boathouseoysterbar/","[""Yes""]","[""Bar & Restaurant""]","Boathouse Oyster Bar Oyster Bar Seafood Seafood American Casual Dining Bar Destin Harbor Destin Harbor","f89a3326-0184-4a3b-9878-716efe06db8a",2026-05-16T20:53:08Z,2026-05-16T20:53:08Z,"de29ed44-ed1b-41d4-b93d-94f3e3c2dc4d","Yes",2026-05-16T20:53:08Z,
"PUBLISHED",,,"/restaurants/crackings",,,,,,,,,,,"/restaurants1/",,,,,,,,,,,,,,,,,,,,,"f8ef8631-26f1-4278-a39e-f35a9d42fed8",2026-04-19T20:00:16Z,2026-05-16T20:53:54Z,"de29ed44-ed1b-41d4-b93d-94f3e3c2dc4d",,2026-04-19T20:00:16Z,
"PUBLISHED","Mama Clemenza's","mama-clemenza-s-miramar-beach","/restaurants/mama-clemenza's","Miramar Beach","miramar-beach","Miramar Beach",,"{""subdivisions"":[{""code"":""FL"",""name"":""Florida"",""type"":""ADMINISTRATIVE_AREA_LEVEL_1""},{""code"":""Walton County"",""name"":""Walton County"",""type"":""ADMINISTRATIVE_AREA_LEVEL_2""},{""code"":""Miramar Beach"",""name"":""Miramar Beach"",""type"":""ADMINISTRATIVE_AREA_LEVEL_3""},{""code"":""US"",""name"":""United States"",""type"":""COUNTRY""}],""city"":""Miramar Beach"",""location"":{""latitude"":30.384303799999998,""longitude"":-86.3765422},""countryFullname"":""United States"",""streetAddress"":{""apt"":"""",""name"":""U.S. 98"",""number"":""12273""},""formatted"":""12273 US-98, Miramar Beach, FL 32550"",""country"":""US"",""postalCode"":""32550"",""subdivision"":""FL""}","(850) 650-5980","https://www.fatclemenzasmenu.com/?utm_source=gbp","$$","Mama Clemenza's is a breakfast and lunch spot in Miramar Beach, good for a casual morning meal, brunch, or daytime bite.","Mon: 11:00 AM – 2:00 PM, 5:00 – 9:30 PM; Tue: 11:00 AM – 2:00 PM, 5:00 – 9:30 PM; Wed: 11:00 AM – 2:00 PM, 5:00 – 9:30 PM; Thu: 11:00 AM – 2:00 PM, 5:00 – 9:30 PM; Fri: 11:00 AM – 2:00 PM, 5:00 – 10:00 PM; Sat: 5:00 – 10:00 PM; Sun: Closed","/restaurants1/",,,,"[""Casual Dining""]","[""Italian""]","[""Breakfast"",""Lunch""]","[""Breakfast Spot"",""Pasta""]","ChIJ4Yd1GIBbkYgR2PiJO1Ele6A","[""In Review""]","[""In Review""]","[""In Review""]","[""In Review""]","[""In Review""]","[""In Review""]","[""Coming Soon""]",,,"[""Yes""]","[""Restaurant""]","Mama Clemenza's Breakfast Spot Pasta Italian Casual Dining Miramar Beach Miramar Beach","f8f0c351-33c6-487b-9fa8-261404eed8a3",2026-05-16T20:53:08Z,2026-05-16T20:53:08Z,"de29ed44-ed1b-41d4-b93d-94f3e3c2dc4d","No",2026-05-16T20:53:08Z,
"PUBLISHED","Harry T's Lighthouse","harry-t-s-lighthouse-destin-harbor","/restaurants/harry-t's-lighthouse","Destin Harbor","destin-harbor","HarborWalk Village | Destin",,"{""subdivisions"":[{""code"":""FL"",""name"":""Florida"",""type"":""ADMINISTRATIVE_AREA_LEVEL_1""},{""code"":""Okaloosa County"",""name"":""Okaloosa County"",""type"":""ADMINISTRATIVE_AREA_LEVEL_2""},{""code"":""Destin"",""name"":""Destin"",""type"":""ADMINISTRATIVE_AREA_LEVEL_3""},{""code"":""US"",""name"":""United States"",""type"":""COUNTRY""}],""city"":""Destin"",""location"":{""latitude"":30.394175,""longitude"":-86.512469},""countryFullname"":""United States"",""streetAddress"":{""apt"":"""",""name"":""Harbor Boulevard"",""number"":""46""},""formatted"":""46 Harbor Blvd, Destin, FL 32541"",""country"":""US"",""postalCode"":""32541"",""subdivision"":""FL""}","(850) 654-4800","http://www.harryts.com/","$$","Harry T's Lighthouse is a casual bar and restaurant in HarborWalk Village | Destin with seafood-focused dishes and a relaxed coastal atmosphere.","Mon: 10:00 AM – 9:00 PM; Tue: 10:00 AM – 9:00 PM; Wed: 10:00 AM – 9:00 PM; Thu: 10:00 AM – 9:00 PM; Fri: 10:00 AM – 10:00 PM; Sat: 9:00 AM – 10:00 PM; Sun: 9:00 AM – 9:00 PM","/restaurants1/",,,,"[""Casual Dining"",""Bar""]","[""Seafood"",""American""]","[""Breakfast"",""Lunch"",""Dinner""]","[""Seafood"",""Burgers""]","ChIJiVUmC05BkYgRWWmAI9qOLTc","[""Yes""]","[""In Review""]","[""In Review""]","[""Yes""]","[""In Review""]","[""No""]","[""Coming Soon""]",,"https://www.instagram.com/harrytslighthouse/","[""Yes""]","[""Bar & Restaurant""]","Harry T's Lighthouse Seafood Burgers Seafood American Casual Dining Bar Destin Harbor HarborWalk Village | Destin","f8faa162-ffb9-448c-a7bc-eed614df0331",2026-05-16T20:53:08Z,2026-05-16T20:53:08Z,"de29ed44-ed1b-41d4-b93d-94f3e3c2dc4d","Yes",2026-05-16T20:53:08Z,
"PUBLISHED","Beach Walk Cafe","beach-walk-cafe-crystal-beach","/restaurants/beach-walk-cafe","Crystal Beach","crystal-beach","Crystal Beach | Henderson Park Inn",,"{""subdivisions"":[{""code"":""FL"",""name"":""Florida"",""type"":""ADMINISTRATIVE_AREA_LEVEL_1""},{""code"":""Okaloosa County"",""name"":""Okaloosa County"",""type"":""ADMINISTRATIVE_AREA_LEVEL_2""},{""code"":""Destin"",""name"":""Destin"",""type"":""ADMINISTRATIVE_AREA_LEVEL_3""},{""code"":""US"",""name"":""United States"",""type"":""COUNTRY""}],""city"":""Destin"",""location"":{""latitude"":30.3827054,""longitude"":-86.431813},""countryFullname"":""United States"",""streetAddress"":{""apt"":"""",""name"":""Scenic Highway 98"",""number"":""2700""},""formatted"":""2700 Scenic Hwy 98, Destin, FL 32541"",""country"":""US"",""postalCode"":""32541"",""subdivision"":""FL""}","(850) 650-7100","https://www.hendersonparkinn.com/dine/beachwalk-cafe/","$$$","Beach Walk Cafe offers a polished dining experience in Crystal Beach | Henderson Park Inn, suited for a nicer dinner, date night, or special occasion.","Mon: 7:00 – 10:00 AM, 11:00 AM – 3:00 PM, 5:00 – 9:00 PM; Tue: 7:30 – 10:00 AM, 11:00 AM – 3:00 PM, 5:00 – 9:00 PM; Wed: 7:30 – 10:00 AM, 11:00 AM – 3:00 PM, 5:00 – 9:00 PM; Thu: 7:30 – 10:00 AM, 11:00 AM – 3:00 PM, 5:00 – 9:00 PM; Fri: 7:30 – 10:00 AM, 11:00 AM – 3:00 PM, 5:00 – 9:00 PM; Sat: 7:30 – 10:00 AM, 11:00 AM – 3:00 PM, 5:00 – 9:00 PM; Sun: 7:00 – 10:00 AM, 11:00 AM – 3:00 PM, 5:00 – 9:00 PM","/restaurants1/",,,,"[""Fine Dining""]","[""American"",""Seafood""]","[""Lunch"",""Dinner""]","[""Seafood"",""Steak""]","ChIJOx9Xa6ZEkYgR3tKNAYTZ6Cc","[""In Review""]","[""In Review""]","[""In Review""]","[""Yes""]","[""In Review""]","[""Yes""]","[""Coming Soon""]","https://www.facebook.com/HendersonParkInn/","https://www.instagram.com/hendersonparkinn/","[""No""]","[""Restaurant""]","Beach Walk Cafe Seafood Steak American Seafood Fine Dining Crystal Beach Crystal Beach | Henderson Park Inn","f9d2b76f-a345-4229-8649-874e704140bb",2026-05-16T20:53:08Z,2026-05-16T20:53:08Z,"de29ed44-ed1b-41d4-b93d-94f3e3c2dc4d","Yes",2026-05-16T20:53:08Z,
"PUBLISHED","Marina Cafe","marina-cafe-destin-harbor","/restaurants/marina-cafe","Destin Harbor","destin-harbor","Destin Harbor",,"{""subdivisions"":[{""code"":""FL"",""name"":""Florida"",""type"":""ADMINISTRATIVE_AREA_LEVEL_1""},{""code"":""Okaloosa County"",""name"":""Okaloosa County"",""type"":""ADMINISTRATIVE_AREA_LEVEL_2""},{""code"":""Destin"",""name"":""Destin"",""type"":""ADMINISTRATIVE_AREA_LEVEL_3""},{""code"":""US"",""name"":""United States"",""type"":""COUNTRY""}],""city"":""Destin"",""location"":{""latitude"":30.3925077,""longitude"":-86.50091379999999},""countryFullname"":""United States"",""streetAddress"":{""apt"":"""",""name"":""Harbor Boulevard"",""number"":""404""},""formatted"":""404 Harbor Blvd, Destin, FL 32541"",""country"":""US"",""postalCode"":""32541"",""subdivision"":""FL""}","(850) 837-7960","http://www.marinacafe.com/","$$$","Marina Cafe offers a polished dining experience in Destin Harbor, suited for a nicer dinner, date night, or special occasion.","Mon: 5:00 – 9:00 PM; Tue: 5:00 – 9:00 PM; Wed: 5:00 – 9:00 PM; Thu: 5:00 – 9:00 PM; Fri: 5:00 – 9:00 PM; Sat: 5:00 – 9:00 PM; Sun: 5:00 – 9:00 PM","/restaurants1/",,,,"[""Fine Dining"",""Bar""]","[""Seafood"",""American""]","[""Lunch"",""Dinner""]","[""Seafood"",""Steak""]","ChIJocc5vVVBkYgRmaZ0uDV5J7c","[""Yes""]","[""Yes""]","[""In Review""]","[""Yes""]","[""In Review""]","[""Yes""]","[""Coming Soon""]",,,"[""No""]","[""Bar & Restaurant""]","Marina Cafe Seafood Steak Seafood American Fine Dining Bar Destin Harbor Destin Harbor","faa82104-c908-415e-8508-9f5669b633ce",2026-05-16T20:53:08Z,2026-05-16T20:53:08Z,"de29ed44-ed1b-41d4-b93d-94f3e3c2dc4d","Yes",2026-05-16T20:53:08Z,
"PUBLISHED","Graffiti Pizza","graffiti-pizza-destin-commons","/restaurants/graffiti-pizza","Destin Commons","destin-commons","Destin Commons",,"{""subdivisions"":[{""code"":""FL"",""name"":""Florida"",""type"":""ADMINISTRATIVE_AREA_LEVEL_1""},{""code"":""Okaloosa County"",""name"":""Okaloosa County"",""type"":""ADMINISTRATIVE_AREA_LEVEL_2""},{""code"":""Destin"",""name"":""Destin"",""type"":""ADMINISTRATIVE_AREA_LEVEL_3""},{""code"":""US"",""name"":""United States"",""type"":""COUNTRY""}],""city"":""Destin"",""location"":{""latitude"":30.3899019,""longitude"":-86.4246958},""countryFullname"":""United States"",""streetAddress"":{""apt"":"""",""name"":""Legendary Drive"",""number"":""4287""},""formatted"":""4287 Legendary Dr, Destin, FL 32541"",""country"":""US"",""postalCode"":""32541"",""subdivision"":""FL""}","(850) 842-2505","https://www.destingraffitipizza.com/","$$","Graffiti Pizza is a casual pizza restaurant in Destin Commons, useful for family meals, groups, or easy takeout.","Mon: 11:00 AM – 9:00 PM; Tue: 11:00 AM – 9:00 PM; Wed: 11:00 AM – 9:00 PM; Thu: 11:00 AM – 9:00 PM; Fri: 11:00 AM – 10:00 PM; Sat: 11:00 AM – 10:00 PM; Sun: 11:00 AM – 9:00 PM","/restaurants1/",,,,"[""Casual Dining""]","[""Italian""]","[""Lunch"",""Dinner""]","[""Pizza""]","ChIJlfLplxVDkYgRaWESTESfSdA","[""In Review""]","[""In Review""]","[""In Review""]","[""Yes""]","[""In Review""]","[""No""]","[""Coming Soon""]","https://www.facebook.com/people/Graffiti-Pizza-Destin/61575748296243/","https://www.instagram.com/graffiti_pizza/","[""Yes""]","[""Restaurant""]","Graffiti Pizza Pizza Italian Casual Dining Destin Commons Destin Commons","fafebb5d-53be-4772-a451-e4f20461e227",2026-05-16T20:53:08Z,2026-05-16T20:53:08Z,"de29ed44-ed1b-41d4-b93d-94f3e3c2dc4d","No",2026-05-16T20:53:08Z,
"PUBLISHED",,,"/restaurants/fonville-press-market-%26-caf%C3%A9",,,,,,,,,,,"/restaurants1/",,,,,,,,,,,,,,,,,,,,,"fb54f03a-6034-4951-a0da-910e10e0526d",2026-04-19T20:00:16Z,2026-05-16T20:53:54Z,"de29ed44-ed1b-41d4-b93d-94f3e3c2dc4d",,2026-04-19T20:00:16Z,
"PUBLISHED","Another Broken Egg Cafe Destin Commons","another-broken-egg-cafe-destin-commons-destin-commons","/restaurants/another-broken-egg-cafe-destin-commons","Destin Commons","destin-commons","Destin Commons",,"{""subdivisions"":[{""code"":""FL"",""name"":""Florida"",""type"":""ADMINISTRATIVE_AREA_LEVEL_1""},{""code"":""Okaloosa County"",""name"":""Okaloosa County"",""type"":""ADMINISTRATIVE_AREA_LEVEL_2""},{""code"":""Destin"",""name"":""Destin"",""type"":""ADMINISTRATIVE_AREA_LEVEL_3""},{""code"":""US"",""name"":""United States"",""type"":""COUNTRY""}],""city"":""Destin"",""location"":{""latitude"":30.390385799999997,""longitude"":-86.4246488},""countryFullname"":""United States"",""streetAddress"":{""apt"":""j118"",""name"":""Legendary Drive"",""number"":""4289""},""formatted"":""4289 Legendary Dr j118, Destin, FL 32541"",""country"":""US"",""postalCode"":""32541"",""subdivision"":""FL""}","(850) 279-4266","https://www.anotherbrokenegg.com/locations/destin-fl/","$$","Another Broken Egg Cafe Destin Commons is a breakfast and lunch spot in Destin Commons, good for a casual morning meal, brunch, or daytime bite.","Mon: 7:00 AM – 2:00 PM; Tue: 7:00 AM – 2:00 PM; Wed: 7:00 AM – 2:00 PM; Thu: 7:00 AM – 2:00 PM; Fri: 7:00 AM – 2:00 PM; Sat: 7:00 AM – 2:00 PM; Sun: 7:00 AM – 2:00 PM","/restaurants1/",,,,"[""Casual Dining""]","[""American""]","[""Breakfast"",""Lunch""]","[""Breakfast Spot""]","ChIJueEos4FDkYgRROZo1k2NsgQ","[""In Review""]","[""In Review""]","[""In Review""]","[""Yes""]","[""In Review""]","[""No""]","[""Coming Soon""]","https://www.facebook.com/AnotherBrokenEgg/","https://www.instagram.com/anotherbrokenegg/","[""Yes""]","[""Restaurant""]","Another Broken Egg Cafe Destin Commons Breakfast Spot American Casual Dining Destin Commons Destin Commons","fbce1dec-9124-4c59-85c9-0531591179bc",2026-05-16T20:53:08Z,2026-05-16T20:53:08Z,"de29ed44-ed1b-41d4-b93d-94f3e3c2dc4d","No",2026-05-16T20:53:08Z,
"PUBLISHED","Everkrisp","everkrisp-grand-boulevard","/restaurants/everkrisp","Grand Boulevard","grand-boulevard","Grand Boulevard | Sandestin",,"{""subdivisions"":[{""code"":""FL"",""name"":""Florida"",""type"":""ADMINISTRATIVE_AREA_LEVEL_1""},{""code"":""Walton County"",""name"":""Walton County"",""type"":""ADMINISTRATIVE_AREA_LEVEL_2""},{""code"":""Miramar Beach"",""name"":""Miramar Beach"",""type"":""ADMINISTRATIVE_AREA_LEVEL_3""},{""code"":""US"",""name"":""United States"",""type"":""COUNTRY""}],""city"":""Miramar Beach"",""location"":{""latitude"":30.379078200000002,""longitude"":-86.31216649999999},""countryFullname"":""United States"",""streetAddress"":{""apt"":""107-E"",""name"":""Grand Boulevard"",""number"":""625""},""formatted"":""625 Grand Blvd #107-E, Miramar Beach, FL 32550"",""country"":""US"",""postalCode"":""32550"",""subdivision"":""FL""}","(850) 842-4504","http://everkrisp.com/","$$","Everkrisp is a fast-casual restaurant in Grand Boulevard | Sandestin, convenient for a quick lunch, dinner, or takeout.","Mon: 10:00 AM – 8:00 PM; Tue: 10:00 AM – 8:00 PM; Wed: 10:00 AM – 8:00 PM; Thu: 10:00 AM – 8:00 PM; Fri: 10:00 AM – 8:00 PM; Sat: 10:00 AM – 8:00 PM; Sun: 11:00 AM – 7:00 PM","/restaurants1/",,,,"[""Fast Casual""]","[""American""]","[""Lunch"",""Dinner""]","[""Juice & Bowls""]","ChIJucFV9jNZkYgR5z9_koSidxk","[""No""]","[""No""]","[""In Review""]","[""Yes""]","[""In Review""]","[""No""]","[""Coming Soon""]","https://www.facebook.com/229758974178620/","https://www.instagram.com/everkrisp/","[""Yes""]","[""Restaurant""]","Everkrisp Juice & Bowls American Fast Casual Grand Boulevard Grand Boulevard | Sandestin","ffd15975-ac6b-45cf-9531-49cd4569901b",2026-05-16T20:53:08Z,2026-05-16T20:53:08Z,"de29ed44-ed1b-41d4-b93d-94f3e3c2dc4d","No",2026-05-16T20:53:08Z,
